sector,icsea
Catholic,1060.0
Independent,1154.0
Independent,1011.0
Catholic,977.0
Catholic,1033.0
Independent,1051.0
Catholic,1004.0
Independent,1094.0
Catholic,889.0
Catholic,1014.0
Catholic,987.0
Catholic,1003.0
Catholic,954.0
Catholic,1026.0
Catholic,889.0
Catholic,969.0
Catholic,983.0
Catholic,1035.0
Catholic,1010.0
Catholic,969.0
Catholic,902.0
Catholic,1069.0
Catholic,975.0
Catholic,1035.0
Independent,1012.0
Catholic,939.0
Catholic,1024.0
Independent,1149.0
Independent,1140.0
Independent,1113.0
Independent,1070.0
Independent,1011.0
Independent,985.0
Independent,1125.0
Independent,1119.0
Catholic,968.0
Independent,1143.0
Independent,1003.0
Catholic,1033.0
Catholic,895.0
Independent,903.0
Independent,1059.0
Government,886.0
Government,924.0
Government,939.0
Government,829.0
Government,908.0
Government,885.0
Government,921.0
Government,915.0
Government,922.0
Government,867.0
Government,863.0
Government,916.0
Government,901.0
Government,873.0
Government,893.0
Government,932.0
Government,890.0
Government,881.0
Government,914.0
Government,845.0
Government,958.0
Government,928.0
Government,883.0
Government,951.0
Government,911.0
Government,936.0
Government,970.0
Government,941.0
Government,950.0
Government,1000.0
Government,963.0
Government,958.0
Government,1009.0
Government,849.0
Government,924.0
Government,1119.0
Government,930.0
Government,859.0
Government,1011.0
Government,880.0
Government,938.0
Government,925.0
Government,925.0
Government,982.0
Government,949.0
Government,939.0
Catholic,1038.0
Government,1133.0
Government,1075.0
Government,1112.0
Government,1130.0
Government,1138.0
Government,1137.0
Government,1150.0
Government,1135.0
Government,1149.0
Government,1107.0
Government,1080.0
Government,1057.0
Government,973.0
Government,861.0
Government,942.0
Government,918.0
Government,965.0
Government,956.0
Government,995.0
Government,1060.0
Government,875.0
Government,1060.0
Government,1021.0
Government,1057.0
Government,1081.0
Government,904.0
Government,754.0
Government,860.0
Government,1037.0
Government,1060.0
Government,1021.0
Government,900.0
Government,1000.0
Government,909.0
Government,968.0
Government,956.0
Government,1002.0
Government,1035.0
Government,1014.0
Government,1005.0
Government,992.0
Government,1041.0
Government,979.0
Government,1029.0
Government,1046.0
Government,1007.0
Government,1002.0
Government,1029.0
Government,1018.0
Government,927.0
Government,969.0
Government,1045.0
Government,870.0
Government,1036.0
Government,958.0
Government,858.0
Government,918.0
Government,973.0
Government,881.0
Government,939.0
Government,999.0
Government,918.0
Government,988.0
Government,950.0
Government,972.0
Government,921.0
Government,965.0
Government,945.0
Government,950.0
Government,931.0
Government,921.0
Government,956.0
Government,876.0
Government,914.0
Government,834.0
Government,1025.0
Government,912.0
Government,950.0
Government,921.0
Government,946.0
Government,927.0
Government,945.0
Government,914.0
Government,943.0
Government,835.0
Government,960.0
Government,984.0
Government,984.0
Government,885.0
Government,981.0
Government,866.0
Government,922.0
Government,911.0
Government,921.0
Government,923.0
Government,903.0
Government,984.0
Government,847.0
Government,976.0
Government,910.0
Government,884.0
Government,932.0
Government,889.0
Government,894.0
Government,984.0
Government,891.0
Government,935.0
Government,919.0
Independent,1128.0
Independent,979.0
Catholic,1046.0
Independent,1009.0
Catholic,984.0
Independent,942.0
Catholic,1018.0
Catholic,1077.0
Catholic,1017.0
Government,981.0
Government,972.0
Government,1082.0
Independent,970.0
Government,924.0
Independent,1080.0
Catholic,1024.0
Independent,1048.0
Government,893.0
Catholic,1014.0
Catholic,1020.0
Catholic,1006.0
Government,703.0
Government,948.0
Independent,1088.0
Independent,1133.0
Government,931.0
Independent,1011.0
Independent,981.0
Independent,952.0
Independent,1092.0
Independent,1014.0
Independent,1074.0
Independent,1053.0
Independent,1078.0
Independent,1082.0
Government,963.0
Government,1032.0
Independent,1062.0
Government,1060.0
Government,951.0
Independent,1090.0
Government,1141.0
Government,1041.0
Government,1073.0
Government,1131.0
Government,1088.0
Government,1116.0
Government,990.0
Government,989.0
Government,1052.0
Government,1087.0
Independent,1127.0
Independent,1142.0
Independent,1080.0
Government,1050.0
Government,837.0
Government,879.0
Independent,997.0
Catholic,968.0
Catholic,1035.0
Catholic,1025.0
Catholic,1028.0
Catholic,983.0
Catholic,979.0
Catholic,957.0
Catholic,974.0
Catholic,1076.0
Catholic,1077.0
Independent,1079.0
Catholic,1083.0
Independent,1096.0
Independent,1187.0
Independent,1141.0
Catholic,1096.0
Catholic,991.0
Catholic,1127.0
Catholic,740.0
Independent,1164.0
Independent,929.0
Independent,1037.0
Independent,1065.0
Catholic,1084.0
Independent,1132.0
Independent,1089.0
Independent,1018.0
Independent,1100.0
Independent,1090.0
Independent,1054.0
Catholic,1028.0
Independent,1141.0
Independent,1032.0
Catholic,1055.0
Government,978.0
Government,1041.0
Government,1112.0
Government,943.0
Government,1093.0
Government,928.0
Government,894.0
Government,771.0
Government,1052.0
Government,974.0
Government,1094.0
Government,986.0
Government,996.0
Government,987.0
Government,964.0
Government,991.0
Government,962.0
Government,1073.0
Independent,989.0
Government,974.0
Government,1143.0
Government,1140.0
Government,1129.0
Government,1098.0
Government,1144.0
Government,949.0
Government,895.0
Government,1027.0
Government,1022.0
Government,1047.0
Government,999.0
Government,1058.0
Government,1088.0
Government,1097.0
Government,816.0
Government,980.0
Government,1100.0
Government,1076.0
Government,950.0
Government,898.0
Government,977.0
Government,884.0
Government,994.0
Government,977.0
Government,946.0
Government,928.0
Government,1003.0
Government,976.0
Government,937.0
Government,887.0
Government,988.0
Government,1000.0
Government,1024.0
Government,994.0
Independent,1071.0
Independent,677.0
Catholic,1059.0
Catholic,1089.0
Catholic,1023.0
Government,1106.0
Catholic,1043.0
Government,983.0
Government,923.0
Government,1038.0
Government,906.0
Catholic,1020.0
Government,907.0
Government,1016.0
Government,1033.0
Government,1108.0
Government,847.0
Independent,832.0
Government,1003.0
Government,1011.0
Government,977.0
Government,826.0
Government,871.0
Government,1057.0
Government,871.0
Government,870.0
Government,880.0
Government,894.0
Government,757.0
Independent,1079.0
Independent,960.0
Government,988.0
Independent,987.0
Government,1022.0
Government,1101.0
Catholic,1009.0
Independent,986.0
Independent,1079.0
Government,720.0
Government,962.0
Government,754.0
Government,1131.0
Government,1017.0
Independent,1094.0
Independent,1115.0
Government,903.0
Government,1045.0
Independent,1092.0
Government,939.0
Government,973.0
Government,1055.0
Government,929.0
Catholic,1028.0
Government,869.0
Government,889.0
Independent,1008.0
Independent,1054.0
Independent,949.0
Government,695.0
Government,943.0
Government,883.0
Catholic,1013.0
Government,1038.0
Government,954.0
Government,1220.0
Government,820.0
Government,866.0
Government,887.0
Catholic,943.0
Government,844.0
Independent,898.0
Independent,902.0
Government,1099.0
Catholic,998.0
Government,1024.0
Government,1128.0
Government,742.0
Independent,972.0
Independent,978.0
Catholic,996.0
Independent,1026.0
Catholic,1040.0
Government,1109.0
Independent,1043.0
Independent,950.0
Independent,1186.0
Independent,1027.0
Government,1127.0
Government,1033.0
Government,969.0
Catholic,1105.0
Independent,1102.0
Independent,957.0
Government,595.0
Catholic,1090.0
Government,889.0
Government,903.0
Government,896.0
Independent,1067.0
Independent,1006.0
Independent,1179.0
Independent,888.0
Independent,912.0
Independent,493.0
Independent,1165.0
Government,933.0
Catholic,763.0
Catholic,1056.0
Independent,1077.0
Catholic,1036.0
Independent,1016.0
Catholic,992.0
Independent,1025.0
Independent,736.0
Independent,1025.0
Catholic,1049.0
Independent,1109.0
Catholic,1018.0
Independent,1049.0
Independent,950.0
Catholic,1102.0
Government,903.0
Government,1113.0
Government,1145.0
Government,1148.0
Government,1111.0
Government,1096.0
Government,1032.0
Government,1156.0
Government,1051.0
Government,1132.0
Government,1049.0
Government,1120.0
Government,1062.0
Government,1064.0
Government,1176.0
Government,1132.0
Government,1082.0
Government,1088.0
Government,1041.0
Government,1064.0
Government,1038.0
Government,1161.0
Government,1071.0
Government,1088.0
Government,1154.0
Government,1064.0
Government,1030.0
Government,1135.0
Government,1137.0
Government,1107.0
Government,1059.0
Government,1082.0
Government,1161.0
Government,1094.0
Government,1176.0
Government,1091.0
Government,1125.0
Government,1056.0
Government,1102.0
Government,1077.0
Government,1117.0
Government,1120.0
Government,1010.0
Government,1071.0
Government,1087.0
Government,1030.0
Government,920.0
Government,1068.0
Government,1055.0
Government,1035.0
Government,1046.0
Government,1036.0
Government,1024.0
Government,1096.0
Government,1132.0
Government,1151.0
Government,1126.0
Government,1132.0
Government,1043.0
Government,1061.0
Government,1122.0
Government,1053.0
Government,1145.0
Government,1099.0
Government,1060.0
Government,1167.0
Government,1101.0
Government,1038.0
Government,1043.0
Government,1088.0
Government,1092.0
Government,1145.0
Government,1031.0
Government,1003.0
Government,1098.0
Government,1093.0
Government,1095.0
Government,1054.0
Government,1067.0
Government,1123.0
Government,1099.0
Government,1132.0
Government,1073.0
Government,1062.0
Government,1039.0
Government,1149.0
Government,1001.0
Government,1109.0
Government,1085.0
Government,1113.0
Government,1114.0
Government,1096.0
Government,1070.0
Government,1090.0
Government,1150.0
Government,1086.0
Government,1086.0
Government,1081.0
Government,1023.0
Government,1056.0
Government,1047.0
Government,934.0
Government,1050.0
Government,1069.0
Government,1113.0
Government,1046.0
Government,1093.0
Government,1155.0
Government,1079.0
Government,1084.0
Government,1155.0
Government,1101.0
Government,1057.0
Government,1081.0
Government,954.0
Government,1061.0
Government,1121.0
Government,1075.0
Government,1063.0
Government,1102.0
Government,1099.0
Government,1137.0
Government,1090.0
Government,1046.0
Government,1077.0
Government,1135.0
Government,968.0
Government,1085.0
Government,1094.0
Government,1037.0
Government,1038.0
Government,1125.0
Government,1072.0
Government,890.0
Government,1055.0
Government,956.0
Government,1036.0
Government,999.0
Government,1039.0
Government,1025.0
Government,1018.0
Government,975.0
Government,851.0
Government,1028.0
Government,1172.0
Government,1005.0
Government,1139.0
Government,1135.0
Government,1119.0
Government,1077.0
Government,1029.0
Government,1156.0
Government,1058.0
Government,982.0
Government,1122.0
Government,1128.0
Government,1140.0
Government,1155.0
Government,1162.0
Government,1138.0
Government,1193.0
Government,1018.0
Government,1148.0
Government,1189.0
Government,1193.0
Government,1136.0
Government,1194.0
Government,1086.0
Government,1002.0
Government,1050.0
Government,1043.0
Government,1172.0
Government,1025.0
Government,1028.0
Government,986.0
Government,930.0
Government,1050.0
Government,987.0
Government,1038.0
Government,1037.0
Government,993.0
Government,1048.0
Government,1040.0
Government,1008.0
Government,1051.0
Government,1063.0
Government,1092.0
Government,1039.0
Government,1112.0
Government,1176.0
Government,1096.0
Government,1104.0
Government,1127.0
Government,1052.0
Government,1037.0
Government,1107.0
Government,1052.0
Government,1046.0
Government,1032.0
Government,1059.0
Government,1017.0
Government,1074.0
Government,1092.0
Government,1051.0
Government,1038.0
Government,1022.0
Government,1065.0
Government,1167.0
Government,1102.0
Government,1165.0
Government,1187.0
Government,1085.0
Government,1145.0
Government,1064.0
Government,1075.0
Government,1168.0
Government,1128.0
Government,1063.0
Government,1028.0
Government,1102.0
Government,1147.0
Government,1131.0
Government,1117.0
Government,1123.0
Government,1042.0
Government,1129.0
Government,1108.0
Government,1055.0
Government,1175.0
Government,1137.0
Government,1041.0
Government,1149.0
Government,1040.0
Government,1178.0
Government,1162.0
Government,1167.0
Government,1147.0
Government,1007.0
Government,1162.0
Government,1096.0
Government,1091.0
Government,1169.0
Government,1093.0
Government,1139.0
Government,1181.0
Government,1137.0
Government,1144.0
Government,1143.0
Government,1134.0
Government,1114.0
Government,1172.0
Government,1096.0
Government,1123.0
Government,1117.0
Government,1100.0
Government,1170.0
Government,1148.0
Government,1170.0
Government,1143.0
Government,1096.0
Government,1177.0
Government,1111.0
Government,1176.0
Government,1094.0
Government,1059.0
Government,1156.0
Government,1087.0
Government,1181.0
Government,1127.0
Government,1095.0
Government,1098.0
Government,1076.0
Government,1163.0
Government,1148.0
Government,1167.0
Government,1116.0
Government,1150.0
Government,1151.0
Government,1164.0
Government,1109.0
Government,1099.0
Government,1169.0
Government,1163.0
Government,1143.0
Government,1141.0
Government,1129.0
Government,1152.0
Government,1119.0
Government,1083.0
Government,1133.0
Government,1144.0
Government,1174.0
Government,1087.0
Government,1138.0
Government,1091.0
Government,1086.0
Government,1115.0
Government,1104.0
Government,1136.0
Government,1142.0
Government,1173.0
Government,1164.0
Government,1112.0
Government,1155.0
Government,1121.0
Government,1148.0
Government,1126.0
Government,1130.0
Government,1150.0
Government,1113.0
Government,1142.0
Government,1119.0
Government,1102.0
Government,1164.0
Government,1101.0
Government,1168.0
Government,1128.0
Government,1152.0
Government,1110.0
Government,1154.0
Government,1050.0
Government,1098.0
Government,1075.0
Government,1039.0
Government,1063.0
Government,1073.0
Government,1030.0
Government,983.0
Government,1143.0
Government,1108.0
Government,1157.0
Government,1209.0
Government,1195.0
Government,1203.0
Government,1152.0
Government,1104.0
Government,1142.0
Government,1207.0
Government,1082.0
Government,1050.0
Government,1137.0
Government,1114.0
Government,1045.0
Government,1126.0
Government,1062.0
Government,1071.0
Government,1121.0
Government,1125.0
Government,1102.0
Government,1088.0
Government,1132.0
Government,1118.0
Government,1109.0
Government,1111.0
Government,1081.0
Government,1147.0
Government,1089.0
Government,1044.0
Government,1082.0
Government,1056.0
Government,1042.0
Government,1217.0
Government,1146.0
Government,1115.0
Government,1115.0
Government,1117.0
Government,989.0
Government,1015.0
Government,928.0
Government,1032.0
Government,938.0
Government,986.0
Government,945.0
Government,929.0
Government,977.0
Government,1012.0
Government,980.0
Government,957.0
Government,934.0
Government,929.0
Government,1092.0
Government,949.0
Government,950.0
Government,1041.0
Government,946.0
Government,1016.0
Government,973.0
Government,982.0
Government,1018.0
Government,1021.0
Government,1071.0
Government,1093.0
Government,1031.0
Government,1057.0
Government,1062.0
Government,901.0
Government,914.0
Government,1070.0
Government,973.0
Government,933.0
Government,973.0
Government,943.0
Government,1030.0
Government,1094.0
Government,932.0
Government,985.0
Government,985.0
Government,990.0
Government,999.0
Government,1019.0
Government,936.0
Government,1027.0
Government,1010.0
Government,1081.0
Government,1054.0
Government,951.0
Government,969.0
Government,945.0
Government,977.0
Government,903.0
Government,1019.0
Government,991.0
Government,962.0
Government,976.0
Government,1032.0
Government,968.0
Government,999.0
Government,937.0
Government,1023.0
Government,948.0
Government,1112.0
Government,1084.0
Government,927.0
Government,959.0
Government,931.0
Government,934.0
Government,947.0
Government,893.0
Government,951.0
Government,958.0
Government,1017.0
Government,958.0
Government,968.0
Government,965.0
Government,1006.0
Government,986.0
Government,1035.0
Government,1001.0
Government,986.0
Government,1030.0
Government,1053.0
Government,898.0
Government,950.0
Government,950.0
Government,935.0
Government,933.0
Government,945.0
Government,919.0
Government,1026.0
Government,1041.0
Government,967.0
Government,1034.0
Government,939.0
Government,1048.0
Government,937.0
Government,1036.0
Government,987.0
Government,967.0
Government,992.0
Government,998.0
Government,920.0
Government,980.0
Government,943.0
Government,980.0
Government,927.0
Government,977.0
Government,1021.0
Government,1100.0
Government,906.0
Government,1070.0
Government,1002.0
Government,1000.0
Government,883.0
Government,992.0
Government,848.0
Government,892.0
Government,880.0
Government,1101.0
Government,887.0
Government,900.0
Government,920.0
Government,969.0
Government,895.0
Government,987.0
Government,997.0
Government,835.0
Government,883.0
Government,880.0
Government,1017.0
Government,985.0
Government,1036.0
Government,907.0
Government,995.0
Government,973.0
Government,992.0
Government,971.0
Government,959.0
Government,966.0
Government,1055.0
Government,944.0
Government,991.0
Government,903.0
Government,981.0
Government,988.0
Government,978.0
Government,945.0
Government,942.0
Government,900.0
Government,994.0
Government,894.0
Government,979.0
Government,973.0
Government,979.0
Government,988.0
Government,963.0
Government,985.0
Government,989.0
Government,1005.0
Government,968.0
Government,959.0
Government,1006.0
Government,1011.0
Government,981.0
Government,1104.0
Government,1035.0
Government,1012.0
Government,1017.0
Government,1011.0
Government,1010.0
Government,1033.0
Government,955.0
Government,934.0
Government,923.0
Government,1069.0
Government,896.0
Government,967.0
Government,1005.0
Government,1019.0
Government,1011.0
Government,919.0
Government,949.0
Government,862.0
Government,983.0
Government,1004.0
Government,1095.0
Government,956.0
Government,1057.0
Government,1000.0
Government,890.0
Government,900.0
Government,864.0
Government,921.0
Government,983.0
Government,965.0
Government,960.0
Government,1147.0
Government,1043.0
Government,1077.0
Government,941.0
Government,950.0
Government,923.0
Government,925.0
Government,1031.0
Government,1013.0
Government,934.0
Government,937.0
Government,950.0
Government,976.0
Government,927.0
Government,915.0
Government,949.0
Government,961.0
Government,966.0
Government,964.0
Government,1003.0
Government,962.0
Government,957.0
Government,1033.0
Government,912.0
Government,986.0
Government,980.0
Government,982.0
Government,1018.0
Government,967.0
Government,954.0
Government,878.0
Government,877.0
Government,936.0
Government,902.0
Government,919.0
Government,855.0
Government,912.0
Government,902.0
Government,957.0
Government,940.0
Government,875.0
Government,884.0
Government,1022.0
Government,988.0
Government,927.0
Government,972.0
Government,1068.0
Government,878.0
Government,967.0
Government,1081.0
Government,978.0
Government,1000.0
Government,932.0
Government,925.0
Government,963.0
Government,961.0
Government,1014.0
Government,908.0
Government,953.0
Government,961.0
Government,956.0
Government,954.0
Government,1033.0
Government,1050.0
Government,1068.0
Government,949.0
Government,1124.0
Government,990.0
Government,1007.0
Government,987.0
Government,900.0
Government,976.0
Government,995.0
Government,993.0
Government,1150.0
Government,957.0
Government,1132.0
Government,1120.0
Government,954.0
Government,1081.0
Government,1136.0
Government,1048.0
Government,982.0
Government,1051.0
Government,974.0
Government,1018.0
Government,1000.0
Government,1055.0
Government,941.0
Government,939.0
Government,911.0
Government,1020.0
Government,1018.0
Government,950.0
Government,1060.0
Government,984.0
Government,1046.0
Government,1039.0
Government,980.0
Government,1082.0
Government,1032.0
Government,995.0
Government,1083.0
Government,1134.0
Government,1077.0
Government,1029.0
Government,986.0
Government,987.0
Government,981.0
Government,1097.0
Government,1003.0
Government,984.0
Government,986.0
Government,1093.0
Government,1018.0
Government,954.0
Government,1086.0
Government,1066.0
Government,1059.0
Government,1063.0
Government,955.0
Government,959.0
Government,1074.0
Government,1111.0
Government,992.0
Government,944.0
Government,946.0
Government,958.0
Government,1091.0
Government,1044.0
Government,1117.0
Government,1033.0
Government,986.0
Government,1032.0
Government,971.0
Government,1047.0
Government,1070.0
Government,953.0
Government,990.0
Government,926.0
Government,1042.0
Government,858.0
Government,1072.0
Government,991.0
Government,992.0
Government,1007.0
Government,1022.0
Government,958.0
Government,968.0
Government,1040.0
Government,1001.0
Government,981.0
Government,916.0
Government,1015.0
Government,1042.0
Government,1052.0
Government,873.0
Government,1101.0
Government,1122.0
Government,1038.0
Government,988.0
Government,945.0
Government,975.0
Government,912.0
Government,961.0
Government,997.0
Government,1068.0
Government,1010.0
Government,956.0
Government,810.0
Government,1063.0
Government,1046.0
Government,898.0
Government,870.0
Government,1001.0
Government,1132.0
Government,1119.0
Government,817.0
Government,1033.0
Government,855.0
Government,1104.0
Government,873.0
Government,1113.0
Government,1050.0
Government,1043.0
Government,1139.0
Government,1006.0
Government,1072.0
Government,898.0
Government,904.0
Government,864.0
Government,959.0
Government,839.0
Government,817.0
Government,1103.0
Government,963.0
Government,1049.0
Government,837.0
Government,825.0
Government,973.0
Government,1005.0
Government,965.0
Government,866.0
Government,914.0
Government,880.0
Government,1177.0
Government,982.0
Government,1081.0
Government,975.0
Government,961.0
Government,980.0
Government,1035.0
Government,980.0
Government,980.0
Government,1051.0
Government,971.0
Government,995.0
Government,975.0
Government,980.0
Government,933.0
Government,1072.0
Government,994.0
Government,959.0
Government,1078.0
Government,1025.0
Government,949.0
Government,1120.0
Government,998.0
Government,1012.0
Government,1107.0
Government,1007.0
Government,1156.0
Government,1107.0
Government,1114.0
Government,1019.0
Government,1125.0
Government,889.0
Government,1034.0
Government,1001.0
Government,912.0
Government,1009.0
Government,946.0
Government,845.0
Government,955.0
Government,801.0
Government,1046.0
Government,827.0
Government,873.0
Government,1109.0
Government,1067.0
Government,1132.0
Government,1034.0
Government,1186.0
Government,987.0
Government,1046.0
Government,1069.0
Government,969.0
Government,1222.0
Government,1053.0
Government,1090.0
Government,976.0
Government,1067.0
Government,994.0
Government,1003.0
Government,1001.0
Government,923.0
Government,917.0
Government,978.0
Government,967.0
Government,935.0
Government,922.0
Government,1027.0
Government,955.0
Government,864.0
Government,1203.0
Government,1086.0
Government,870.0
Government,828.0
Government,1073.0
Government,1199.0
Government,966.0
Government,916.0
Government,1065.0
Government,1001.0
Government,849.0
Government,1103.0
Government,964.0
Government,946.0
Government,956.0
Government,1040.0
Government,916.0
Government,962.0
Government,1025.0
Government,1071.0
Government,994.0
Government,1060.0
Government,979.0
Government,958.0
Government,890.0
Government,917.0
Government,1078.0
Government,962.0
Government,1081.0
Government,940.0
Government,950.0
Government,907.0
Government,927.0
Government,956.0
Government,918.0
Government,988.0
Government,982.0
Government,978.0
Government,979.0
Government,1032.0
Government,981.0
Government,949.0
Government,861.0
Government,1014.0
Government,1000.0
Government,996.0
Government,959.0
Government,876.0
Government,835.0
Government,884.0
Government,1037.0
Government,980.0
Government,948.0
Government,949.0
Government,939.0
Government,1095.0
Government,914.0
Government,888.0
Government,903.0
Government,935.0
Government,1039.0
Government,923.0
Government,1094.0
Government,1041.0
Government,975.0
Government,947.0
Government,814.0
Government,922.0
Government,945.0
Government,1049.0
Government,936.0
Government,935.0
Government,1009.0
Government,1047.0
Government,879.0
Government,996.0
Government,992.0
Government,1090.0
Government,877.0
Government,923.0
Government,989.0
Government,1115.0
Government,942.0
Government,875.0
Government,897.0
Government,1004.0
Government,926.0
Government,930.0
Government,975.0
Government,969.0
Government,950.0
Government,1065.0
Government,991.0
Government,1035.0
Government,965.0
Government,975.0
Government,981.0
Government,992.0
Government,1044.0
Government,1033.0
Government,994.0
Government,950.0
Government,879.0
Government,925.0
Government,800.0
Government,920.0
Government,932.0
Government,1018.0
Government,919.0
Government,1023.0
Government,888.0
Government,910.0
Government,954.0
Government,893.0
Government,913.0
Government,1008.0
Government,981.0
Government,1112.0
Government,1108.0
Government,1023.0
Government,931.0
Government,1018.0
Government,1027.0
Government,926.0
Government,947.0
Government,901.0
Government,1102.0
Government,864.0
Government,1089.0
Government,904.0
Government,990.0
Government,926.0
Government,950.0
Government,1034.0
Government,1000.0
Government,923.0
Government,938.0
Government,893.0
Government,959.0
Government,1078.0
Government,974.0
Government,1104.0
Government,910.0
Government,889.0
Government,993.0
Government,946.0
Government,965.0
Government,950.0
Government,987.0
Government,1019.0
Government,1027.0
Government,882.0
Government,955.0
Government,931.0
Government,978.0
Government,967.0
Government,992.0
Government,853.0
Government,1139.0
Government,1095.0
Government,1083.0
Government,1076.0
Government,819.0
Government,793.0
Government,1017.0
Government,1030.0
Government,935.0
Government,934.0
Government,946.0
Government,963.0
Government,940.0
Government,936.0
Government,966.0
Government,1000.0
Government,871.0
Government,1010.0
Government,1002.0
Government,931.0
Government,1065.0
Government,1105.0
Government,1058.0
Government,953.0
Government,886.0
Government,979.0
Government,955.0
Government,971.0
Government,1045.0
Government,969.0
Government,996.0
Government,937.0
Government,1071.0
Government,1036.0
Government,1004.0
Government,1069.0
Government,1065.0
Government,956.0
Government,889.0
Government,1017.0
Government,892.0
Government,945.0
Government,1020.0
Government,953.0
Government,1075.0
Government,996.0
Government,1019.0
Government,1103.0
Government,863.0
Government,1026.0
Government,940.0
Government,935.0
Government,1129.0
Government,963.0
Government,1008.0
Government,817.0
Government,1026.0
Government,920.0
Government,987.0
Government,900.0
Government,913.0
Government,1029.0
Government,887.0
Government,1048.0
Government,992.0
Government,901.0
Government,1064.0
Government,933.0
Government,988.0
Government,931.0
Government,1007.0
Government,905.0
Government,962.0
Government,996.0
Government,912.0
Government,1019.0
Government,927.0
Government,984.0
Government,1008.0
Government,1014.0
Government,960.0
Government,963.0
Government,910.0
Government,958.0
Government,967.0
Government,940.0
Government,890.0
Government,797.0
Government,905.0
Government,910.0
Government,943.0
Government,1106.0
Government,891.0
Government,970.0
Government,892.0
Government,1157.0
Government,947.0
Government,960.0
Government,869.0
Government,946.0
Government,894.0
Government,901.0
Government,973.0
Government,925.0
Government,899.0
Government,955.0
Government,952.0
Government,972.0
Government,941.0
Government,925.0
Government,968.0
Government,966.0
Government,972.0
Government,1022.0
Government,996.0
Government,894.0
Government,940.0
Government,929.0
Government,1066.0
Government,912.0
Government,1056.0
Government,987.0
Government,946.0
Government,1030.0
Government,937.0
Government,1057.0
Government,970.0
Government,957.0
Government,1027.0
Government,1206.0
Government,923.0
Government,1044.0
Government,1014.0
Government,917.0
Government,916.0
Government,959.0
Government,922.0
Government,911.0
Government,1045.0
Government,974.0
Government,1085.0
Government,986.0
Government,961.0
Government,1001.0
Government,869.0
Government,1088.0
Government,992.0
Government,971.0
Government,966.0
Government,775.0
Government,959.0
Government,732.0
Government,998.0
Government,995.0
Government,997.0
Government,1051.0
Government,942.0
Government,996.0
Government,938.0
Government,791.0
Government,979.0
Government,938.0
Government,1002.0
Government,861.0
Government,979.0
Government,1025.0
Government,902.0
Government,1037.0
Government,992.0
Government,1067.0
Government,694.0
Government,955.0
Government,860.0
Government,1019.0
Government,1007.0
Government,977.0
Government,1005.0
Government,1056.0
Government,964.0
Government,897.0
Government,996.0
Government,926.0
Government,948.0
Government,950.0
Government,925.0
Government,1066.0
Government,904.0
Government,823.0
Government,912.0
Government,938.0
Government,998.0
Government,903.0
Government,774.0
Government,985.0
Government,987.0
Government,988.0
Government,939.0
Government,984.0
Government,923.0
Government,953.0
Government,928.0
Government,871.0
Government,879.0
Government,980.0
Government,1037.0
Government,1058.0
Government,976.0
Government,1075.0
Government,941.0
Government,926.0
Government,1084.0
Government,955.0
Government,934.0
Government,1009.0
Government,934.0
Government,890.0
Government,1004.0
Government,938.0
Government,847.0
Government,1048.0
Government,907.0
Government,905.0
Government,712.0
Government,977.0
Government,1033.0
Government,949.0
Government,943.0
Government,1049.0
Government,919.0
Government,838.0
Government,996.0
Government,1032.0
Government,1010.0
Government,957.0
Government,875.0
Government,794.0
Government,936.0
Government,951.0
Government,1019.0
Government,908.0
Government,938.0
Government,907.0
Government,979.0
Government,886.0
Government,991.0
Government,947.0
Government,898.0
Government,887.0
Government,793.0
Government,925.0
Government,911.0
Government,978.0
Government,917.0
Government,1014.0
Government,825.0
Government,932.0
Government,1026.0
Government,881.0
Government,959.0
Government,938.0
Government,904.0
Government,921.0
Government,1082.0
Government,956.0
Government,908.0
Government,994.0
Government,776.0
Government,940.0
Government,944.0
Government,1021.0
Government,1068.0
Government,932.0
Government,1097.0
Government,896.0
Government,1030.0
Government,869.0
Government,1052.0
Government,939.0
Government,989.0
Government,1031.0
Government,1003.0
Government,885.0
Government,952.0
Government,962.0
Government,904.0
Government,931.0
Government,931.0
Government,948.0
Government,775.0
Government,795.0
Government,934.0
Government,968.0
Government,1023.0
Government,948.0
Government,1016.0
Government,993.0
Government,869.0
Government,941.0
Government,984.0
Government,978.0
Government,977.0
Government,971.0
Government,903.0
Government,959.0
Government,974.0
Government,952.0
Government,900.0
Government,932.0
Government,838.0
Government,1041.0
Government,1028.0
Government,922.0
Government,848.0
Government,965.0
Government,985.0
Government,978.0
Government,1036.0
Government,1014.0
Government,848.0
Government,1003.0
Government,947.0
Government,910.0
Government,908.0
Government,837.0
Government,1058.0
Government,973.0
Government,935.0
Government,882.0
Government,997.0
Government,950.0
Government,1064.0
Government,767.0
Government,948.0
Government,888.0
Government,774.0
Government,1053.0
Government,872.0
Government,922.0
Government,1019.0
Government,930.0
Government,983.0
Government,724.0
Government,973.0
Government,895.0
Government,1057.0
Government,886.0
Government,896.0
Government,812.0
Government,1033.0
Government,975.0
Government,1021.0
Government,1054.0
Government,1040.0
Government,979.0
Government,756.0
Government,940.0
Government,936.0
Government,902.0
Government,841.0
Government,955.0
Government,934.0
Government,948.0
Government,957.0
Government,941.0
Government,848.0
Government,934.0
Government,950.0
Government,918.0
Government,866.0
Government,916.0
Government,894.0
Government,912.0
Government,1019.0
Government,952.0
Government,950.0
Government,1006.0
Government,962.0
Government,965.0
Government,949.0
Government,959.0
Government,971.0
Government,940.0
Government,950.0
Government,932.0
Government,875.0
Government,814.0
Government,951.0
Government,896.0
Government,884.0
Government,941.0
Government,936.0
Government,969.0
Government,919.0
Government,849.0
Government,1050.0
Government,990.0
Government,991.0
Government,890.0
Government,938.0
Government,1003.0
Government,963.0
Government,827.0
Government,808.0
Government,908.0
Government,969.0
Government,839.0
Government,913.0
Government,920.0
Government,908.0
Government,1008.0
Government,916.0
Government,807.0
Government,914.0
Government,670.0
Government,908.0
Government,951.0
Government,770.0
Government,874.0
Government,969.0
Government,987.0
Government,625.0
Government,833.0
Government,953.0
Government,960.0
Government,827.0
Government,1004.0
Government,842.0
Government,826.0
Government,886.0
Government,933.0
Government,843.0
Government,903.0
Government,918.0
Government,997.0
Government,785.0
Government,889.0
Government,899.0
Government,795.0
Government,1054.0
Government,1002.0
Government,955.0
Government,928.0
Government,1050.0
Government,850.0
Government,862.0
Government,922.0
Government,795.0
Government,823.0
Government,889.0
Government,996.0
Government,995.0
Government,973.0
Government,955.0
Government,857.0
Government,747.0
Government,822.0
Government,858.0
Government,963.0
Government,871.0
Government,895.0
Government,1004.0
Government,997.0
Government,908.0
Government,865.0
Government,714.0
Government,973.0
Government,625.0
Government,906.0
Government,692.0
Government,941.0
Government,927.0
Government,720.0
Government,836.0
Government,870.0
Government,982.0
Government,900.0
Government,840.0
Government,1022.0
Government,944.0
Government,870.0
Government,979.0
Government,901.0
Government,828.0
Government,904.0
Government,902.0
Government,689.0
Government,887.0
Government,874.0
Government,761.0
Government,802.0
Government,923.0
Government,870.0
Government,753.0
Government,881.0
Government,923.0
Government,855.0
Government,1025.0
Government,926.0
Government,888.0
Government,860.0
Government,864.0
Government,891.0
Government,820.0
Government,853.0
Government,914.0
Government,936.0
Government,919.0
Government,900.0
Government,831.0
Government,929.0
Government,1049.0
Government,918.0
Government,867.0
Government,947.0
Government,876.0
Government,894.0
Government,982.0
Government,756.0
Government,962.0
Government,904.0
Government,983.0
Government,984.0
Government,1005.0
Government,1008.0
Government,1012.0
Government,1062.0
Government,927.0
Government,903.0
Government,968.0
Government,646.0
Government,990.0
Government,964.0
Government,940.0
Government,874.0
Government,974.0
Government,943.0
Government,957.0
Government,946.0
Government,969.0
Government,870.0
Government,759.0
Government,1017.0
Government,941.0
Government,917.0
Government,942.0
Government,935.0
Government,893.0
Government,881.0
Government,946.0
Government,916.0
Government,982.0
Government,934.0
Government,961.0
Government,911.0
Government,1003.0
Government,982.0
Government,1004.0
Government,995.0
Government,954.0
Government,969.0
Government,906.0
Government,915.0
Government,987.0
Government,963.0
Government,858.0
Government,926.0
Government,944.0
Government,976.0
Government,874.0
Government,1010.0
Government,966.0
Government,1008.0
Government,943.0
Government,961.0
Government,875.0
Government,889.0
Government,969.0
Government,965.0
Government,967.0
Government,941.0
Government,961.0
Government,934.0
Government,922.0
Government,853.0
Government,962.0
Government,920.0
Government,979.0
Government,988.0
Government,953.0
Government,739.0
Government,929.0
Government,954.0
Government,874.0
Government,969.0
Government,855.0
Government,990.0
Government,1002.0
Government,902.0
Government,958.0
Government,931.0
Government,976.0
Government,915.0
Government,816.0
Government,1008.0
Government,999.0
Government,1027.0
Government,849.0
Government,973.0
Government,963.0
Government,826.0
Government,900.0
Government,795.0
Government,898.0
Government,921.0
Government,952.0
Government,1030.0
Government,860.0
Government,933.0
Government,947.0
Government,931.0
Government,969.0
Government,893.0
Government,1002.0
Government,959.0
Government,960.0
Government,951.0
Government,915.0
Government,944.0
Government,924.0
Government,933.0
Government,940.0
Government,824.0
Government,966.0
Government,948.0
Government,992.0
Government,931.0
Government,766.0
Government,840.0
Government,836.0
Government,831.0
Government,900.0
Government,872.0
Government,900.0
Government,966.0
Government,897.0
Government,926.0
Government,1009.0
Government,929.0
Government,930.0
Government,869.0
Government,835.0
Government,874.0
Government,811.0
Government,896.0
Government,1016.0
Government,899.0
Government,916.0
Government,960.0
Government,1009.0
Government,920.0
Government,908.0
Government,889.0
Government,964.0
Government,922.0
Government,902.0
Government,948.0
Government,905.0
Government,975.0
Government,915.0
Government,919.0
Government,965.0
Government,926.0
Government,822.0
Government,923.0
Government,910.0
Government,951.0
Government,918.0
Government,959.0
Government,946.0
Government,934.0
Government,907.0
Government,972.0
Government,1132.0
Government,952.0
Government,1076.0
Government,896.0
Government,917.0
Government,927.0
Government,926.0
Government,944.0
Government,982.0
Government,1029.0
Government,1067.0
Government,988.0
Government,788.0
Government,890.0
Government,908.0
Government,899.0
Government,934.0
Government,994.0
Government,1090.0
Government,1005.0
Government,1005.0
Government,1045.0
Government,1069.0
Government,1036.0
Government,1047.0
Government,1076.0
Government,1029.0
Government,982.0
Government,903.0
Government,941.0
Government,1118.0
Government,1038.0
Government,990.0
Government,1021.0
Government,971.0
Government,1013.0
Government,963.0
Government,936.0
Government,1006.0
Government,982.0
Government,906.0
Government,1030.0
Government,1002.0
Government,921.0
Government,1091.0
Government,988.0
Government,1045.0
Government,896.0
Government,966.0
Government,919.0
Government,905.0
Government,1101.0
Government,1024.0
Government,1057.0
Government,935.0
Government,1004.0
Government,1045.0
Government,1074.0
Government,1073.0
Government,1103.0
Government,1064.0
Government,1006.0
Government,968.0
Government,1001.0
Government,990.0
Government,1024.0
Government,992.0
Government,818.0
Government,943.0
Government,985.0
Government,1072.0
Government,1050.0
Government,920.0
Government,956.0
Government,904.0
Government,1104.0
Government,994.0
Government,1034.0
Government,1014.0
Government,943.0
Government,987.0
Government,997.0
Government,1025.0
Government,1080.0
Government,999.0
Government,1112.0
Government,891.0
Government,1098.0
Government,996.0
Government,1085.0
Government,956.0
Government,965.0
Government,1048.0
Government,1009.0
Government,1119.0
Government,1026.0
Government,973.0
Government,958.0
Government,978.0
Government,992.0
Government,905.0
Government,1001.0
Government,991.0
Government,931.0
Government,1070.0
Government,935.0
Government,1012.0
Government,956.0
Government,959.0
Government,978.0
Government,982.0
Government,1065.0
Government,959.0
Government,1031.0
Government,954.0
Government,943.0
Government,1046.0
Government,1070.0
Government,955.0
Government,1084.0
Government,1077.0
Government,1028.0
Government,1040.0
Government,961.0
Government,807.0
Government,937.0
Government,941.0
Government,936.0
Government,1068.0
Government,892.0
Government,1079.0
Government,986.0
Government,894.0
Government,988.0
Government,868.0
Government,992.0
Government,784.0
Government,952.0
Government,974.0
Government,1037.0
Government,872.0
Government,1126.0
Government,1031.0
Government,939.0
Government,885.0
Government,972.0
Government,951.0
Government,838.0
Government,975.0
Government,975.0
Government,960.0
Government,1061.0
Government,1004.0
Government,909.0
Government,952.0
Government,1068.0
Government,1080.0
Government,873.0
Government,903.0
Government,1012.0
Government,982.0
Government,996.0
Government,908.0
Government,971.0
Government,1107.0
Government,1049.0
Government,1005.0
Government,860.0
Government,911.0
Government,945.0
Government,938.0
Government,971.0
Government,849.0
Government,909.0
Government,956.0
Government,943.0
Government,1075.0
Government,973.0
Government,1036.0
Government,940.0
Government,977.0
Government,944.0
Government,968.0
Government,937.0
Government,967.0
Government,990.0
Government,922.0
Government,1015.0
Government,1030.0
Government,968.0
Government,955.0
Government,1013.0
Government,940.0
Government,951.0
Government,894.0
Government,905.0
Government,946.0
Government,956.0
Government,912.0
Government,993.0
Government,982.0
Government,936.0
Government,984.0
Government,1186.0
Government,862.0
Government,902.0
Government,964.0
Government,933.0
Government,1058.0
Government,932.0
Government,875.0
Government,923.0
Government,785.0
Government,983.0
Government,950.0
Government,815.0
Government,928.0
Government,828.0
Government,702.0
Government,652.0
Government,881.0
Government,864.0
Government,858.0
Government,1098.0
Government,987.0
Government,986.0
Government,941.0
Government,764.0
Government,1017.0
Government,849.0
Government,848.0
Government,906.0
Government,896.0
Government,856.0
Government,701.0
Government,895.0
Government,870.0
Government,979.0
Government,790.0
Government,954.0
Government,668.0
Government,972.0
Government,850.0
Government,893.0
Government,911.0
Government,986.0
Government,938.0
Government,879.0
Government,929.0
Government,940.0
Government,860.0
Government,815.0
Government,915.0
Government,1010.0
Government,629.0
Government,919.0
Government,965.0
Government,693.0
Government,913.0
Government,694.0
Government,1068.0
Government,840.0
Government,874.0
Government,972.0
Government,920.0
Government,964.0
Government,747.0
Government,837.0
Government,859.0
Government,790.0
Government,919.0
Government,886.0
Government,856.0
Government,947.0
Government,1000.0
Government,889.0
Government,760.0
Government,1053.0
Government,917.0
Government,925.0
Government,1009.0
Government,961.0
Government,807.0
Government,832.0
Government,1063.0
Government,974.0
Government,765.0
Government,920.0
Government,1056.0
Government,951.0
Government,896.0
Government,815.0
Government,1013.0
Government,929.0
Government,937.0
Government,845.0
Government,826.0
Government,942.0
Government,978.0
Government,941.0
Government,989.0
Government,969.0
Government,927.0
Government,722.0
Government,947.0
Government,930.0
Government,852.0
Government,919.0
Government,980.0
Government,915.0
Government,672.0
Government,909.0
Government,851.0
Government,783.0
Government,932.0
Government,816.0
Government,881.0
Government,873.0
Government,673.0
Government,973.0
Government,937.0
Government,992.0
Government,858.0
Government,934.0
Government,772.0
Government,923.0
Government,600.0
Government,927.0
Government,936.0
Government,908.0
Government,967.0
Government,751.0
Government,891.0
Government,818.0
Government,961.0
Government,949.0
Government,960.0
Government,868.0
Government,964.0
Government,974.0
Government,811.0
Government,900.0
Government,951.0
Government,888.0
Government,787.0
Government,993.0
Government,896.0
Government,938.0
Government,985.0
Government,706.0
Government,908.0
Government,882.0
Government,822.0
Government,953.0
Government,1046.0
Government,963.0
Government,892.0
Government,918.0
Government,928.0
Government,979.0
Government,894.0
Government,884.0
Government,848.0
Government,792.0
Government,946.0
Government,902.0
Government,834.0
Government,898.0
Government,849.0
Government,845.0
Government,714.0
Government,865.0
Government,917.0
Government,864.0
Government,838.0
Government,733.0
Government,787.0
Government,677.0
Government,903.0
Government,826.0
Government,936.0
Government,945.0
Government,804.0
Government,868.0
Government,934.0
Catholic,980.0
Catholic,993.0
Catholic,958.0
Catholic,977.0
Catholic,991.0
Catholic,1050.0
Catholic,1013.0
Catholic,1037.0
Catholic,994.0
Catholic,1005.0
Catholic,1033.0
Catholic,1040.0
Catholic,995.0
Catholic,1012.0
Catholic,909.0
Catholic,1020.0
Catholic,1005.0
Catholic,1006.0
Catholic,1001.0
Catholic,1038.0
Catholic,1048.0
Catholic,1016.0
Catholic,987.0
Catholic,1025.0
Catholic,1040.0
Catholic,1012.0
Catholic,1113.0
Catholic,1119.0
Catholic,1119.0
Catholic,1058.0
Catholic,1065.0
Catholic,1005.0
Catholic,1145.0
Catholic,1025.0
Catholic,1083.0
Catholic,1083.0
Catholic,1047.0
Catholic,1012.0
Catholic,1129.0
Catholic,1110.0
Catholic,1044.0
Catholic,1047.0
Catholic,1004.0
Catholic,1064.0
Catholic,1028.0
Catholic,1100.0
Catholic,1020.0
Catholic,1116.0
Catholic,1064.0
Catholic,1019.0
Catholic,1036.0
Catholic,1076.0
Catholic,1012.0
Catholic,1074.0
Catholic,1050.0
Catholic,999.0
Catholic,1127.0
Catholic,1102.0
Catholic,1094.0
Catholic,1068.0
Catholic,1040.0
Catholic,1039.0
Catholic,1098.0
Catholic,1032.0
Catholic,1113.0
Catholic,1052.0
Catholic,1079.0
Catholic,1043.0
Catholic,1032.0
Catholic,1076.0
Catholic,1095.0
Catholic,1089.0
Catholic,1106.0
Catholic,1021.0
Catholic,1100.0
Catholic,1058.0
Catholic,1108.0
Catholic,1126.0
Catholic,1112.0
Catholic,1097.0
Catholic,945.0
Catholic,1007.0
Catholic,963.0
Catholic,1054.0
Catholic,1087.0
Catholic,1007.0
Catholic,1041.0
Catholic,996.0
Catholic,1096.0
Catholic,1055.0
Catholic,996.0
Catholic,1024.0
Catholic,1059.0
Catholic,1074.0
Catholic,1025.0
Catholic,1073.0
Catholic,1048.0
Catholic,1086.0
Catholic,1016.0
Catholic,1088.0
Catholic,1089.0
Catholic,1124.0
Catholic,1102.0
Catholic,1168.0
Catholic,1131.0
Catholic,1140.0
Catholic,1144.0
Catholic,1149.0
Catholic,1131.0
Catholic,1085.0
Catholic,1170.0
Catholic,1145.0
Catholic,1090.0
Catholic,1134.0
Catholic,1081.0
Catholic,1005.0
Catholic,1168.0
Catholic,1159.0
Catholic,1122.0
Catholic,1104.0
Catholic,1102.0
Catholic,1091.0
Catholic,1170.0
Catholic,1147.0
Catholic,1165.0
Catholic,1141.0
Catholic,1102.0
Catholic,1057.0
Catholic,1034.0
Catholic,1056.0
Catholic,1156.0
Catholic,1153.0
Catholic,1174.0
Catholic,1161.0
Catholic,1081.0
Catholic,1076.0
Catholic,1022.0
Catholic,1042.0
Catholic,1045.0
Catholic,1085.0
Catholic,1134.0
Catholic,1075.0
Catholic,1113.0
Catholic,1091.0
Catholic,980.0
Catholic,1026.0
Catholic,986.0
Catholic,1030.0
Catholic,994.0
Catholic,1083.0
Catholic,1034.0
Catholic,1000.0
Catholic,1100.0
Catholic,1053.0
Catholic,847.0
Catholic,952.0
Catholic,941.0
Catholic,1040.0
Catholic,1107.0
Catholic,975.0
Catholic,1037.0
Catholic,1014.0
Catholic,1023.0
Catholic,1036.0
Catholic,1047.0
Catholic,961.0
Catholic,952.0
Catholic,1002.0
Catholic,1025.0
Catholic,974.0
Catholic,1041.0
Catholic,1013.0
Catholic,1085.0
Catholic,1048.0
Catholic,1071.0
Catholic,1102.0
Catholic,1063.0
Catholic,1104.0
Catholic,1023.0
Catholic,1009.0
Catholic,966.0
Catholic,1141.0
Catholic,1132.0
Catholic,1012.0
Catholic,996.0
Catholic,1076.0
Catholic,1093.0
Catholic,996.0
Catholic,1038.0
Catholic,1012.0
Catholic,968.0
Catholic,1090.0
Catholic,1062.0
Catholic,1026.0
Catholic,1069.0
Catholic,1002.0
Catholic,1041.0
Catholic,1028.0
Catholic,1029.0
Catholic,1039.0
Catholic,1037.0
Catholic,1103.0
Catholic,1121.0
Catholic,1047.0
Catholic,1049.0
Catholic,1073.0
Catholic,1038.0
Catholic,1033.0
Catholic,1083.0
Catholic,1071.0
Catholic,1066.0
Catholic,1104.0
Catholic,1044.0
Catholic,1035.0
Catholic,1063.0
Catholic,1052.0
Catholic,994.0
Catholic,1019.0
Catholic,1058.0
Catholic,1045.0
Catholic,1043.0
Catholic,1050.0
Catholic,1130.0
Catholic,1066.0
Catholic,1013.0
Catholic,1090.0
Catholic,1052.0
Catholic,1045.0
Catholic,1166.0
Catholic,1116.0
Catholic,1043.0
Catholic,1032.0
Catholic,1043.0
Catholic,1170.0
Catholic,1035.0
Catholic,1029.0
Catholic,1036.0
Catholic,1036.0
Catholic,1100.0
Catholic,1089.0
Catholic,1103.0
Catholic,1160.0
Catholic,1164.0
Catholic,1059.0
Catholic,1053.0
Catholic,1009.0
Catholic,1119.0
Catholic,1090.0
Catholic,1012.0
Catholic,1056.0
Catholic,1110.0
Catholic,1188.0
Government,1027.0
Catholic,1148.0
Catholic,1110.0
Catholic,1133.0
Catholic,1159.0
Catholic,1123.0
Catholic,1088.0
Catholic,1102.0
Catholic,1104.0
Catholic,1095.0
Catholic,1156.0
Catholic,1094.0
Catholic,1110.0
Catholic,1115.0
Catholic,1083.0
Catholic,1094.0
Catholic,1100.0
Catholic,1145.0
Catholic,997.0
Catholic,1125.0
Catholic,1050.0
Catholic,1132.0
Catholic,1125.0
Catholic,1034.0
Catholic,1109.0
Catholic,1083.0
Catholic,1037.0
Catholic,1037.0
Catholic,1166.0
Catholic,1088.0
Catholic,1145.0
Catholic,1113.0
Catholic,1117.0
Catholic,1024.0
Catholic,1176.0
Catholic,1151.0
Catholic,1081.0
Catholic,1038.0
Catholic,1062.0
Catholic,1090.0
Catholic,1109.0
Catholic,1126.0
Catholic,1072.0
Catholic,1142.0
Catholic,1089.0
Catholic,1078.0
Catholic,1125.0
Catholic,1098.0
Catholic,1003.0
Catholic,1090.0
Catholic,1074.0
Catholic,1189.0
Catholic,1167.0
Catholic,1129.0
Catholic,1131.0
Catholic,1167.0
Catholic,1079.0
Catholic,1091.0
Catholic,1108.0
Catholic,1004.0
Catholic,1160.0
Catholic,1134.0
Catholic,1048.0
Catholic,1091.0
Catholic,1083.0
Catholic,1092.0
Catholic,1168.0
Catholic,1118.0
Catholic,1091.0
Catholic,1046.0
Catholic,992.0
Catholic,1130.0
Catholic,1160.0
Catholic,1120.0
Catholic,1084.0
Catholic,1136.0
Catholic,1106.0
Catholic,1125.0
Catholic,1053.0
Catholic,938.0
Catholic,1161.0
Catholic,1124.0
Catholic,1042.0
Catholic,1088.0
Catholic,1052.0
Catholic,1065.0
Catholic,1083.0
Catholic,1016.0
Catholic,1083.0
Catholic,1095.0
Catholic,1076.0
Catholic,1166.0
Catholic,1043.0
Catholic,1090.0
Catholic,1114.0
Catholic,1100.0
Catholic,1011.0
Catholic,1038.0
Catholic,1086.0
Catholic,1078.0
Catholic,1081.0
Catholic,969.0
Catholic,1006.0
Catholic,1082.0
Catholic,1093.0
Catholic,935.0
Catholic,1119.0
Catholic,1091.0
Catholic,999.0
Catholic,1065.0
Catholic,1101.0
Catholic,1059.0
Catholic,1080.0
Catholic,1054.0
Catholic,1045.0
Catholic,1045.0
Catholic,1052.0
Catholic,1039.0
Catholic,827.0
Catholic,1096.0
Catholic,981.0
Catholic,1036.0
Catholic,836.0
Catholic,961.0
Catholic,1020.0
Catholic,979.0
Catholic,991.0
Catholic,1066.0
Catholic,996.0
Catholic,1011.0
Catholic,1064.0
Catholic,1001.0
Catholic,1002.0
Catholic,1019.0
Catholic,1038.0
Catholic,1061.0
Catholic,1011.0
Catholic,1029.0
Catholic,1017.0
Catholic,1075.0
Catholic,1102.0
Catholic,1068.0
Catholic,1069.0
Catholic,1011.0
Catholic,984.0
Catholic,1071.0
Catholic,1074.0
Catholic,1068.0
Catholic,1081.0
Catholic,1017.0
Catholic,1071.0
Catholic,1059.0
Catholic,999.0
Catholic,1031.0
Catholic,1044.0
Catholic,985.0
Catholic,1050.0
Catholic,970.0
Catholic,959.0
Catholic,985.0
Catholic,1022.0
Catholic,968.0
Catholic,956.0
Catholic,951.0
Catholic,1031.0
Catholic,1036.0
Catholic,1028.0
Catholic,1028.0
Catholic,1022.0
Catholic,996.0
Catholic,941.0
Catholic,998.0
Catholic,963.0
Catholic,970.0
Catholic,939.0
Catholic,1006.0
Catholic,957.0
Catholic,993.0
Catholic,1000.0
Catholic,1030.0
Catholic,1020.0
Catholic,1041.0
Catholic,924.0
Catholic,1008.0
Catholic,1003.0
Catholic,1043.0
Catholic,980.0
Catholic,1027.0
Catholic,1004.0
Catholic,1010.0
Catholic,891.0
Catholic,826.0
Catholic,770.0
Catholic,990.0
Catholic,941.0
Catholic,956.0
Catholic,1022.0
Catholic,992.0
Catholic,950.0
Catholic,1011.0
Catholic,993.0
Catholic,956.0
Catholic,988.0
Catholic,850.0
Catholic,823.0
Catholic,859.0
Catholic,1014.0
Catholic,1069.0
Catholic,1060.0
Catholic,1041.0
Catholic,1000.0
Catholic,1024.0
Catholic,1026.0
Catholic,1016.0
Catholic,998.0
Catholic,982.0
Catholic,1016.0
Catholic,959.0
Catholic,1011.0
Catholic,985.0
Catholic,1030.0
Catholic,1018.0
Catholic,989.0
Catholic,993.0
Catholic,1026.0
Catholic,1033.0
Catholic,938.0
Catholic,1075.0
Catholic,1033.0
Catholic,1029.0
Catholic,1050.0
Catholic,1028.0
Catholic,1050.0
Catholic,1018.0
Catholic,1034.0
Catholic,1012.0
Catholic,1038.0
Catholic,989.0
Catholic,983.0
Catholic,996.0
Catholic,1008.0
Catholic,948.0
Catholic,952.0
Catholic,957.0
Catholic,1000.0
Catholic,953.0
Catholic,1042.0
Catholic,1003.0
Catholic,956.0
Catholic,1006.0
Catholic,982.0
Catholic,1027.0
Catholic,879.0
Catholic,864.0
Catholic,961.0
Catholic,1003.0
Catholic,1042.0
Catholic,976.0
Catholic,991.0
Catholic,1020.0
Independent,1055.0
Independent,1051.0
Independent,1144.0
Independent,1189.0
Independent,1104.0
Independent,1049.0
Independent,1147.0
Catholic,1060.0
Independent,1126.0
Independent,1083.0
Independent,1125.0
Independent,1068.0
Independent,1131.0
Independent,1074.0
Independent,1159.0
Independent,1081.0
Independent,1057.0
Independent,1141.0
Independent,1138.0
Independent,1139.0
Independent,1145.0
Independent,1179.0
Catholic,1118.0
Independent,1135.0
Independent,1008.0
Independent,1038.0
Independent,1130.0
Independent,1124.0
Independent,1148.0
Independent,1144.0
Independent,1223.0
Independent,1107.0
Independent,1160.0
Independent,962.0
Independent,1038.0
Independent,1038.0
Independent,1164.0
Independent,989.0
Independent,1104.0
Independent,1023.0
Independent,1054.0
Independent,1069.0
Independent,993.0
Independent,1086.0
Independent,1039.0
Independent,1081.0
Independent,1155.0
Independent,1022.0
Independent,1049.0
Independent,1158.0
Independent,975.0
Independent,1097.0
Independent,1040.0
Independent,1108.0
Independent,1168.0
Independent,979.0
Independent,1087.0
Independent,787.0
Independent,1072.0
Independent,990.0
Independent,946.0
Independent,987.0
Independent,980.0
Independent,984.0
Independent,995.0
Independent,697.0
Independent,1120.0
Independent,898.0
Independent,859.0
Independent,1033.0
Independent,1103.0
Independent,942.0
Independent,1042.0
Independent,943.0
Independent,1112.0
Independent,889.0
Independent,946.0
Independent,1119.0
Independent,897.0
Independent,1022.0
Independent,1077.0
Independent,1073.0
Independent,1057.0
Independent,1103.0
Independent,974.0
Independent,1032.0
Independent,1015.0
Independent,1070.0
Independent,1046.0
Independent,1217.0
Independent,1103.0
Independent,1005.0
Independent,1048.0
Independent,1008.0
Independent,1107.0
Independent,1056.0
Independent,1042.0
Independent,1092.0
Independent,1033.0
Independent,952.0
Independent,1017.0
Independent,1072.0
Independent,999.0
Independent,1097.0
Independent,1057.0
Independent,1041.0
Independent,1059.0
Independent,1066.0
Independent,909.0
Independent,1274.0
Independent,963.0
Independent,1077.0
Independent,1091.0
Independent,1002.0
Independent,1116.0
Independent,1032.0
Independent,1173.0
Independent,1172.0
Independent,1030.0
Independent,1104.0
Independent,977.0
Independent,936.0
Independent,1039.0
Independent,1123.0
Independent,1025.0
Independent,1114.0
Independent,953.0
Independent,1113.0
Independent,923.0
Independent,1028.0
Independent,1107.0
Independent,1042.0
Independent,1030.0
Independent,1148.0
Independent,1017.0
Independent,1047.0
Independent,1092.0
Independent,1056.0
Independent,1023.0
Independent,978.0
Independent,1040.0
Independent,1162.0
Independent,981.0
Independent,1039.0
Independent,1109.0
Independent,1121.0
Independent,1014.0
Independent,1061.0
Independent,954.0
Independent,1005.0
Independent,1063.0
Independent,1032.0
Independent,1094.0
Independent,1094.0
Independent,1164.0
Independent,1166.0
Independent,1082.0
Independent,1175.0
Independent,1189.0
Independent,1097.0
Independent,1083.0
Independent,1128.0
Independent,1055.0
Independent,1178.0
Independent,1110.0
Independent,1048.0
Independent,1087.0
Independent,1093.0
Independent,1141.0
Independent,1181.0
Independent,1147.0
Independent,1110.0
Independent,1093.0
Independent,1162.0
Independent,1106.0
Independent,1137.0
Independent,1191.0
Independent,1050.0
Independent,965.0
Independent,1034.0
Independent,966.0
Independent,1187.0
Independent,1171.0
Independent,1157.0
Independent,1201.0
Independent,1067.0
Independent,1095.0
Independent,1190.0
Independent,1112.0
Independent,1182.0
Independent,1205.0
Independent,1057.0
Independent,1047.0
Independent,1163.0
Independent,1116.0
Catholic,1011.0
Independent,1072.0
Independent,1153.0
Independent,1162.0
Independent,1054.0
Independent,1001.0
Independent,1049.0
Independent,1194.0
Independent,1041.0
Independent,1038.0
Independent,1142.0
Independent,1084.0
Independent,1099.0
Independent,971.0
Independent,1069.0
Independent,1102.0
Independent,1091.0
Independent,973.0
Independent,977.0
Independent,976.0
Independent,973.0
Independent,1180.0
Independent,1146.0
Independent,1137.0
Independent,1065.0
Independent,983.0
Independent,1051.0
Independent,1012.0
Independent,1169.0
Independent,1011.0
Independent,1188.0
Independent,1132.0
Independent,1068.0
Independent,1038.0
Independent,1067.0
Independent,1159.0
Independent,1105.0
Independent,1118.0
Independent,1138.0
Independent,1170.0
Independent,1057.0
Independent,1051.0
Independent,1077.0
Independent,1101.0
Independent,1185.0
Independent,1074.0
Independent,1209.0
Independent,1173.0
Independent,1092.0
Independent,1159.0
Independent,1155.0
Independent,1032.0
Independent,1100.0
Independent,1120.0
Independent,1125.0
Independent,1041.0
Independent,1002.0
Independent,1077.0
Independent,1217.0
Independent,1036.0
Independent,977.0
Independent,1108.0
Independent,1186.0
Independent,1086.0
Independent,1064.0
Independent,1136.0
Independent,977.0
Independent,1109.0
Independent,1140.0
Independent,1014.0
Independent,1021.0
Independent,996.0
Independent,1181.0
Independent,1040.0
Independent,1093.0
Independent,1106.0
Independent,1046.0
Independent,1064.0
Independent,1173.0
Independent,1134.0
Independent,1123.0
Independent,1210.0
Independent,1063.0
Independent,1033.0
Independent,1178.0
Independent,1123.0
Independent,1118.0
Independent,1077.0
Independent,1160.0
Independent,1058.0
Independent,1140.0
Independent,1072.0
Independent,1061.0
Independent,1156.0
Independent,1178.0
Independent,1074.0
Independent,1132.0
Independent,1117.0
Independent,1121.0
Independent,1096.0
Independent,1137.0
Independent,962.0
Independent,1001.0
Independent,1161.0
Independent,1137.0
Independent,1072.0
Independent,1177.0
Independent,1085.0
Independent,1047.0
Independent,1106.0
Independent,1091.0
Independent,1039.0
Independent,1039.0
Independent,1061.0
Independent,1118.0
Independent,1206.0
Independent,1134.0
Independent,1052.0
Independent,950.0
Independent,1165.0
Independent,1046.0
Independent,1137.0
Independent,1005.0
Government,972.0
Government,1006.0
Government,965.0
Government,1002.0
Government,1112.0
Government,1112.0
Government,1008.0
Government,1069.0
Government,981.0
Government,1087.0
Government,983.0
Government,1116.0
Government,1052.0
Government,1126.0
Government,992.0
Government,946.0
Government,1054.0
Government,1011.0
Government,1009.0
Government,913.0
Government,1065.0
Government,902.0
Government,1034.0
Government,1125.0
Government,997.0
Government,1117.0
Government,869.0
Government,1036.0
Government,939.0
Government,1140.0
Government,1115.0
Government,1066.0
Government,1158.0
Government,1070.0
Government,1009.0
Government,1165.0
Government,1141.0
Government,983.0
Government,961.0
Government,1121.0
Government,975.0
Government,1119.0
Government,987.0
Government,1048.0
Government,986.0
Government,1013.0
Government,1020.0
Government,994.0
Government,1147.0
Government,991.0
Government,961.0
Government,1028.0
Government,1041.0
Government,951.0
Government,1147.0
Government,1080.0
Government,927.0
Government,1137.0
Government,1113.0
Government,1008.0
Government,1035.0
Government,981.0
Government,983.0
Government,1007.0
Government,1040.0
Government,959.0
Government,948.0
Government,1003.0
Government,1012.0
Government,1152.0
Government,978.0
Government,1075.0
Government,988.0
Government,1078.0
Government,967.0
Government,1018.0
Government,989.0
Government,1091.0
Government,1056.0
Government,1014.0
Government,1078.0
Government,1001.0
Government,954.0
Government,979.0
Government,1047.0
Government,965.0
Government,1095.0
Government,1005.0
Government,1040.0
Government,994.0
Government,1052.0
Government,1064.0
Government,1040.0
Government,989.0
Government,850.0
Government,892.0
Government,1032.0
Government,1001.0
Government,1025.0
Government,962.0
Government,1054.0
Government,978.0
Government,971.0
Government,1002.0
Government,1127.0
Government,1009.0
Government,1097.0
Government,1095.0
Government,974.0
Government,936.0
Government,964.0
Government,967.0
Government,953.0
Government,979.0
Government,958.0
Government,983.0
Government,978.0
Government,970.0
Government,1014.0
Government,1005.0
Government,974.0
Government,1001.0
Government,945.0
Government,972.0
Government,1194.0
Government,1034.0
Government,984.0
Government,1027.0
Government,989.0
Government,1064.0
Government,905.0
Government,998.0
Government,908.0
Government,992.0
Government,1056.0
Government,1065.0
Government,1087.0
Government,1018.0
Government,1161.0
Government,967.0
Government,1171.0
Government,1013.0
Government,949.0
Government,1007.0
Government,1039.0
Government,993.0
Government,987.0
Government,960.0
Government,1119.0
Government,1004.0
Government,996.0
Government,1151.0
Government,1019.0
Government,1050.0
Government,1009.0
Government,941.0
Government,921.0
Government,1092.0
Government,982.0
Government,956.0
Government,1108.0
Government,1029.0
Government,1014.0
Government,955.0
Government,984.0
Government,965.0
Government,935.0
Government,1070.0
Government,1110.0
Government,949.0
Government,994.0
Government,942.0
Government,1056.0
Government,1016.0
Government,1048.0
Government,1174.0
Government,1024.0
Government,1037.0
Government,901.0
Government,1014.0
Government,968.0
Government,1156.0
Government,1123.0
Government,1025.0
Government,1120.0
Government,971.0
Government,912.0
Government,929.0
Government,1038.0
Government,995.0
Government,986.0
Government,987.0
Government,1148.0
Government,1034.0
Government,986.0
Government,983.0
Government,1044.0
Government,933.0
Government,1010.0
Government,1019.0
Government,1032.0
Government,957.0
Government,1093.0
Government,934.0
Government,979.0
Government,971.0
Government,903.0
Government,998.0
Government,1186.0
Government,1057.0
Government,980.0
Government,1008.0
Government,1089.0
Government,1037.0
Government,989.0
Government,1013.0
Government,918.0
Government,1002.0
Government,1007.0
Government,1166.0
Government,1136.0
Government,935.0
Government,1074.0
Government,1135.0
Government,856.0
Government,999.0
Government,987.0
Government,958.0
Government,900.0
Government,1023.0
Government,982.0
Government,972.0
Government,979.0
Government,1023.0
Government,848.0
Government,1003.0
Government,1015.0
Government,964.0
Government,1003.0
Government,977.0
Government,1126.0
Government,977.0
Government,1004.0
Government,986.0
Government,991.0
Government,1150.0
Government,1059.0
Government,1113.0
Government,992.0
Government,1160.0
Government,959.0
Government,1002.0
Government,1153.0
Government,1044.0
Government,959.0
Government,980.0
Government,978.0
Government,1064.0
Government,885.0
Government,964.0
Government,988.0
Government,1120.0
Government,1044.0
Government,952.0
Government,987.0
Government,1093.0
Government,909.0
Government,1009.0
Government,975.0
Government,995.0
Government,1120.0
Government,1069.0
Government,1163.0
Government,1022.0
Government,948.0
Government,970.0
Government,925.0
Government,1045.0
Government,1016.0
Government,958.0
Government,954.0
Government,1109.0
Government,930.0
Government,1026.0
Government,997.0
Government,888.0
Government,1019.0
Government,1026.0
Government,1084.0
Government,1012.0
Government,949.0
Government,982.0
Government,988.0
Government,948.0
Government,1033.0
Government,994.0
Government,1015.0
Government,963.0
Government,942.0
Government,985.0
Government,1043.0
Government,1016.0
Government,917.0
Government,945.0
Government,945.0
Government,1003.0
Government,1056.0
Government,1064.0
Government,813.0
Government,1022.0
Government,1143.0
Government,1076.0
Government,1049.0
Government,1053.0
Government,1017.0
Government,988.0
Government,970.0
Government,1125.0
Government,1079.0
Government,1064.0
Government,977.0
Government,1049.0
Government,972.0
Government,907.0
Government,1064.0
Government,1031.0
Government,992.0
Government,1030.0
Government,978.0
Government,917.0
Government,1027.0
Government,1040.0
Government,989.0
Government,978.0
Government,1000.0
Government,951.0
Government,996.0
Government,1062.0
Government,970.0
Government,1008.0
Government,968.0
Government,1042.0
Government,1146.0
Government,1117.0
Government,1052.0
Government,969.0
Government,965.0
Government,1139.0
Government,1058.0
Government,1019.0
Government,967.0
Government,974.0
Government,1028.0
Government,946.0
Government,977.0
Government,986.0
Government,1007.0
Government,986.0
Government,1085.0
Government,1040.0
Government,975.0
Government,943.0
Government,934.0
Government,918.0
Government,1088.0
Government,1024.0
Government,893.0
Government,1079.0
Government,994.0
Government,968.0
Government,986.0
Government,1007.0
Government,985.0
Government,1001.0
Government,974.0
Government,948.0
Government,994.0
Government,921.0
Government,983.0
Government,941.0
Government,1050.0
Government,977.0
Government,923.0
Government,1007.0
Government,965.0
Government,982.0
Government,1016.0
Government,1006.0
Government,1035.0
Government,1042.0
Government,934.0
Government,967.0
Government,1153.0
Government,989.0
Government,989.0
Government,1018.0
Government,994.0
Government,1157.0
Government,1010.0
Government,1057.0
Government,1142.0
Government,989.0
Government,1034.0
Government,945.0
Government,1030.0
Government,827.0
Government,1002.0
Government,1039.0
Government,1027.0
Government,981.0
Government,1163.0
Government,969.0
Government,1133.0
Government,1140.0
Government,951.0
Government,1012.0
Government,972.0
Government,1156.0
Government,1071.0
Government,1013.0
Government,1034.0
Government,924.0
Government,917.0
Government,1076.0
Government,1044.0
Government,1009.0
Government,1170.0
Government,979.0
Government,996.0
Government,952.0
Government,1010.0
Government,1171.0
Government,1061.0
Government,1166.0
Government,983.0
Government,954.0
Government,931.0
Government,1150.0
Government,996.0
Government,1153.0
Government,1112.0
Government,903.0
Government,977.0
Government,1147.0
Government,990.0
Government,1146.0
Government,960.0
Government,1136.0
Government,1127.0
Government,995.0
Government,797.0
Government,1141.0
Government,886.0
Government,1134.0
Government,1162.0
Government,1112.0
Government,1147.0
Government,1092.0
Government,1015.0
Government,966.0
Government,961.0
Government,955.0
Government,1008.0
Government,936.0
Government,1141.0
Government,1001.0
Government,1024.0
Government,1046.0
Government,1034.0
Government,1041.0
Government,1017.0
Government,994.0
Government,1158.0
Government,973.0
Government,977.0
Government,1066.0
Government,933.0
Government,1105.0
Government,1005.0
Government,1186.0
Government,1014.0
Government,1027.0
Government,1140.0
Government,984.0
Government,1170.0
Government,1183.0
Government,995.0
Government,959.0
Government,1162.0
Government,1002.0
Government,985.0
Government,1055.0
Government,1111.0
Government,999.0
Government,1080.0
Government,993.0
Government,1032.0
Government,988.0
Government,1048.0
Government,1078.0
Government,1006.0
Government,1025.0
Government,1115.0
Government,1009.0
Government,1082.0
Government,1059.0
Government,1031.0
Government,1080.0
Government,1092.0
Government,1061.0
Government,1075.0
Government,984.0
Government,1003.0
Government,1165.0
Government,1062.0
Government,1161.0
Government,980.0
Government,983.0
Government,1089.0
Government,984.0
Government,964.0
Government,1056.0
Government,1019.0
Government,1022.0
Government,1009.0
Government,994.0
Government,1065.0
Government,1012.0
Government,1192.0
Government,986.0
Government,1004.0
Government,1151.0
Government,1020.0
Government,1173.0
Government,916.0
Government,987.0
Government,992.0
Government,1017.0
Government,1143.0
Government,1031.0
Government,948.0
Government,996.0
Government,1117.0
Government,1003.0
Government,943.0
Government,1159.0
Government,922.0
Government,979.0
Government,976.0
Government,1043.0
Government,999.0
Government,1151.0
Government,978.0
Government,1031.0
Government,942.0
Government,962.0
Government,1075.0
Government,1168.0
Government,978.0
Government,928.0
Government,1100.0
Government,991.0
Government,1021.0
Government,970.0
Government,1160.0
Government,1030.0
Government,1122.0
Government,915.0
Government,1135.0
Government,1093.0
Government,1117.0
Government,1016.0
Government,1164.0
Government,1134.0
Government,939.0
Government,1111.0
Government,986.0
Government,1038.0
Government,985.0
Government,978.0
Government,1026.0
Government,844.0
Government,1055.0
Government,1147.0
Government,1131.0
Government,1149.0
Government,1068.0
Government,1015.0
Government,1070.0
Government,936.0
Government,935.0
Government,863.0
Government,971.0
Government,975.0
Government,1145.0
Government,1118.0
Government,1118.0
Government,1116.0
Government,1029.0
Government,1191.0
Government,958.0
Government,1055.0
Government,930.0
Government,899.0
Government,982.0
Government,1141.0
Government,1117.0
Government,1041.0
Government,1107.0
Government,944.0
Government,1180.0
Government,1015.0
Government,1051.0
Government,1056.0
Government,1080.0
Government,954.0
Government,1183.0
Government,1133.0
Government,1144.0
Government,1204.0
Government,1165.0
Government,1100.0
Government,1127.0
Government,1018.0
Government,931.0
Government,1060.0
Government,1108.0
Government,1082.0
Government,1015.0
Government,1063.0
Government,974.0
Government,1031.0
Government,905.0
Government,990.0
Government,1006.0
Government,1168.0
Government,1165.0
Government,1147.0
Government,1164.0
Government,1155.0
Government,1146.0
Government,1099.0
Government,1090.0
Government,899.0
Government,1156.0
Government,1008.0
Government,1155.0
Government,939.0
Government,939.0
Government,1029.0
Government,1140.0
Government,971.0
Government,998.0
Government,1135.0
Government,1105.0
Government,1045.0
Government,1114.0
Government,1128.0
Government,1098.0
Government,1074.0
Government,1104.0
Government,1139.0
Government,1161.0
Government,1017.0
Government,1056.0
Government,1146.0
Government,928.0
Government,974.0
Government,811.0
Government,954.0
Government,890.0
Government,1082.0
Government,834.0
Government,1114.0
Government,955.0
Government,1096.0
Government,1008.0
Government,1023.0
Government,943.0
Government,1109.0
Government,935.0
Government,1120.0
Government,962.0
Government,1002.0
Government,1000.0
Government,1152.0
Government,1019.0
Government,986.0
Government,986.0
Government,886.0
Government,1092.0
Government,1108.0
Government,984.0
Government,1068.0
Government,1136.0
Government,1127.0
Government,1120.0
Government,1084.0
Government,1055.0
Government,984.0
Government,1095.0
Government,955.0
Government,913.0
Government,895.0
Government,1017.0
Government,1038.0
Government,1122.0
Government,1024.0
Government,793.0
Government,951.0
Government,951.0
Government,926.0
Government,1029.0
Government,966.0
Government,1161.0
Government,958.0
Government,1133.0
Government,1122.0
Government,1010.0
Government,913.0
Government,950.0
Government,955.0
Government,938.0
Government,979.0
Government,994.0
Government,948.0
Government,877.0
Government,1156.0
Government,1058.0
Government,1112.0
Government,1012.0
Government,1077.0
Government,966.0
Government,1150.0
Government,976.0
Government,965.0
Government,1133.0
Government,1031.0
Government,907.0
Government,950.0
Government,1074.0
Government,1153.0
Government,932.0
Government,1043.0
Government,1137.0
Government,1127.0
Government,1116.0
Government,1163.0
Government,1062.0
Government,1119.0
Government,1100.0
Government,1101.0
Government,1137.0
Government,1027.0
Government,986.0
Government,1017.0
Government,997.0
Government,973.0
Government,1119.0
Government,967.0
Government,1170.0
Government,1159.0
Government,1001.0
Government,991.0
Government,1094.0
Government,1161.0
Government,948.0
Government,1018.0
Government,1049.0
Government,1044.0
Government,1095.0
Government,993.0
Government,1064.0
Government,949.0
Government,1138.0
Government,1103.0
Government,1078.0
Government,980.0
Government,1143.0
Government,1004.0
Government,1150.0
Government,1072.0
Government,1004.0
Government,977.0
Government,1121.0
Government,1104.0
Government,987.0
Government,1034.0
Government,953.0
Government,1131.0
Government,985.0
Government,1146.0
Government,1152.0
Government,1112.0
Government,994.0
Government,1107.0
Government,878.0
Government,1104.0
Government,919.0
Government,923.0
Government,909.0
Government,833.0
Government,1063.0
Government,999.0
Government,950.0
Government,958.0
Government,934.0
Government,930.0
Government,1099.0
Government,1120.0
Government,956.0
Government,1051.0
Government,1041.0
Government,965.0
Government,1101.0
Government,1099.0
Government,1070.0
Government,897.0
Government,966.0
Government,969.0
Government,957.0
Government,986.0
Government,1092.0
Government,1148.0
Government,1080.0
Government,953.0
Government,1061.0
Government,1163.0
Government,862.0
Government,1097.0
Government,970.0
Government,1060.0
Government,951.0
Government,963.0
Government,1004.0
Government,1011.0
Government,955.0
Government,1157.0
Government,1039.0
Government,1006.0
Government,1086.0
Government,1133.0
Government,972.0
Government,946.0
Government,998.0
Government,1007.0
Government,989.0
Government,943.0
Government,998.0
Government,925.0
Government,1066.0
Government,1127.0
Government,1003.0
Government,997.0
Government,937.0
Government,918.0
Government,1075.0
Government,1037.0
Government,930.0
Government,1040.0
Government,978.0
Government,921.0
Government,950.0
Government,962.0
Government,1025.0
Government,1013.0
Government,979.0
Government,968.0
Government,1065.0
Government,903.0
Government,936.0
Government,1062.0
Government,1026.0
Government,901.0
Government,945.0
Government,1012.0
Government,942.0
Government,1023.0
Government,839.0
Government,932.0
Government,942.0
Government,997.0
Government,1151.0
Government,1058.0
Government,912.0
Government,1071.0
Government,1075.0
Government,1096.0
Government,1071.0
Government,1079.0
Government,1021.0
Government,1150.0
Government,1142.0
Government,908.0
Government,984.0
Government,1023.0
Government,1097.0
Government,896.0
Government,997.0
Government,1108.0
Government,910.0
Government,1068.0
Government,1034.0
Government,952.0
Government,954.0
Government,1027.0
Government,956.0
Government,969.0
Government,1119.0
Government,877.0
Government,1032.0
Government,969.0
Government,1082.0
Government,929.0
Government,1067.0
Government,944.0
Government,894.0
Government,1141.0
Government,1065.0
Government,1010.0
Government,951.0
Government,961.0
Government,991.0
Government,1173.0
Government,1090.0
Government,1000.0
Government,1086.0
Government,1128.0
Government,950.0
Government,1023.0
Government,1115.0
Government,1103.0
Government,1008.0
Government,941.0
Government,946.0
Government,1061.0
Government,1005.0
Government,1048.0
Government,1040.0
Government,974.0
Government,1136.0
Government,983.0
Government,988.0
Government,970.0
Government,889.0
Government,994.0
Government,976.0
Government,981.0
Government,976.0
Government,1144.0
Government,1037.0
Government,1043.0
Government,998.0
Government,1030.0
Government,928.0
Government,934.0
Government,1073.0
Government,922.0
Government,919.0
Government,897.0
Government,957.0
Government,1012.0
Government,942.0
Government,1112.0
Government,1010.0
Government,966.0
Government,990.0
Government,920.0
Government,1090.0
Government,1046.0
Government,960.0
Government,1008.0
Government,910.0
Government,993.0
Government,933.0
Government,999.0
Government,881.0
Government,1049.0
Government,1003.0
Government,1095.0
Government,942.0
Government,1016.0
Government,1029.0
Government,1088.0
Government,1028.0
Government,976.0
Government,908.0
Government,1150.0
Government,1134.0
Government,878.0
Government,903.0
Government,898.0
Government,921.0
Government,1006.0
Government,1003.0
Government,1067.0
Government,898.0
Government,850.0
Government,1006.0
Government,1130.0
Government,966.0
Government,1051.0
Government,1138.0
Government,963.0
Government,951.0
Government,923.0
Government,995.0
Government,1050.0
Government,1086.0
Government,993.0
Government,940.0
Government,885.0
Government,1095.0
Government,1047.0
Government,1091.0
Government,1031.0
Government,1036.0
Government,1003.0
Government,1006.0
Government,1051.0
Government,1015.0
Government,985.0
Government,1096.0
Government,984.0
Government,963.0
Government,1090.0
Government,906.0
Government,954.0
Government,1017.0
Government,1075.0
Government,1043.0
Government,976.0
Government,929.0
Government,1004.0
Government,1009.0
Government,978.0
Government,998.0
Government,975.0
Government,987.0
Government,957.0
Government,964.0
Government,1045.0
Government,970.0
Government,1038.0
Government,952.0
Government,1010.0
Government,1025.0
Government,926.0
Government,941.0
Government,1007.0
Government,1079.0
Government,963.0
Government,974.0
Government,1040.0
Government,1026.0
Government,931.0
Government,941.0
Government,963.0
Government,1015.0
Government,939.0
Government,1052.0
Government,957.0
Government,1098.0
Government,1014.0
Government,1120.0
Government,1009.0
Government,998.0
Government,1080.0
Government,970.0
Government,1141.0
Government,974.0
Government,1017.0
Government,1093.0
Government,1018.0
Government,1142.0
Government,1155.0
Government,977.0
Government,997.0
Government,947.0
Government,976.0
Government,1077.0
Government,1055.0
Government,931.0
Government,993.0
Government,923.0
Government,940.0
Government,963.0
Government,960.0
Government,1010.0
Government,949.0
Government,1147.0
Government,893.0
Government,975.0
Government,984.0
Government,1072.0
Government,1019.0
Government,1014.0
Government,994.0
Government,1013.0
Government,1018.0
Government,1019.0
Government,956.0
Government,1017.0
Government,1040.0
Government,1133.0
Government,857.0
Government,949.0
Government,1011.0
Government,952.0
Government,1027.0
Government,1042.0
Government,1007.0
Government,995.0
Government,1027.0
Government,963.0
Government,998.0
Government,1029.0
Government,840.0
Government,1034.0
Government,1123.0
Government,967.0
Government,981.0
Government,974.0
Government,964.0
Government,974.0
Government,947.0
Government,929.0
Government,978.0
Government,1019.0
Government,1002.0
Government,968.0
Government,1043.0
Government,979.0
Government,933.0
Government,992.0
Government,1022.0
Government,1046.0
Government,977.0
Government,985.0
Government,963.0
Government,899.0
Government,1010.0
Government,935.0
Government,980.0
Government,972.0
Government,983.0
Government,959.0
Government,894.0
Government,1073.0
Government,965.0
Government,985.0
Government,1055.0
Government,1085.0
Government,982.0
Government,965.0
Government,860.0
Government,983.0
Government,1006.0
Government,1073.0
Government,926.0
Government,985.0
Government,1055.0
Government,919.0
Government,941.0
Government,1007.0
Government,1018.0
Government,996.0
Government,1003.0
Government,966.0
Government,968.0
Government,1000.0
Government,956.0
Government,878.0
Government,1082.0
Government,996.0
Government,1027.0
Government,1060.0
Government,1141.0
Government,982.0
Government,921.0
Government,940.0
Government,967.0
Government,968.0
Government,1016.0
Government,1141.0
Government,972.0
Government,968.0
Government,1045.0
Government,1053.0
Government,1027.0
Government,1094.0
Government,1123.0
Government,977.0
Government,1097.0
Government,1106.0
Government,969.0
Government,1088.0
Government,1119.0
Government,1141.0
Government,960.0
Government,1054.0
Government,952.0
Government,971.0
Government,931.0
Government,983.0
Government,1069.0
Government,956.0
Government,1124.0
Government,968.0
Government,1067.0
Government,975.0
Government,922.0
Government,1101.0
Government,1096.0
Government,956.0
Government,956.0
Government,994.0
Government,1016.0
Government,1006.0
Government,1067.0
Government,998.0
Government,961.0
Government,1017.0
Government,994.0
Government,1030.0
Government,957.0
Government,964.0
Government,898.0
Government,1114.0
Government,948.0
Government,948.0
Government,1008.0
Government,1110.0
Government,1108.0
Government,964.0
Government,976.0
Government,943.0
Government,1008.0
Government,964.0
Government,960.0
Government,1013.0
Government,935.0
Government,1021.0
Government,942.0
Government,1003.0
Government,1064.0
Government,1003.0
Government,1046.0
Government,1195.0
Government,944.0
Government,1102.0
Government,992.0
Government,1044.0
Government,1083.0
Government,982.0
Government,1062.0
Government,1040.0
Government,1063.0
Government,1127.0
Government,1118.0
Government,1186.0
Government,924.0
Government,948.0
Government,950.0
Government,1153.0
Government,1059.0
Government,935.0
Government,1023.0
Government,956.0
Government,962.0
Government,1067.0
Government,987.0
Government,1152.0
Government,1006.0
Government,906.0
Government,1052.0
Government,964.0
Government,989.0
Government,954.0
Government,1003.0
Government,962.0
Government,975.0
Government,968.0
Government,1086.0
Government,993.0
Government,1037.0
Government,988.0
Government,926.0
Government,999.0
Government,1117.0
Government,912.0
Government,975.0
Government,1048.0
Government,1122.0
Government,1045.0
Government,969.0
Government,957.0
Government,1031.0
Government,964.0
Government,1049.0
Government,1006.0
Government,1048.0
Government,955.0
Government,966.0
Government,1037.0
Government,953.0
Government,960.0
Government,1117.0
Government,918.0
Government,1005.0
Government,989.0
Government,905.0
Government,975.0
Government,1004.0
Government,917.0
Government,947.0
Government,889.0
Government,1010.0
Government,1005.0
Government,1045.0
Government,1015.0
Government,1065.0
Government,959.0
Government,1028.0
Government,1086.0
Government,1093.0
Government,1058.0
Government,991.0
Government,1020.0
Government,1020.0
Government,940.0
Government,1023.0
Government,966.0
Government,973.0
Government,1007.0
Government,952.0
Government,970.0
Government,1067.0
Government,946.0
Government,1006.0
Government,1052.0
Government,944.0
Government,1004.0
Government,1004.0
Government,1119.0
Government,1124.0
Government,927.0
Government,979.0
Government,1125.0
Government,902.0
Government,949.0
Government,1014.0
Government,965.0
Government,1142.0
Government,991.0
Government,954.0
Government,1099.0
Government,1040.0
Government,975.0
Government,938.0
Government,995.0
Government,992.0
Government,989.0
Government,940.0
Government,981.0
Government,918.0
Government,975.0
Government,989.0
Government,964.0
Government,1004.0
Government,996.0
Government,939.0
Government,969.0
Government,1044.0
Government,891.0
Government,922.0
Government,924.0
Government,955.0
Government,1155.0
Government,941.0
Government,967.0
Government,938.0
Government,986.0
Government,986.0
Government,983.0
Government,964.0
Government,944.0
Government,930.0
Government,967.0
Government,964.0
Government,931.0
Government,958.0
Government,977.0
Catholic,1077.0
Catholic,1053.0
Catholic,1093.0
Catholic,1055.0
Catholic,1096.0
Catholic,1052.0
Catholic,1064.0
Catholic,1073.0
Catholic,993.0
Catholic,1126.0
Catholic,1107.0
Catholic,1098.0
Catholic,1045.0
Catholic,1111.0
Catholic,1050.0
Catholic,993.0
Catholic,1016.0
Catholic,1024.0
Catholic,1022.0
Catholic,1156.0
Catholic,1171.0
Catholic,1110.0
Catholic,1090.0
Catholic,970.0
Catholic,1058.0
Catholic,1017.0
Catholic,1015.0
Catholic,1001.0
Catholic,1045.0
Catholic,1049.0
Catholic,1048.0
Catholic,1048.0
Catholic,1048.0
Catholic,1038.0
Catholic,1032.0
Catholic,1037.0
Catholic,1105.0
Catholic,1011.0
Catholic,1022.0
Catholic,1132.0
Catholic,1133.0
Catholic,1121.0
Catholic,1018.0
Catholic,1052.0
Catholic,1033.0
Catholic,1070.0
Catholic,1109.0
Catholic,1009.0
Catholic,1040.0
Catholic,1097.0
Catholic,1021.0
Catholic,1065.0
Catholic,1061.0
Catholic,988.0
Catholic,1004.0
Catholic,1000.0
Catholic,1047.0
Catholic,982.0
Catholic,1046.0
Catholic,1154.0
Catholic,973.0
Catholic,1017.0
Catholic,995.0
Catholic,1035.0
Catholic,1040.0
Catholic,1079.0
Catholic,936.0
Catholic,1045.0
Catholic,1051.0
Catholic,1125.0
Catholic,1043.0
Catholic,1015.0
Catholic,1025.0
Catholic,1082.0
Catholic,1064.0
Catholic,1030.0
Catholic,1021.0
Catholic,999.0
Catholic,1068.0
Catholic,1075.0
Catholic,1114.0
Catholic,1107.0
Catholic,1129.0
Catholic,1052.0
Catholic,1119.0
Catholic,928.0
Catholic,1026.0
Catholic,1041.0
Catholic,1169.0
Catholic,1038.0
Catholic,1022.0
Catholic,1070.0
Catholic,991.0
Catholic,1127.0
Catholic,1003.0
Catholic,1015.0
Catholic,1012.0
Catholic,1180.0
Catholic,1010.0
Catholic,1106.0
Catholic,1003.0
Catholic,1026.0
Catholic,1035.0
Catholic,1107.0
Catholic,1049.0
Catholic,1040.0
Catholic,1059.0
Catholic,1127.0
Catholic,1041.0
Catholic,1026.0
Catholic,1116.0
Catholic,1046.0
Catholic,1051.0
Catholic,1064.0
Catholic,1129.0
Catholic,1111.0
Catholic,1124.0
Catholic,1091.0
Catholic,1090.0
Catholic,1124.0
Catholic,1098.0
Catholic,993.0
Catholic,1138.0
Catholic,1031.0
Catholic,1144.0
Catholic,1019.0
Catholic,1131.0
Catholic,1103.0
Catholic,1071.0
Catholic,1041.0
Catholic,1002.0
Catholic,1029.0
Catholic,1031.0
Catholic,1158.0
Catholic,1149.0
Catholic,1081.0
Catholic,1141.0
Catholic,1156.0
Catholic,974.0
Catholic,1052.0
Catholic,1152.0
Catholic,1081.0
Catholic,1036.0
Catholic,1008.0
Catholic,977.0
Catholic,1070.0
Catholic,1089.0
Catholic,1009.0
Catholic,1007.0
Catholic,1170.0
Catholic,1033.0
Catholic,1136.0
Catholic,1006.0
Catholic,1147.0
Catholic,1034.0
Catholic,1142.0
Catholic,956.0
Catholic,1051.0
Catholic,1116.0
Catholic,959.0
Catholic,1138.0
Catholic,1084.0
Catholic,1136.0
Catholic,1167.0
Catholic,1169.0
Catholic,1142.0
Catholic,1004.0
Catholic,997.0
Catholic,1038.0
Catholic,1119.0
Catholic,1105.0
Catholic,1060.0
Catholic,1094.0
Catholic,1006.0
Catholic,1042.0
Catholic,1111.0
Catholic,1060.0
Catholic,1134.0
Catholic,1059.0
Catholic,1015.0
Catholic,1007.0
Catholic,1141.0
Catholic,1166.0
Catholic,1152.0
Catholic,981.0
Catholic,1122.0
Catholic,1063.0
Catholic,1172.0
Catholic,1164.0
Catholic,985.0
Catholic,1061.0
Catholic,1110.0
Catholic,1140.0
Catholic,1076.0
Catholic,1075.0
Catholic,1095.0
Catholic,987.0
Catholic,1096.0
Catholic,1192.0
Catholic,1013.0
Catholic,1124.0
Catholic,1075.0
Catholic,1008.0
Catholic,1097.0
Catholic,1078.0
Catholic,1153.0
Catholic,1121.0
Catholic,1100.0
Catholic,1105.0
Catholic,1099.0
Catholic,1100.0
Catholic,1112.0
Catholic,1139.0
Catholic,1002.0
Catholic,1093.0
Catholic,1133.0
Catholic,1093.0
Catholic,952.0
Catholic,1063.0
Catholic,1000.0
Catholic,1115.0
Catholic,1025.0
Catholic,1076.0
Catholic,1149.0
Catholic,1026.0
Catholic,1098.0
Catholic,1107.0
Catholic,1065.0
Catholic,1027.0
Catholic,1019.0
Catholic,1107.0
Catholic,953.0
Catholic,1130.0
Catholic,976.0
Catholic,1010.0
Catholic,941.0
Catholic,1056.0
Catholic,1122.0
Catholic,1033.0
Catholic,1020.0
Catholic,1082.0
Catholic,994.0
Catholic,1108.0
Catholic,1029.0
Catholic,1068.0
Catholic,1109.0
Catholic,995.0
Catholic,1012.0
Catholic,1006.0
Catholic,1055.0
Catholic,1020.0
Catholic,1015.0
Catholic,1051.0
Catholic,1137.0
Catholic,1076.0
Catholic,1005.0
Catholic,1034.0
Catholic,1055.0
Catholic,1125.0
Catholic,1006.0
Catholic,1124.0
Catholic,1049.0
Catholic,999.0
Catholic,1142.0
Catholic,1083.0
Catholic,1102.0
Catholic,1001.0
Catholic,993.0
Catholic,1002.0
Catholic,1017.0
Catholic,1127.0
Catholic,1006.0
Catholic,1065.0
Catholic,1111.0
Catholic,1001.0
Catholic,1018.0
Catholic,962.0
Catholic,956.0
Catholic,1086.0
Catholic,958.0
Catholic,994.0
Catholic,1142.0
Catholic,1067.0
Catholic,1141.0
Catholic,1099.0
Catholic,1088.0
Catholic,1009.0
Catholic,975.0
Catholic,1085.0
Catholic,1009.0
Catholic,1049.0
Catholic,1049.0
Catholic,1085.0
Catholic,1089.0
Catholic,1002.0
Catholic,1083.0
Catholic,1025.0
Catholic,1080.0
Catholic,1084.0
Catholic,1082.0
Catholic,1079.0
Catholic,1108.0
Catholic,1042.0
Catholic,1020.0
Catholic,999.0
Catholic,1100.0
Catholic,1017.0
Catholic,1109.0
Catholic,1086.0
Catholic,1013.0
Catholic,1093.0
Catholic,1003.0
Catholic,1052.0
Catholic,1068.0
Catholic,1107.0
Catholic,1074.0
Catholic,1113.0
Catholic,1137.0
Catholic,911.0
Catholic,1079.0
Catholic,1036.0
Catholic,1080.0
Catholic,1061.0
Catholic,1029.0
Catholic,1026.0
Catholic,1084.0
Catholic,1053.0
Catholic,1028.0
Catholic,1055.0
Catholic,1070.0
Catholic,1089.0
Catholic,1074.0
Catholic,1138.0
Catholic,1096.0
Catholic,1139.0
Catholic,1151.0
Catholic,1058.0
Catholic,1039.0
Catholic,1116.0
Catholic,1085.0
Catholic,1084.0
Catholic,1019.0
Catholic,1080.0
Catholic,1083.0
Catholic,1040.0
Catholic,979.0
Catholic,1083.0
Catholic,972.0
Catholic,1006.0
Catholic,976.0
Catholic,1035.0
Catholic,1046.0
Catholic,1047.0
Catholic,1065.0
Catholic,967.0
Catholic,937.0
Catholic,1035.0
Catholic,1102.0
Catholic,986.0
Catholic,1043.0
Catholic,1059.0
Catholic,1108.0
Catholic,1052.0
Catholic,1025.0
Catholic,1045.0
Catholic,1049.0
Catholic,957.0
Catholic,932.0
Catholic,1076.0
Catholic,1077.0
Catholic,1000.0
Catholic,1085.0
Catholic,1098.0
Catholic,999.0
Catholic,1054.0
Catholic,1087.0
Catholic,1018.0
Catholic,1119.0
Catholic,1038.0
Catholic,984.0
Catholic,1053.0
Catholic,1073.0
Catholic,1055.0
Catholic,1012.0
Catholic,1057.0
Catholic,1074.0
Catholic,1116.0
Catholic,1006.0
Catholic,1037.0
Catholic,1087.0
Catholic,1064.0
Catholic,1047.0
Catholic,1092.0
Catholic,1045.0
Catholic,1069.0
Catholic,1036.0
Catholic,1040.0
Catholic,1032.0
Catholic,1059.0
Catholic,1002.0
Catholic,1046.0
Catholic,999.0
Catholic,1093.0
Catholic,1058.0
Catholic,1083.0
Catholic,1056.0
Catholic,1047.0
Catholic,1050.0
Catholic,1119.0
Catholic,1032.0
Catholic,1052.0
Catholic,1137.0
Catholic,1062.0
Catholic,1023.0
Catholic,1040.0
Catholic,1045.0
Catholic,1023.0
Catholic,1011.0
Catholic,1029.0
Catholic,1093.0
Catholic,1154.0
Catholic,1043.0
Catholic,1058.0
Catholic,1044.0
Catholic,1000.0
Catholic,911.0
Catholic,1063.0
Catholic,1108.0
Catholic,1067.0
Catholic,1061.0
Catholic,1051.0
Catholic,1095.0
Catholic,1062.0
Catholic,1098.0
Catholic,1070.0
Catholic,1009.0
Catholic,982.0
Catholic,1039.0
Catholic,1087.0
Catholic,1048.0
Catholic,1069.0
Catholic,1101.0
Catholic,1065.0
Catholic,961.0
Catholic,1045.0
Catholic,1088.0
Catholic,980.0
Catholic,1026.0
Catholic,1079.0
Catholic,1047.0
Catholic,1094.0
Catholic,975.0
Catholic,1082.0
Catholic,1042.0
Catholic,1043.0
Independent,1172.0
Independent,1183.0
Independent,1177.0
Independent,1198.0
Independent,1157.0
Independent,1005.0
Independent,1063.0
Independent,1190.0
Independent,1172.0
Independent,1213.0
Independent,1191.0
Independent,1199.0
Independent,1180.0
Independent,1181.0
Independent,1156.0
Independent,1009.0
Independent,1207.0
Independent,1180.0
Independent,1152.0
Independent,1120.0
Independent,1107.0
Independent,1169.0
Independent,1188.0
Independent,1184.0
Independent,1154.0
Independent,1151.0
Independent,1175.0
Independent,1161.0
Independent,1173.0
Independent,1144.0
Independent,1181.0
Independent,1177.0
Independent,1182.0
Independent,1191.0
Independent,1135.0
Independent,1174.0
Independent,1096.0
Independent,1192.0
Independent,1143.0
Independent,1201.0
Independent,1162.0
Independent,1155.0
Independent,1180.0
Independent,1154.0
Independent,1159.0
Independent,981.0
Independent,1101.0
Independent,1058.0
Independent,932.0
Independent,1073.0
Independent,1086.0
Independent,1123.0
Independent,1125.0
Independent,1164.0
Independent,1083.0
Independent,1127.0
Independent,1155.0
Independent,1101.0
Independent,1059.0
Independent,1097.0
Independent,1067.0
Independent,1139.0
Independent,1158.0
Independent,1084.0
Independent,1168.0
Independent,1121.0
Independent,1073.0
Independent,1052.0
Independent,1038.0
Independent,1137.0
Independent,1143.0
Independent,1141.0
Independent,1165.0
Independent,1166.0
Independent,1102.0
Independent,1066.0
Independent,1147.0
Independent,1119.0
Independent,1070.0
Independent,1083.0
Independent,1007.0
Independent,1098.0
Independent,1104.0
Independent,1221.0
Independent,1063.0
Independent,1028.0
Independent,1113.0
Independent,1089.0
Independent,1086.0
Independent,1077.0
Independent,1128.0
Independent,1159.0
Independent,1139.0
Independent,1106.0
Independent,934.0
Independent,1023.0
Independent,1009.0
Independent,1035.0
Independent,1061.0
Independent,1078.0
Independent,1078.0
Independent,649.0
Independent,1003.0
Independent,1166.0
Independent,1055.0
Independent,1071.0
Independent,1083.0
Independent,1036.0
Independent,1044.0
Independent,1065.0
Independent,1091.0
Independent,1083.0
Independent,1140.0
Independent,1069.0
Independent,1118.0
Independent,1067.0
Independent,1115.0
Independent,1082.0
Independent,1150.0
Independent,997.0
Independent,1105.0
Independent,997.0
Independent,998.0
Independent,1070.0
Independent,1017.0
Independent,1148.0
Independent,1099.0
Independent,1077.0
Independent,1024.0
Independent,1187.0
Independent,1155.0
Independent,1116.0
Independent,1088.0
Independent,1056.0
Independent,1032.0
Independent,1053.0
Independent,1005.0
Independent,1030.0
Independent,1010.0
Independent,976.0
Independent,1111.0
Independent,1080.0
Independent,1102.0
Independent,1130.0
Independent,1076.0
Independent,1010.0
Independent,1094.0
Independent,1042.0
Independent,1008.0
Independent,984.0
Independent,1031.0
Independent,1018.0
Independent,1084.0
Independent,894.0
Independent,1112.0
Independent,1034.0
Independent,1081.0
Independent,1096.0
Independent,1058.0
Independent,1095.0
Independent,1093.0
Independent,1101.0
Independent,1062.0
Independent,1067.0
Independent,1116.0
Independent,1059.0
Government,951.0
Government,1042.0
Government,931.0
Government,1126.0
Government,927.0
Government,1140.0
Government,1121.0
Government,1164.0
Government,1124.0
Government,860.0
Government,897.0
Government,937.0
Government,936.0
Government,1009.0
Government,1058.0
Government,980.0
Government,930.0
Government,845.0
Government,942.0
Government,1035.0
Government,929.0
Government,956.0
Government,1030.0
Government,1023.0
Government,1128.0
Government,1169.0
Government,899.0
Government,973.0
Government,979.0
Government,875.0
Government,881.0
Government,1098.0
Government,989.0
Government,921.0
Government,927.0
Government,898.0
Government,931.0
Government,1026.0
Government,925.0
Government,938.0
Government,1037.0
Government,1012.0
Government,906.0
Government,937.0
Government,956.0
Government,980.0
Government,1070.0
Government,904.0
Government,1003.0
Government,899.0
Government,948.0
Government,1030.0
Government,888.0
Government,894.0
Government,970.0
Government,967.0
Government,908.0
Government,863.0
Government,1099.0
Government,916.0
Government,910.0
Government,918.0
Government,914.0
Government,1139.0
Government,1051.0
Government,1130.0
Government,993.0
Government,1010.0
Government,981.0
Government,920.0
Government,969.0
Government,1100.0
Government,907.0
Government,940.0
Government,944.0
Government,965.0
Government,985.0
Government,924.0
Government,1178.0
Government,909.0
Government,992.0
Government,930.0
Government,973.0
Government,977.0
Government,863.0
Government,946.0
Government,962.0
Government,959.0
Government,969.0
Government,1004.0
Government,895.0
Government,971.0
Government,1079.0
Government,1042.0
Government,905.0
Government,955.0
Government,908.0
Government,939.0
Government,794.0
Government,952.0
Government,932.0
Government,1128.0
Government,916.0
Government,922.0
Government,1116.0
Government,935.0
Government,1005.0
Government,929.0
Government,966.0
Government,990.0
Government,1057.0
Government,1015.0
Government,884.0
Government,855.0
Government,917.0
Government,1041.0
Government,966.0
Government,906.0
Government,969.0
Government,946.0
Government,974.0
Government,787.0
Government,847.0
Government,879.0
Government,934.0
Government,974.0
Government,958.0
Government,914.0
Government,1038.0
Government,1039.0
Government,928.0
Government,838.0
Government,930.0
Government,1018.0
Government,980.0
Government,1018.0
Government,911.0
Government,973.0
Government,899.0
Government,836.0
Government,1183.0
Government,978.0
Government,1036.0
Government,1043.0
Government,1102.0
Government,902.0
Government,1026.0
Government,958.0
Government,1051.0
Government,970.0
Government,1074.0
Government,949.0
Government,858.0
Government,1111.0
Government,890.0
Government,925.0
Government,1143.0
Government,758.0
Government,859.0
Government,961.0
Government,923.0
Government,979.0
Government,1132.0
Government,1096.0
Government,904.0
Government,923.0
Government,1129.0
Government,1066.0
Government,1140.0
Government,997.0
Government,965.0
Government,887.0
Government,965.0
Government,1016.0
Government,951.0
Government,882.0
Government,989.0
Government,1059.0
Government,906.0
Government,912.0
Government,966.0
Government,937.0
Government,1057.0
Government,930.0
Government,992.0
Government,949.0
Government,962.0
Government,1048.0
Government,961.0
Government,1033.0
Government,694.0
Government,890.0
Government,1103.0
Government,972.0
Government,1008.0
Government,951.0
Government,1078.0
Government,1047.0
Government,945.0
Government,1120.0
Government,956.0
Government,697.0
Government,660.0
Government,913.0
Government,949.0
Government,975.0
Government,1138.0
Government,1013.0
Government,929.0
Government,892.0
Government,886.0
Government,968.0
Government,909.0
Government,838.0
Government,1012.0
Government,931.0
Government,921.0
Government,881.0
Government,977.0
Government,933.0
Government,992.0
Government,907.0
Government,976.0
Government,916.0
Government,965.0
Government,967.0
Government,666.0
Government,1153.0
Government,948.0
Government,851.0
Government,998.0
Government,1062.0
Government,973.0
Government,908.0
Government,865.0
Government,1016.0
Government,895.0
Government,894.0
Government,989.0
Government,969.0
Government,983.0
Government,949.0
Government,948.0
Government,904.0
Government,885.0
Government,912.0
Government,1009.0
Government,889.0
Government,702.0
Government,913.0
Government,947.0
Government,1012.0
Government,888.0
Government,952.0
Government,1122.0
Government,763.0
Government,966.0
Government,1072.0
Government,1120.0
Government,675.0
Government,982.0
Government,967.0
Government,827.0
Government,917.0
Government,891.0
Government,969.0
Government,948.0
Government,951.0
Government,893.0
Government,838.0
Government,785.0
Government,913.0
Government,936.0
Government,1082.0
Government,963.0
Government,959.0
Government,986.0
Government,877.0
Government,938.0
Government,802.0
Government,1044.0
Government,1041.0
Government,922.0
Government,901.0
Government,1051.0
Government,1008.0
Government,938.0
Government,965.0
Government,874.0
Government,944.0
Government,1019.0
Government,945.0
Government,997.0
Government,999.0
Government,939.0
Government,885.0
Government,932.0
Government,763.0
Government,869.0
Government,963.0
Government,1170.0
Government,971.0
Government,602.0
Government,912.0
Government,687.0
Government,829.0
Government,1035.0
Government,918.0
Government,956.0
Government,834.0
Government,887.0
Government,920.0
Government,1031.0
Government,962.0
Government,950.0
Government,1028.0
Government,950.0
Government,884.0
Government,876.0
Government,1014.0
Government,893.0
Government,1058.0
Government,1089.0
Government,979.0
Government,1010.0
Government,918.0
Government,995.0
Government,1017.0
Government,995.0
Government,1004.0
Government,1038.0
Government,934.0
Government,922.0
Government,866.0
Government,1067.0
Government,980.0
Government,635.0
Government,1118.0
Government,1055.0
Government,954.0
Government,929.0
Government,1104.0
Government,972.0
Government,879.0
Government,977.0
Government,941.0
Government,1023.0
Government,941.0
Government,937.0
Government,953.0
Government,950.0
Government,822.0
Government,771.0
Government,963.0
Government,729.0
Government,921.0
Government,900.0
Government,894.0
Government,865.0
Government,942.0
Government,1045.0
Government,901.0
Government,938.0
Government,890.0
Government,827.0
Government,1151.0
Government,995.0
Government,948.0
Government,1012.0
Government,924.0
Government,950.0
Government,901.0
Government,990.0
Government,841.0
Government,878.0
Government,885.0
Government,918.0
Government,792.0
Government,977.0
Government,623.0
Government,872.0
Government,1165.0
Government,987.0
Government,919.0
Government,1005.0
Government,1030.0
Government,1060.0
Government,867.0
Government,988.0
Government,960.0
Government,1014.0
Government,965.0
Government,957.0
Government,1001.0
Government,1086.0
Government,1107.0
Government,950.0
Government,1108.0
Government,950.0
Government,899.0
Government,700.0
Government,949.0
Government,964.0
Government,900.0
Government,908.0
Government,981.0
Government,1124.0
Government,882.0
Government,966.0
Government,887.0
Government,975.0
Government,884.0
Government,990.0
Government,855.0
Government,947.0
Government,1000.0
Government,1065.0
Government,1016.0
Government,895.0
Government,987.0
Government,952.0
Government,910.0
Government,1001.0
Government,947.0
Government,949.0
Government,979.0
Government,1042.0
Government,1007.0
Government,1000.0
Government,962.0
Government,994.0
Government,1009.0
Government,1001.0
Government,965.0
Government,1052.0
Government,923.0
Government,992.0
Government,884.0
Government,1135.0
Government,1039.0
Government,921.0
Government,956.0
Government,892.0
Government,723.0
Government,895.0
Government,1023.0
Government,910.0
Government,901.0
Government,1153.0
Government,957.0
Government,854.0
Government,851.0
Government,1044.0
Government,923.0
Government,938.0
Government,933.0
Government,998.0
Government,944.0
Government,903.0
Government,1000.0
Government,903.0
Government,860.0
Government,871.0
Government,968.0
Government,955.0
Government,1078.0
Government,1072.0
Government,935.0
Government,968.0
Government,946.0
Government,893.0
Government,972.0
Government,988.0
Government,903.0
Government,886.0
Government,909.0
Government,839.0
Government,870.0
Government,904.0
Government,881.0
Government,919.0
Government,910.0
Government,888.0
Government,916.0
Government,897.0
Government,1062.0
Government,819.0
Government,927.0
Government,994.0
Government,803.0
Government,1007.0
Government,939.0
Government,1027.0
Government,861.0
Government,827.0
Government,786.0
Government,975.0
Government,972.0
Government,865.0
Government,1028.0
Government,1077.0
Government,1048.0
Government,952.0
Government,1061.0
Government,1026.0
Government,1005.0
Government,1127.0
Government,957.0
Government,988.0
Government,962.0
Government,971.0
Government,952.0
Government,905.0
Government,1054.0
Government,938.0
Government,969.0
Government,972.0
Government,1158.0
Government,1005.0
Government,1119.0
Government,1020.0
Government,909.0
Government,932.0
Government,1006.0
Government,969.0
Government,1005.0
Government,1112.0
Government,772.0
Government,875.0
Government,931.0
Government,772.0
Government,1023.0
Government,1005.0
Government,988.0
Government,985.0
Government,943.0
Government,937.0
Government,934.0
Government,912.0
Government,727.0
Government,924.0
Government,899.0
Government,1032.0
Government,933.0
Government,977.0
Government,828.0
Government,928.0
Government,942.0
Government,864.0
Government,626.0
Government,908.0
Government,949.0
Government,838.0
Government,1025.0
Government,1063.0
Government,929.0
Government,962.0
Government,885.0
Government,961.0
Government,923.0
Government,986.0
Government,961.0
Government,964.0
Government,1115.0
Government,1123.0
Government,993.0
Government,799.0
Government,915.0
Government,941.0
Government,1147.0
Government,905.0
Government,946.0
Government,925.0
Government,947.0
Government,885.0
Government,974.0
Government,791.0
Government,965.0
Government,878.0
Government,824.0
Government,945.0
Government,949.0
Government,1073.0
Government,934.0
Government,999.0
Government,923.0
Government,871.0
Government,962.0
Government,906.0
Government,894.0
Government,1055.0
Government,1031.0
Government,841.0
Government,982.0
Government,1050.0
Government,970.0
Government,865.0
Government,1001.0
Government,908.0
Government,914.0
Government,1170.0
Government,958.0
Government,862.0
Government,985.0
Government,949.0
Government,908.0
Government,950.0
Government,992.0
Government,1006.0
Government,996.0
Government,1017.0
Government,902.0
Government,935.0
Government,661.0
Government,1039.0
Government,931.0
Government,1003.0
Government,1084.0
Government,883.0
Government,955.0
Government,960.0
Government,900.0
Government,928.0
Government,936.0
Government,997.0
Government,776.0
Government,981.0
Government,957.0
Government,1027.0
Government,955.0
Government,1105.0
Government,1006.0
Government,869.0
Government,900.0
Government,963.0
Government,926.0
Government,1042.0
Government,930.0
Government,998.0
Government,681.0
Government,950.0
Government,976.0
Government,972.0
Government,955.0
Government,973.0
Government,997.0
Government,1030.0
Government,925.0
Government,969.0
Government,939.0
Government,947.0
Government,993.0
Government,940.0
Government,919.0
Government,996.0
Government,859.0
Government,952.0
Government,1035.0
Government,915.0
Government,891.0
Government,1145.0
Government,688.0
Government,983.0
Government,896.0
Government,848.0
Government,1017.0
Government,953.0
Government,991.0
Government,945.0
Government,1015.0
Government,950.0
Government,1007.0
Government,861.0
Government,983.0
Government,887.0
Government,970.0
Government,951.0
Government,842.0
Government,934.0
Government,916.0
Government,875.0
Government,875.0
Government,1082.0
Government,1026.0
Government,923.0
Government,1050.0
Government,1020.0
Government,1001.0
Government,948.0
Government,1010.0
Government,926.0
Government,958.0
Government,931.0
Government,946.0
Government,933.0
Government,961.0
Government,1039.0
Government,937.0
Government,775.0
Government,885.0
Government,947.0
Government,998.0
Government,1121.0
Government,985.0
Government,931.0
Government,970.0
Government,956.0
Government,943.0
Government,987.0
Government,1051.0
Government,997.0
Government,951.0
Government,966.0
Government,1165.0
Government,857.0
Government,922.0
Government,994.0
Government,1206.0
Government,883.0
Government,1106.0
Government,921.0
Government,960.0
Government,1156.0
Government,864.0
Government,980.0
Government,784.0
Government,889.0
Government,916.0
Government,862.0
Government,1003.0
Government,914.0
Government,1062.0
Government,976.0
Government,1002.0
Government,837.0
Government,839.0
Government,926.0
Government,1036.0
Government,969.0
Government,1015.0
Government,952.0
Government,1048.0
Government,1046.0
Government,887.0
Government,858.0
Government,892.0
Government,1020.0
Government,908.0
Government,1149.0
Government,782.0
Government,918.0
Government,945.0
Government,1009.0
Government,809.0
Government,1060.0
Government,907.0
Government,880.0
Government,928.0
Government,1122.0
Government,940.0
Government,989.0
Government,923.0
Government,954.0
Government,1088.0
Government,1112.0
Government,993.0
Government,1014.0
Government,814.0
Government,958.0
Government,944.0
Government,1049.0
Government,1055.0
Government,632.0
Government,924.0
Government,907.0
Government,1033.0
Government,1092.0
Government,914.0
Government,1028.0
Government,797.0
Government,1058.0
Government,868.0
Government,1026.0
Government,1003.0
Government,885.0
Government,969.0
Government,1059.0
Government,967.0
Government,990.0
Government,899.0
Government,1054.0
Government,907.0
Government,979.0
Government,1016.0
Government,969.0
Government,943.0
Government,1013.0
Government,930.0
Government,930.0
Government,1005.0
Government,1016.0
Government,1009.0
Government,965.0
Government,931.0
Government,987.0
Government,945.0
Government,965.0
Government,918.0
Government,1065.0
Government,964.0
Government,909.0
Government,798.0
Government,921.0
Government,948.0
Government,810.0
Government,910.0
Government,1008.0
Government,1075.0
Government,931.0
Government,969.0
Government,1064.0
Government,1064.0
Government,901.0
Government,937.0
Government,915.0
Government,986.0
Government,965.0
Government,1139.0
Government,1017.0
Government,850.0
Government,1131.0
Government,927.0
Government,918.0
Government,951.0
Government,927.0
Government,1012.0
Government,1105.0
Government,844.0
Government,1041.0
Government,875.0
Government,1041.0
Government,984.0
Government,784.0
Government,1040.0
Government,1171.0
Government,984.0
Government,929.0
Government,901.0
Government,1012.0
Government,937.0
Government,955.0
Government,887.0
Government,1085.0
Government,1028.0
Government,1145.0
Government,1057.0
Government,1119.0
Government,1053.0
Government,916.0
Government,1068.0
Government,996.0
Government,910.0
Government,823.0
Government,1128.0
Government,944.0
Government,957.0
Government,860.0
Government,930.0
Government,878.0
Government,951.0
Government,965.0
Government,910.0
Government,952.0
Government,1009.0
Government,966.0
Government,929.0
Government,895.0
Government,993.0
Government,994.0
Government,1083.0
Government,957.0
Government,1015.0
Government,988.0
Government,934.0
Government,1061.0
Government,1028.0
Government,1059.0
Government,949.0
Government,988.0
Government,925.0
Government,1015.0
Government,1027.0
Government,1086.0
Government,971.0
Government,1034.0
Government,1041.0
Government,962.0
Government,968.0
Government,987.0
Government,958.0
Government,991.0
Government,992.0
Government,946.0
Government,828.0
Government,963.0
Government,1081.0
Government,925.0
Government,1042.0
Government,1018.0
Government,1070.0
Government,993.0
Government,855.0
Government,975.0
Government,921.0
Government,954.0
Government,893.0
Government,837.0
Government,1012.0
Government,974.0
Government,925.0
Government,1055.0
Government,972.0
Government,931.0
Government,1015.0
Government,976.0
Government,958.0
Government,996.0
Government,987.0
Government,1024.0
Government,966.0
Government,994.0
Government,897.0
Government,954.0
Government,1035.0
Government,1015.0
Government,1041.0
Government,938.0
Government,1145.0
Government,944.0
Government,1019.0
Government,879.0
Government,955.0
Government,925.0
Government,936.0
Government,869.0
Government,910.0
Government,934.0
Government,920.0
Government,932.0
Government,932.0
Government,952.0
Government,1035.0
Government,1070.0
Government,911.0
Government,1103.0
Government,923.0
Government,910.0
Government,938.0
Government,977.0
Government,946.0
Government,1138.0
Government,1031.0
Government,929.0
Government,1096.0
Government,990.0
Government,896.0
Government,1047.0
Government,942.0
Government,1004.0
Government,968.0
Government,1010.0
Government,1008.0
Government,987.0
Government,938.0
Government,963.0
Government,818.0
Government,1123.0
Government,1011.0
Government,1060.0
Government,1079.0
Government,908.0
Government,886.0
Government,1116.0
Government,1001.0
Government,941.0
Government,930.0
Government,957.0
Government,919.0
Government,942.0
Government,994.0
Government,847.0
Government,925.0
Government,1026.0
Government,1005.0
Government,1032.0
Government,1051.0
Government,963.0
Government,942.0
Government,928.0
Government,954.0
Government,1032.0
Government,941.0
Government,1012.0
Government,923.0
Government,974.0
Government,948.0
Government,917.0
Government,963.0
Government,891.0
Government,927.0
Government,958.0
Government,1011.0
Government,957.0
Government,928.0
Government,924.0
Government,935.0
Government,960.0
Government,925.0
Government,981.0
Government,984.0
Government,883.0
Government,923.0
Government,1043.0
Government,970.0
Government,961.0
Government,965.0
Government,932.0
Government,1004.0
Government,947.0
Government,981.0
Government,955.0
Government,862.0
Government,1006.0
Government,945.0
Government,958.0
Government,1037.0
Government,1055.0
Government,856.0
Government,1022.0
Government,896.0
Government,944.0
Government,1110.0
Government,969.0
Government,880.0
Government,949.0
Government,893.0
Government,976.0
Government,901.0
Government,991.0
Government,940.0
Government,845.0
Government,907.0
Government,988.0
Government,919.0
Government,1029.0
Government,1069.0
Government,998.0
Government,1064.0
Government,920.0
Government,950.0
Government,930.0
Government,939.0
Government,1055.0
Government,900.0
Government,911.0
Government,1034.0
Government,983.0
Government,915.0
Government,916.0
Government,854.0
Government,923.0
Government,943.0
Government,1040.0
Government,977.0
Government,973.0
Government,875.0
Government,970.0
Government,915.0
Government,842.0
Government,991.0
Government,933.0
Government,984.0
Government,943.0
Government,1029.0
Government,984.0
Government,948.0
Government,969.0
Government,925.0
Government,1023.0
Government,1017.0
Government,924.0
Government,955.0
Government,972.0
Government,936.0
Government,972.0
Government,1043.0
Government,1039.0
Government,1042.0
Government,832.0
Government,954.0
Government,1018.0
Government,964.0
Government,1054.0
Government,930.0
Government,1135.0
Government,1020.0
Government,963.0
Government,942.0
Government,945.0
Government,877.0
Government,1014.0
Government,962.0
Government,957.0
Government,925.0
Government,1009.0
Government,1045.0
Government,972.0
Government,950.0
Government,946.0
Government,962.0
Government,1021.0
Government,1027.0
Government,961.0
Government,1014.0
Government,953.0
Government,1004.0
Government,982.0
Government,964.0
Government,940.0
Government,1002.0
Government,1008.0
Government,985.0
Government,1003.0
Government,962.0
Government,1030.0
Government,973.0
Government,1006.0
Government,992.0
Government,970.0
Government,964.0
Government,1029.0
Government,1028.0
Government,949.0
Government,1034.0
Government,1090.0
Government,937.0
Government,1056.0
Government,1018.0
Government,1024.0
Government,957.0
Government,1009.0
Government,1038.0
Government,948.0
Government,977.0
Government,960.0
Government,1010.0
Government,982.0
Government,994.0
Government,1068.0
Government,1025.0
Government,1034.0
Government,862.0
Government,1032.0
Government,999.0
Government,1011.0
Government,1026.0
Government,996.0
Catholic,1041.0
Catholic,990.0
Catholic,999.0
Catholic,928.0
Catholic,1025.0
Catholic,1023.0
Catholic,1073.0
Catholic,1071.0
Catholic,1048.0
Catholic,926.0
Catholic,864.0
Catholic,1058.0
Catholic,1067.0
Catholic,1022.0
Catholic,1081.0
Catholic,950.0
Catholic,1002.0
Catholic,1021.0
Catholic,1046.0
Catholic,1066.0
Catholic,1077.0
Catholic,1056.0
Catholic,1112.0
Catholic,1015.0
Catholic,1127.0
Catholic,1068.0
Catholic,1083.0
Catholic,1137.0
Catholic,1142.0
Catholic,1100.0
Catholic,1138.0
Catholic,1031.0
Catholic,1002.0
Catholic,1040.0
Catholic,1160.0
Catholic,1132.0
Catholic,1133.0
Catholic,1034.0
Catholic,1099.0
Catholic,1151.0
Catholic,1119.0
Catholic,1104.0
Catholic,1126.0
Catholic,1054.0
Catholic,1037.0
Catholic,1106.0
Catholic,1022.0
Catholic,1063.0
Catholic,1159.0
Catholic,1106.0
Catholic,1160.0
Catholic,1116.0
Catholic,1066.0
Catholic,1001.0
Catholic,1110.0
Catholic,1155.0
Catholic,1035.0
Catholic,1105.0
Catholic,1141.0
Catholic,1151.0
Catholic,1077.0
Catholic,989.0
Catholic,1035.0
Catholic,1158.0
Catholic,1137.0
Catholic,1102.0
Catholic,1124.0
Catholic,1096.0
Catholic,1170.0
Catholic,1118.0
Catholic,1129.0
Catholic,1029.0
Catholic,1139.0
Catholic,1091.0
Catholic,1018.0
Catholic,1074.0
Catholic,1086.0
Catholic,1090.0
Catholic,982.0
Catholic,1111.0
Catholic,1041.0
Catholic,935.0
Catholic,1127.0
Catholic,1018.0
Catholic,1156.0
Catholic,1080.0
Catholic,1088.0
Catholic,1093.0
Catholic,1113.0
Catholic,1156.0
Catholic,1055.0
Catholic,1112.0
Catholic,989.0
Catholic,1038.0
Catholic,1097.0
Catholic,1018.0
Catholic,1074.0
Catholic,1085.0
Catholic,999.0
Catholic,1086.0
Catholic,997.0
Catholic,1076.0
Catholic,993.0
Catholic,1003.0
Catholic,800.0
Catholic,1059.0
Catholic,1014.0
Catholic,1003.0
Catholic,1005.0
Catholic,1039.0
Catholic,954.0
Catholic,1010.0
Catholic,1091.0
Catholic,1072.0
Catholic,1092.0
Catholic,1081.0
Catholic,1042.0
Catholic,1041.0
Catholic,987.0
Catholic,1116.0
Catholic,1029.0
Catholic,873.0
Catholic,998.0
Catholic,998.0
Catholic,989.0
Catholic,932.0
Catholic,984.0
Catholic,1002.0
Catholic,972.0
Catholic,843.0
Catholic,913.0
Catholic,1043.0
Catholic,968.0
Catholic,968.0
Catholic,1014.0
Catholic,959.0
Catholic,875.0
Catholic,1048.0
Catholic,1013.0
Catholic,1032.0
Catholic,1021.0
Catholic,1038.0
Catholic,1025.0
Catholic,1044.0
Catholic,962.0
Catholic,995.0
Catholic,1031.0
Catholic,1003.0
Catholic,1023.0
Catholic,992.0
Catholic,1001.0
Catholic,972.0
Catholic,1003.0
Catholic,986.0
Catholic,1016.0
Catholic,990.0
Catholic,1026.0
Catholic,995.0
Catholic,1029.0
Catholic,1050.0
Catholic,1021.0
Catholic,1029.0
Catholic,1039.0
Catholic,1000.0
Catholic,858.0
Catholic,1010.0
Catholic,1000.0
Catholic,1017.0
Catholic,964.0
Catholic,993.0
Catholic,1007.0
Catholic,896.0
Catholic,979.0
Catholic,1078.0
Catholic,1010.0
Catholic,1100.0
Catholic,967.0
Catholic,928.0
Catholic,879.0
Catholic,646.0
Catholic,1001.0
Catholic,1091.0
Catholic,1025.0
Catholic,918.0
Catholic,998.0
Catholic,1002.0
Catholic,1008.0
Catholic,953.0
Catholic,962.0
Catholic,1022.0
Catholic,1029.0
Catholic,993.0
Catholic,900.0
Catholic,970.0
Catholic,939.0
Catholic,991.0
Catholic,1002.0
Catholic,1079.0
Catholic,1117.0
Catholic,1026.0
Catholic,978.0
Catholic,1182.0
Catholic,1117.0
Catholic,1139.0
Catholic,1092.0
Catholic,1135.0
Catholic,1055.0
Catholic,1058.0
Catholic,1044.0
Catholic,1002.0
Catholic,1017.0
Catholic,982.0
Catholic,1020.0
Catholic,1060.0
Catholic,1129.0
Catholic,1063.0
Catholic,1079.0
Catholic,1148.0
Catholic,1120.0
Catholic,1115.0
Catholic,1155.0
Catholic,1048.0
Catholic,1080.0
Catholic,1159.0
Catholic,1049.0
Catholic,1115.0
Catholic,1018.0
Catholic,1033.0
Catholic,1183.0
Catholic,1013.0
Catholic,1153.0
Catholic,1067.0
Catholic,1070.0
Catholic,1048.0
Catholic,1043.0
Catholic,1073.0
Catholic,1045.0
Catholic,1010.0
Catholic,984.0
Catholic,1037.0
Catholic,994.0
Catholic,1060.0
Catholic,1017.0
Catholic,1015.0
Catholic,986.0
Catholic,1043.0
Catholic,1027.0
Catholic,997.0
Catholic,1031.0
Catholic,978.0
Catholic,994.0
Catholic,1014.0
Catholic,978.0
Catholic,989.0
Catholic,1018.0
Catholic,1086.0
Catholic,1014.0
Catholic,1031.0
Catholic,1024.0
Catholic,691.0
Catholic,984.0
Catholic,1031.0
Catholic,982.0
Catholic,807.0
Catholic,1023.0
Catholic,1058.0
Catholic,1065.0
Catholic,1036.0
Catholic,1039.0
Catholic,1045.0
Catholic,1091.0
Catholic,1057.0
Catholic,863.0
Catholic,958.0
Catholic,842.0
Catholic,1070.0
Catholic,1057.0
Catholic,1052.0
Catholic,1058.0
Catholic,736.0
Independent,984.0
Independent,1098.0
Independent,1073.0
Independent,1057.0
Independent,1074.0
Independent,1109.0
Independent,1089.0
Independent,1039.0
Independent,1015.0
Independent,1084.0
Independent,1124.0
Independent,1133.0
Independent,981.0
Independent,1073.0
Independent,1037.0
Independent,1046.0
Independent,1069.0
Independent,955.0
Independent,977.0
Independent,1072.0
Independent,1014.0
Independent,936.0
Independent,1058.0
Independent,1039.0
Independent,996.0
Independent,1027.0
Independent,1114.0
Independent,1080.0
Independent,1069.0
Independent,882.0
Independent,1043.0
Independent,1059.0
Independent,985.0
Independent,1086.0
Independent,1125.0
Independent,1143.0
Independent,1116.0
Independent,1061.0
Independent,1095.0
Independent,1060.0
Independent,1038.0
Independent,971.0
Independent,1125.0
Independent,1081.0
Independent,1174.0
Independent,1132.0
Independent,1076.0
Independent,1170.0
Independent,1103.0
Independent,1168.0
Independent,1141.0
Independent,1158.0
Independent,952.0
Independent,1137.0
Independent,1118.0
Independent,1100.0
Independent,1155.0
Independent,1072.0
Independent,1135.0
Independent,1089.0
Independent,1118.0
Independent,1073.0
Independent,1164.0
Independent,1135.0
Independent,981.0
Independent,1180.0
Independent,1110.0
Independent,1068.0
Independent,1066.0
Independent,1026.0
Independent,1038.0
Independent,999.0
Independent,885.0
Independent,1011.0
Independent,990.0
Independent,1043.0
Independent,1183.0
Independent,1066.0
Independent,1120.0
Independent,1039.0
Independent,985.0
Independent,1135.0
Independent,1022.0
Independent,1210.0
Independent,1211.0
Independent,1122.0
Independent,1114.0
Independent,1096.0
Independent,1069.0
Independent,1117.0
Independent,680.0
Independent,1038.0
Independent,1104.0
Independent,1069.0
Independent,688.0
Independent,1139.0
Independent,1008.0
Independent,1104.0
Independent,1069.0
Independent,1036.0
Independent,1034.0
Independent,1145.0
Independent,1010.0
Independent,1079.0
Independent,1066.0
Independent,1074.0
Independent,1009.0
Independent,1058.0
Independent,1118.0
Independent,710.0
Independent,1117.0
Independent,1078.0
Independent,1099.0
Independent,1046.0
Independent,966.0
Independent,1004.0
Independent,1125.0
Independent,1090.0
Independent,1062.0
Independent,999.0
Independent,1055.0
Independent,1008.0
Independent,1024.0
Independent,1104.0
Independent,1181.0
Independent,1042.0
Independent,1010.0
Independent,1104.0
Independent,1054.0
Independent,1080.0
Independent,1147.0
Independent,1128.0
Independent,1004.0
Independent,1080.0
Independent,1148.0
Independent,1174.0
Independent,1036.0
Independent,965.0
Independent,1100.0
Independent,1157.0
Independent,1139.0
Independent,1103.0
Independent,1123.0
Independent,1013.0
Independent,1084.0
Independent,1060.0
Independent,1084.0
Independent,1026.0
Independent,1166.0
Independent,949.0
Independent,1017.0
Independent,1109.0
Independent,1020.0
Independent,1083.0
Independent,1041.0
Independent,1000.0
Independent,1102.0
Independent,683.0
Independent,707.0
Independent,1009.0
Independent,938.0
Government,995.0
Government,1120.0
Government,920.0
Government,1045.0
Government,963.0
Government,1011.0
Government,1008.0
Government,952.0
Government,769.0
Government,1115.0
Government,920.0
Government,998.0
Government,946.0
Government,961.0
Government,983.0
Government,942.0
Government,1129.0
Government,1026.0
Government,1030.0
Government,886.0
Government,1041.0
Government,924.0
Government,983.0
Government,1048.0
Government,1071.0
Government,945.0
Government,1103.0
Government,937.0
Government,903.0
Government,898.0
Government,1230.0
Government,952.0
Government,1135.0
Government,1056.0
Government,909.0
Government,1008.0
Government,904.0
Government,886.0
Government,954.0
Government,969.0
Government,918.0
Government,1105.0
Government,984.0
Government,932.0
Government,955.0
Government,1004.0
Government,913.0
Government,924.0
Government,941.0
Government,957.0
Government,892.0
Government,955.0
Government,960.0
Government,984.0
Government,1038.0
Government,714.0
Government,959.0
Government,963.0
Government,987.0
Government,963.0
Government,962.0
Government,918.0
Government,950.0
Government,1003.0
Government,986.0
Government,672.0
Government,902.0
Government,953.0
Government,692.0
Government,990.0
Government,995.0
Government,884.0
Government,986.0
Government,996.0
Government,879.0
Government,978.0
Government,874.0
Government,896.0
Government,942.0
Government,934.0
Government,919.0
Government,920.0
Government,870.0
Government,660.0
Government,960.0
Government,899.0
Government,857.0
Government,804.0
Government,1002.0
Government,901.0
Government,960.0
Government,919.0
Government,941.0
Government,1038.0
Government,857.0
Government,994.0
Government,1131.0
Government,868.0
Government,966.0
Government,1079.0
Government,945.0
Government,886.0
Government,1028.0
Government,988.0
Government,954.0
Government,959.0
Government,1055.0
Government,1063.0
Government,717.0
Government,1077.0
Government,1066.0
Government,661.0
Government,964.0
Government,911.0
Government,714.0
Government,944.0
Government,746.0
Government,996.0
Government,1010.0
Government,956.0
Government,948.0
Government,960.0
Government,933.0
Government,923.0
Government,949.0
Government,978.0
Government,1160.0
Government,983.0
Government,1029.0
Government,981.0
Government,1038.0
Government,1004.0
Government,968.0
Government,1023.0
Government,1039.0
Government,970.0
Government,1003.0
Government,890.0
Government,945.0
Government,914.0
Government,933.0
Government,1024.0
Government,911.0
Government,893.0
Government,927.0
Government,1057.0
Government,1155.0
Government,1149.0
Government,1002.0
Government,923.0
Government,1137.0
Government,981.0
Government,745.0
Government,1054.0
Government,1000.0
Government,964.0
Government,1064.0
Government,982.0
Government,937.0
Government,998.0
Government,1096.0
Government,1102.0
Government,801.0
Government,1000.0
Government,958.0
Government,1011.0
Government,936.0
Government,974.0
Government,1113.0
Government,974.0
Government,894.0
Government,797.0
Government,986.0
Government,1121.0
Government,1034.0
Government,869.0
Government,986.0
Government,992.0
Government,1116.0
Government,1024.0
Government,940.0
Government,892.0
Government,1076.0
Government,974.0
Government,989.0
Government,959.0
Government,908.0
Government,954.0
Government,969.0
Government,966.0
Government,928.0
Government,920.0
Government,992.0
Government,979.0
Government,900.0
Government,1062.0
Government,957.0
Government,1035.0
Government,915.0
Government,638.0
Government,968.0
Government,591.0
Government,1169.0
Government,1148.0
Government,1154.0
Government,1076.0
Government,1140.0
Government,970.0
Government,1064.0
Government,1020.0
Government,1139.0
Government,843.0
Government,966.0
Government,1153.0
Government,1164.0
Government,1053.0
Government,965.0
Government,677.0
Government,1183.0
Government,984.0
Government,985.0
Government,998.0
Government,1004.0
Government,1117.0
Government,1083.0
Government,1098.0
Government,1118.0
Government,1051.0
Government,1015.0
Government,958.0
Government,1019.0
Government,955.0
Government,953.0
Government,1010.0
Government,955.0
Government,958.0
Government,1044.0
Government,1173.0
Government,949.0
Government,964.0
Government,1149.0
Government,1112.0
Government,1166.0
Government,990.0
Government,1045.0
Government,642.0
Government,950.0
Government,1141.0
Government,913.0
Government,997.0
Government,1044.0
Government,1091.0
Government,1016.0
Government,1017.0
Government,943.0
Government,1022.0
Government,983.0
Government,1110.0
Government,972.0
Government,1066.0
Government,1065.0
Government,1174.0
Government,1012.0
Government,1127.0
Government,1038.0
Government,1050.0
Government,988.0
Government,1003.0
Government,1164.0
Government,1059.0
Government,1001.0
Government,980.0
Government,648.0
Government,960.0
Government,909.0
Government,993.0
Government,1115.0
Government,846.0
Government,975.0
Government,890.0
Government,1121.0
Government,993.0
Government,916.0
Government,902.0
Government,1036.0
Government,984.0
Government,1012.0
Government,1132.0
Government,695.0
Government,1126.0
Government,986.0
Government,955.0
Government,1088.0
Government,738.0
Government,1146.0
Government,1049.0
Government,974.0
Government,1019.0
Government,918.0
Government,978.0
Government,1105.0
Government,630.0
Government,1043.0
Government,1121.0
Government,983.0
Government,900.0
Government,1119.0
Government,659.0
Government,1012.0
Government,912.0
Government,991.0
Government,1084.0
Government,1029.0
Government,968.0
Government,927.0
Government,944.0
Government,1027.0
Government,1142.0
Government,1140.0
Government,971.0
Government,1155.0
Government,926.0
Government,962.0
Government,1146.0
Government,1027.0
Government,963.0
Government,962.0
Government,929.0
Government,825.0
Government,1180.0
Government,967.0
Government,981.0
Government,937.0
Government,803.0
Government,708.0
Government,1015.0
Government,948.0
Government,884.0
Government,973.0
Government,1057.0
Government,1113.0
Government,1023.0
Government,933.0
Government,1135.0
Government,1122.0
Government,1013.0
Government,934.0
Government,1018.0
Government,935.0
Government,989.0
Government,1005.0
Government,712.0
Government,988.0
Government,1156.0
Government,1127.0
Government,993.0
Government,686.0
Government,1178.0
Government,1147.0
Government,1000.0
Government,1023.0
Government,1017.0
Government,1101.0
Government,1086.0
Government,1111.0
Government,997.0
Government,901.0
Government,1143.0
Government,954.0
Government,938.0
Government,1001.0
Government,1169.0
Government,1149.0
Government,942.0
Government,1008.0
Government,904.0
Government,940.0
Government,921.0
Government,941.0
Government,908.0
Government,1014.0
Government,851.0
Government,1066.0
Government,997.0
Government,1127.0
Government,1088.0
Government,977.0
Government,999.0
Government,1078.0
Government,1008.0
Government,985.0
Government,1073.0
Government,1000.0
Government,1134.0
Government,1166.0
Government,971.0
Government,1119.0
Government,988.0
Government,1022.0
Government,838.0
Government,599.0
Government,1122.0
Government,972.0
Government,875.0
Government,974.0
Government,1074.0
Government,1073.0
Government,1087.0
Government,922.0
Government,884.0
Government,930.0
Government,938.0
Government,1055.0
Government,927.0
Government,1025.0
Government,919.0
Government,887.0
Government,911.0
Government,965.0
Government,1126.0
Government,923.0
Government,1032.0
Government,1109.0
Government,969.0
Government,1041.0
Government,1053.0
Government,1133.0
Government,968.0
Government,1024.0
Government,911.0
Government,1019.0
Government,1066.0
Government,912.0
Government,851.0
Government,978.0
Government,936.0
Government,923.0
Government,1043.0
Government,888.0
Government,905.0
Government,931.0
Government,912.0
Government,1006.0
Government,1069.0
Government,833.0
Government,815.0
Government,907.0
Government,923.0
Government,1053.0
Government,955.0
Government,1058.0
Government,948.0
Government,1088.0
Government,1122.0
Government,936.0
Government,794.0
Government,970.0
Government,1023.0
Government,925.0
Government,1139.0
Government,1105.0
Government,972.0
Government,871.0
Government,1136.0
Government,902.0
Government,1030.0
Government,687.0
Government,963.0
Government,904.0
Government,1045.0
Government,997.0
Government,1122.0
Government,834.0
Government,879.0
Government,578.0
Government,1087.0
Government,956.0
Government,1070.0
Government,1051.0
Government,823.0
Government,963.0
Government,926.0
Government,1123.0
Government,913.0
Government,973.0
Government,938.0
Government,1063.0
Government,899.0
Government,910.0
Government,990.0
Government,1070.0
Government,972.0
Government,1036.0
Government,1174.0
Government,1067.0
Government,898.0
Government,936.0
Government,875.0
Government,969.0
Government,1051.0
Government,953.0
Government,1104.0
Government,1011.0
Government,913.0
Government,1020.0
Government,1128.0
Government,1014.0
Government,930.0
Government,1059.0
Government,1017.0
Government,867.0
Government,999.0
Government,987.0
Government,970.0
Government,925.0
Government,1064.0
Government,1073.0
Government,1107.0
Government,914.0
Government,989.0
Government,1064.0
Government,1135.0
Government,662.0
Government,1079.0
Government,1016.0
Government,931.0
Government,1013.0
Government,1058.0
Government,1065.0
Government,979.0
Government,919.0
Government,1126.0
Government,1077.0
Government,1018.0
Government,1031.0
Government,967.0
Government,1011.0
Government,1070.0
Government,930.0
Government,969.0
Government,977.0
Government,883.0
Government,1043.0
Government,813.0
Government,972.0
Government,1067.0
Government,1109.0
Government,1017.0
Government,1077.0
Government,836.0
Government,1001.0
Government,1079.0
Government,928.0
Government,1143.0
Government,1013.0
Government,898.0
Government,856.0
Government,911.0
Government,683.0
Government,1062.0
Government,887.0
Government,965.0
Government,1070.0
Government,959.0
Government,565.0
Government,912.0
Government,1006.0
Government,978.0
Government,999.0
Government,936.0
Government,963.0
Government,924.0
Government,1024.0
Government,936.0
Government,939.0
Government,1076.0
Government,994.0
Government,933.0
Government,962.0
Government,952.0
Government,1035.0
Government,956.0
Government,922.0
Government,964.0
Government,957.0
Government,1052.0
Government,952.0
Government,1023.0
Government,1045.0
Government,1027.0
Government,684.0
Government,1017.0
Government,947.0
Government,1102.0
Government,1047.0
Government,1047.0
Government,1026.0
Government,957.0
Government,964.0
Government,970.0
Government,1006.0
Government,1007.0
Government,678.0
Government,976.0
Government,1089.0
Government,952.0
Government,958.0
Government,1023.0
Government,984.0
Government,594.0
Government,1063.0
Government,1047.0
Government,568.0
Government,1060.0
Government,905.0
Government,954.0
Government,861.0
Government,1010.0
Government,1086.0
Government,997.0
Government,966.0
Government,945.0
Government,981.0
Government,1116.0
Government,972.0
Government,1023.0
Government,906.0
Government,1005.0
Government,972.0
Government,1036.0
Government,1008.0
Government,1050.0
Government,1052.0
Government,975.0
Government,1048.0
Government,899.0
Government,1036.0
Government,1013.0
Government,937.0
Government,1047.0
Government,1029.0
Government,958.0
Government,975.0
Government,943.0
Government,965.0
Government,920.0
Government,1008.0
Government,1008.0
Government,945.0
Government,990.0
Government,972.0
Government,992.0
Government,1070.0
Government,987.0
Government,972.0
Government,967.0
Government,828.0
Government,991.0
Government,932.0
Government,979.0
Government,961.0
Government,950.0
Government,952.0
Government,1015.0
Government,1019.0
Government,959.0
Government,1049.0
Government,1056.0
Government,993.0
Government,965.0
Government,1006.0
Government,1049.0
Government,977.0
Government,1049.0
Government,960.0
Government,879.0
Government,879.0
Government,961.0
Government,985.0
Government,984.0
Government,1032.0
Government,930.0
Government,995.0
Government,1036.0
Government,979.0
Government,1064.0
Government,999.0
Government,1039.0
Government,983.0
Government,988.0
Government,920.0
Government,919.0
Government,912.0
Government,984.0
Government,1000.0
Government,944.0
Government,895.0
Government,958.0
Government,935.0
Government,988.0
Government,973.0
Government,1068.0
Government,1023.0
Catholic,1023.0
Catholic,1152.0
Catholic,1023.0
Independent,1133.0
Catholic,1060.0
Catholic,1015.0
Catholic,1109.0
Catholic,1125.0
Catholic,1069.0
Catholic,635.0
Catholic,1072.0
Catholic,990.0
Catholic,994.0
Catholic,979.0
Catholic,1025.0
Catholic,1029.0
Catholic,1048.0
Catholic,1041.0
Catholic,951.0
Catholic,1163.0
Catholic,1169.0
Catholic,712.0
Catholic,996.0
Catholic,1136.0
Catholic,1032.0
Catholic,868.0
Catholic,1094.0
Catholic,1019.0
Catholic,1128.0
Catholic,1092.0
Catholic,1054.0
Catholic,1017.0
Catholic,1002.0
Catholic,1075.0
Catholic,995.0
Catholic,1011.0
Catholic,1124.0
Catholic,1064.0
Catholic,1107.0
Catholic,1079.0
Catholic,1108.0
Catholic,1123.0
Catholic,1030.0
Catholic,1095.0
Catholic,983.0
Catholic,988.0
Catholic,788.0
Catholic,991.0
Catholic,991.0
Independent,1060.0
Independent,1060.0
Catholic,704.0
Catholic,1017.0
Catholic,1110.0
Catholic,1116.0
Catholic,1031.0
Catholic,1015.0
Catholic,1030.0
Catholic,1020.0
Catholic,883.0
Catholic,1083.0
Catholic,1141.0
Catholic,1141.0
Catholic,872.0
Catholic,1041.0
Catholic,1040.0
Catholic,1071.0
Catholic,1013.0
Catholic,979.0
Catholic,1108.0
Catholic,1116.0
Catholic,1025.0
Independent,1122.0
Catholic,1113.0
Catholic,1140.0
Catholic,994.0
Catholic,923.0
Catholic,1075.0
Catholic,1060.0
Catholic,1057.0
Catholic,1115.0
Catholic,1114.0
Catholic,1102.0
Catholic,1006.0
Catholic,1051.0
Catholic,1050.0
Catholic,1067.0
Independent,1058.0
Catholic,1046.0
Catholic,971.0
Catholic,747.0
Catholic,921.0
Catholic,958.0
Catholic,988.0
Catholic,1028.0
Catholic,1041.0
Catholic,844.0
Catholic,1092.0
Catholic,1131.0
Catholic,997.0
Catholic,1084.0
Catholic,1039.0
Catholic,1186.0
Catholic,1019.0
Catholic,1092.0
Catholic,1008.0
Independent,1121.0
Catholic,1049.0
Catholic,532.0
Catholic,632.0
Catholic,1095.0
Catholic,1020.0
Catholic,1116.0
Catholic,1064.0
Catholic,676.0
Catholic,1004.0
Catholic,1010.0
Catholic,1108.0
Catholic,1073.0
Catholic,1030.0
Catholic,651.0
Catholic,1010.0
Catholic,662.0
Catholic,1086.0
Catholic,1046.0
Catholic,1087.0
Catholic,1070.0
Catholic,1016.0
Catholic,1048.0
Catholic,1108.0
Catholic,1056.0
Catholic,1030.0
Catholic,1056.0
Catholic,1060.0
Catholic,1011.0
Catholic,1078.0
Catholic,1029.0
Catholic,1052.0
Catholic,1085.0
Catholic,1070.0
Catholic,1046.0
Catholic,1013.0
Catholic,1039.0
Catholic,1041.0
Catholic,1103.0
Catholic,1030.0
Catholic,1028.0
Independent,1000.0
Independent,1081.0
Independent,1039.0
Independent,1193.0
Independent,1190.0
Independent,1100.0
Independent,1171.0
Independent,1138.0
Independent,1159.0
Independent,1143.0
Independent,1147.0
Independent,1151.0
Independent,1129.0
Independent,1120.0
Independent,1161.0
Independent,1097.0
Independent,1158.0
Independent,1083.0
Independent,1100.0
Independent,1149.0
Independent,1143.0
Independent,656.0
Independent,1182.0
Independent,1035.0
Independent,1119.0
Independent,1039.0
Independent,675.0
Independent,1140.0
Independent,858.0
Independent,1181.0
Independent,1021.0
Independent,1162.0
Independent,1020.0
Independent,1027.0
Independent,1101.0
Independent,684.0
Independent,1019.0
Independent,973.0
Independent,1057.0
Independent,1142.0
Independent,985.0
Independent,655.0
Independent,1028.0
Independent,1043.0
Independent,1059.0
Independent,1001.0
Independent,1120.0
Independent,1080.0
Independent,1118.0
Independent,1109.0
Independent,707.0
Independent,1115.0
Independent,1091.0
Independent,1033.0
Independent,1047.0
Independent,1112.0
Independent,1038.0
Independent,1019.0
Independent,1039.0
Independent,1063.0
Independent,1114.0
Independent,1043.0
Independent,753.0
Independent,1072.0
Independent,1042.0
Independent,1051.0
Independent,1060.0
Independent,1042.0
Independent,498.0
Independent,1102.0
Independent,1053.0
Independent,1168.0
Independent,1072.0
Independent,1078.0
Independent,1075.0
Independent,650.0
Independent,669.0
Independent,906.0
Independent,1094.0
Independent,1061.0
Independent,1018.0
Independent,1052.0
Independent,1055.0
Independent,1026.0
Independent,967.0
Independent,1073.0
Independent,1061.0
Independent,1060.0
Independent,1101.0
Independent,1023.0
Independent,1037.0
Independent,1114.0
Independent,625.0
Independent,1050.0
Independent,1084.0
Independent,1067.0
Independent,1080.0
Independent,1033.0
Independent,1094.0
Independent,1004.0
Independent,1036.0
Independent,1017.0
Independent,1139.0
Independent,1037.0
Independent,742.0
Independent,945.0
Independent,1051.0
Independent,1048.0
Independent,1049.0
Independent,1087.0
Independent,1055.0
Independent,1012.0
Independent,1041.0
Independent,1180.0
Independent,1030.0
Independent,1022.0
Independent,982.0
Independent,1004.0
Independent,1156.0
Independent,1117.0
Independent,948.0
Government,1097.0
Government,1051.0
Government,1109.0
Government,977.0
Government,935.0
Government,914.0
Government,1107.0
Government,1042.0
Government,1116.0
Government,1098.0
Government,961.0
Government,1148.0
Government,1037.0
Government,1026.0
Government,981.0
Government,990.0
Government,954.0
Government,943.0
Government,980.0
Government,1001.0
Government,1143.0
Government,845.0
Government,1147.0
Government,972.0
Government,990.0
Government,1021.0
Government,1049.0
Government,940.0
Government,1162.0
Government,1033.0
Government,930.0
Government,1071.0
Government,1104.0
Government,1144.0
Government,948.0
Government,885.0
Government,1018.0
Government,987.0
Government,1002.0
Government,994.0
Government,957.0
Government,1069.0
Government,898.0
Government,1092.0
Government,911.0
Government,1013.0
Government,873.0
Government,1018.0
Government,993.0
Government,902.0
Government,959.0
Government,939.0
Government,1036.0
Government,1033.0
Government,960.0
Government,1066.0
Government,1008.0
Government,1053.0
Government,982.0
Government,1032.0
Government,947.0
Government,781.0
Government,1127.0
Government,1030.0
Government,1018.0
Government,1013.0
Government,1014.0
Government,963.0
Government,1005.0
Government,1121.0
Government,1026.0
Government,961.0
Government,976.0
Government,896.0
Government,1016.0
Government,959.0
Government,987.0
Government,990.0
Government,994.0
Government,960.0
Government,924.0
Government,974.0
Government,990.0
Government,994.0
Government,1106.0
Government,1009.0
Government,920.0
Government,995.0
Government,999.0
Government,982.0
Government,1098.0
Government,963.0
Government,965.0
Government,947.0
Government,1053.0
Government,987.0
Government,1088.0
Government,1126.0
Government,934.0
Government,870.0
Government,887.0
Government,1025.0
Government,1071.0
Government,984.0
Government,954.0
Government,924.0
Government,990.0
Government,952.0
Government,999.0
Government,873.0
Government,927.0
Government,1109.0
Government,985.0
Government,1007.0
Government,911.0
Government,945.0
Government,968.0
Government,1001.0
Government,1122.0
Government,959.0
Government,994.0
Government,997.0
Government,943.0
Government,1064.0
Government,913.0
Government,993.0
Government,1043.0
Government,999.0
Government,881.0
Government,1057.0
Government,1006.0
Government,954.0
Government,1138.0
Government,1100.0
Government,960.0
Government,940.0
Government,894.0
Government,947.0
Government,1021.0
Government,926.0
Government,1073.0
Government,1000.0
Government,987.0
Government,932.0
Government,1005.0
Government,1154.0
Government,1094.0
Government,1118.0
Government,963.0
Government,992.0
Government,974.0
Government,1139.0
Government,865.0
Government,899.0
Government,955.0
Government,1022.0
Government,1033.0
Government,1062.0
Government,1103.0
Government,1126.0
Government,964.0
Government,945.0
Government,989.0
Government,919.0
Government,1001.0
Government,980.0
Government,1036.0
Government,1020.0
Government,974.0
Government,925.0
Government,1058.0
Government,1001.0
Government,1117.0
Government,981.0
Government,923.0
Government,1032.0
Government,1030.0
Government,968.0
Government,995.0
Government,1108.0
Government,890.0
Government,970.0
Government,1095.0
Government,965.0
Government,948.0
Government,974.0
Government,874.0
Government,977.0
Government,1054.0
Government,1010.0
Government,951.0
Government,756.0
Government,941.0
Government,1076.0
Government,1077.0
Government,913.0
Government,999.0
Government,962.0
Government,1001.0
Government,1160.0
Government,923.0
Government,975.0
Government,1002.0
Government,978.0
Government,897.0
Government,1096.0
Government,964.0
Government,1101.0
Government,965.0
Government,885.0
Government,889.0
Government,758.0
Government,944.0
Government,860.0
Government,1032.0
Government,1156.0
Government,978.0
Government,975.0
Government,982.0
Government,983.0
Government,1042.0
Government,983.0
Government,1119.0
Government,980.0
Government,950.0
Government,959.0
Government,966.0
Government,859.0
Government,969.0
Government,992.0
Government,961.0
Government,991.0
Government,980.0
Government,965.0
Government,988.0
Government,1027.0
Government,977.0
Government,954.0
Government,905.0
Government,791.0
Government,982.0
Government,883.0
Government,926.0
Government,944.0
Government,988.0
Government,994.0
Government,950.0
Government,961.0
Government,968.0
Government,998.0
Government,999.0
Government,954.0
Government,854.0
Government,993.0
Government,977.0
Government,991.0
Government,997.0
Government,970.0
Government,940.0
Government,1094.0
Government,948.0
Government,996.0
Government,970.0
Government,994.0
Government,932.0
Government,967.0
Government,998.0
Government,951.0
Government,972.0
Government,926.0
Government,965.0
Government,1010.0
Government,946.0
Government,918.0
Government,952.0
Government,1090.0
Government,990.0
Government,931.0
Government,848.0
Government,923.0
Government,894.0
Government,910.0
Government,930.0
Government,943.0
Government,1084.0
Government,1074.0
Government,974.0
Government,962.0
Government,973.0
Government,1071.0
Government,978.0
Government,1045.0
Government,951.0
Government,1120.0
Government,994.0
Government,907.0
Government,992.0
Government,1017.0
Government,907.0
Government,1038.0
Government,969.0
Government,989.0
Government,902.0
Government,1033.0
Government,896.0
Government,1083.0
Government,1059.0
Government,929.0
Government,1044.0
Government,918.0
Government,994.0
Government,881.0
Government,1069.0
Government,1094.0
Government,785.0
Government,889.0
Government,1111.0
Government,981.0
Government,1086.0
Government,1153.0
Government,954.0
Government,933.0
Government,1038.0
Government,1032.0
Government,1042.0
Government,978.0
Government,918.0
Government,833.0
Government,1001.0
Government,875.0
Government,904.0
Government,862.0
Government,889.0
Government,878.0
Government,1098.0
Government,888.0
Government,990.0
Government,920.0
Government,1005.0
Government,1000.0
Government,1097.0
Government,857.0
Government,917.0
Government,1073.0
Government,1108.0
Government,1022.0
Government,1021.0
Government,916.0
Government,783.0
Government,685.0
Government,1046.0
Government,906.0
Government,1051.0
Government,1060.0
Government,795.0
Government,1032.0
Government,962.0
Government,1053.0
Government,1056.0
Government,1089.0
Government,987.0
Government,941.0
Government,905.0
Government,965.0
Government,1037.0
Government,1018.0
Government,926.0
Government,1127.0
Government,969.0
Government,981.0
Government,1011.0
Government,950.0
Government,983.0
Government,1056.0
Government,989.0
Government,1050.0
Government,981.0
Government,926.0
Government,948.0
Government,898.0
Government,937.0
Government,1018.0
Government,1032.0
Government,1039.0
Government,949.0
Government,909.0
Government,986.0
Government,1027.0
Government,1009.0
Government,962.0
Government,998.0
Government,895.0
Government,994.0
Government,955.0
Government,1090.0
Government,928.0
Government,960.0
Government,950.0
Government,1069.0
Government,701.0
Government,967.0
Government,1032.0
Government,1095.0
Government,936.0
Government,974.0
Government,998.0
Government,963.0
Government,908.0
Government,926.0
Government,715.0
Government,993.0
Government,1025.0
Government,968.0
Government,997.0
Government,1074.0
Government,1060.0
Government,1099.0
Government,752.0
Government,1035.0
Government,985.0
Government,818.0
Government,761.0
Government,860.0
Government,997.0
Government,989.0
Government,1030.0
Government,906.0
Government,937.0
Government,1060.0
Government,964.0
Government,922.0
Government,938.0
Government,929.0
Government,924.0
Government,1020.0
Government,1011.0
Government,1044.0
Government,951.0
Government,943.0
Government,1022.0
Government,1039.0
Government,961.0
Government,1004.0
Government,967.0
Government,699.0
Government,900.0
Government,922.0
Government,1007.0
Government,946.0
Government,1020.0
Government,1021.0
Government,951.0
Government,921.0
Government,977.0
Government,1019.0
Government,1006.0
Government,944.0
Government,1114.0
Government,919.0
Catholic,976.0
Catholic,1051.0
Catholic,1019.0
Catholic,1055.0
Catholic,973.0
Catholic,979.0
Catholic,975.0
Catholic,1037.0
Catholic,1074.0
Catholic,1113.0
Catholic,1048.0
Catholic,1051.0
Catholic,1098.0
Catholic,1031.0
Catholic,1133.0
Catholic,1008.0
Catholic,960.0
Catholic,1064.0
Catholic,1081.0
Catholic,1080.0
Catholic,1151.0
Catholic,957.0
Catholic,1063.0
Catholic,1015.0
Catholic,1015.0
Catholic,1077.0
Catholic,1002.0
Catholic,1065.0
Catholic,1073.0
Catholic,1037.0
Catholic,1108.0
Catholic,1064.0
Catholic,1063.0
Catholic,1000.0
Catholic,973.0
Catholic,1086.0
Catholic,1060.0
Catholic,1001.0
Catholic,1043.0
Catholic,950.0
Catholic,1105.0
Catholic,1054.0
Catholic,1049.0
Catholic,1021.0
Catholic,1074.0
Catholic,1032.0
Catholic,1087.0
Catholic,1024.0
Catholic,1090.0
Catholic,1115.0
Catholic,958.0
Catholic,927.0
Catholic,1046.0
Catholic,1066.0
Catholic,1075.0
Catholic,1116.0
Catholic,1085.0
Catholic,1077.0
Catholic,1029.0
Catholic,965.0
Catholic,1135.0
Catholic,1075.0
Catholic,1010.0
Catholic,1002.0
Catholic,1004.0
Catholic,1051.0
Catholic,955.0
Catholic,1108.0
Catholic,990.0
Catholic,1048.0
Catholic,1092.0
Catholic,1029.0
Catholic,873.0
Catholic,1081.0
Catholic,1101.0
Catholic,1084.0
Catholic,1085.0
Catholic,981.0
Catholic,1086.0
Catholic,1133.0
Catholic,1026.0
Catholic,1099.0
Catholic,1102.0
Catholic,1079.0
Catholic,1108.0
Catholic,1076.0
Catholic,984.0
Catholic,995.0
Catholic,1008.0
Catholic,1005.0
Catholic,1017.0
Catholic,1045.0
Independent,1016.0
Independent,1040.0
Independent,793.0
Independent,971.0
Independent,1092.0
Independent,1043.0
Independent,1140.0
Independent,1013.0
Independent,1071.0
Independent,1095.0
Independent,1006.0
Independent,1094.0
Independent,1120.0
Independent,1117.0
Independent,1068.0
Independent,1096.0
Independent,1090.0
Independent,1119.0
Independent,1081.0
Independent,1164.0
Independent,1032.0
Independent,1150.0
Independent,1143.0
Independent,1170.0
Independent,1164.0
Independent,1180.0
Independent,1146.0
Independent,1162.0
Independent,1139.0
Independent,1176.0
Independent,1072.0
Independent,1039.0
Independent,1037.0
Independent,983.0
Independent,1032.0
Independent,940.0
Independent,1060.0
Independent,1051.0
Independent,1038.0
Independent,1065.0
Independent,1046.0
Independent,1040.0
Independent,1028.0
Independent,1087.0
Independent,1171.0
Independent,1067.0
Independent,1036.0
Independent,1004.0
Independent,976.0
Independent,1137.0
Independent,1085.0
Independent,1038.0
Independent,1089.0
Independent,1071.0
Independent,1090.0
Independent,977.0
Independent,996.0
Independent,1013.0
Independent,1109.0
Independent,1016.0
Independent,1097.0
Independent,1006.0
Independent,989.0
Independent,983.0
Independent,1068.0
Independent,1083.0
Independent,1141.0
Independent,1191.0
Independent,1140.0
Independent,1048.0
Independent,998.0
Independent,1043.0
Independent,1017.0
Independent,1101.0
Independent,1047.0
Independent,1035.0
Independent,1027.0
Independent,1031.0
Independent,984.0
Independent,1083.0
Independent,1062.0
Independent,1065.0
Independent,1065.0
Government,1070.0
Government,1159.0
Government,1066.0
Government,1100.0
Government,987.0
Government,1047.0
Government,1042.0
Government,1042.0
Government,1070.0
Government,1052.0
Government,1058.0
Government,1129.0
Government,794.0
Government,1056.0
Government,1075.0
Government,1066.0
Government,1038.0
Government,1050.0
Government,1070.0
Government,1100.0
Government,1041.0
Government,1077.0
Government,1056.0
Government,1049.0
Government,1077.0
Government,1117.0
Government,1036.0
Government,991.0
Government,1130.0
Government,1132.0
Government,1120.0
Government,1136.0
Government,1146.0
Government,1101.0
Government,1098.0
Government,1145.0
Government,1159.0
Government,1157.0
Government,1132.0
Government,1135.0
Government,1135.0
Government,1139.0
Government,1079.0
Government,1145.0
Government,1133.0
Government,1153.0
Government,1079.0
Government,1141.0
Government,1142.0
Government,1030.0
Government,1021.0
Government,1046.0
Government,1113.0
Government,1034.0
Government,972.0
Government,1010.0
Government,1106.0
Government,1002.0
Government,1088.0
Government,1076.0
Government,981.0
Government,1005.0
Government,1043.0
Government,1023.0
Government,1005.0
Government,1063.0
Government,952.0
Government,1085.0
Government,1043.0
Government,974.0
Government,1061.0
Government,991.0
Catholic,1095.0
Catholic,1076.0
Catholic,1085.0
Catholic,1145.0
Catholic,1068.0
Catholic,1138.0
Catholic,1121.0
Catholic,1131.0
Catholic,1067.0
Catholic,1117.0
Catholic,1061.0
Catholic,1044.0
Catholic,1087.0
Catholic,1055.0
Catholic,1070.0
Catholic,1077.0
Catholic,1094.0
Catholic,1130.0
Catholic,1131.0
Catholic,1085.0
Catholic,1094.0
Catholic,1080.0
Catholic,1045.0
Catholic,1145.0
Catholic,1082.0
Catholic,1117.0
Catholic,1130.0
Independent,1164.0
Independent,1154.0
Independent,1165.0
Independent,1087.0
Independent,1177.0
Independent,1187.0
Independent,1128.0
Independent,1090.0
Independent,1138.0
Independent,1073.0
Independent,1136.0
Independent,1203.0
Independent,1004.0
Independent,1150.0
Government,994.0
Government,797.0
Government,903.0
Government,986.0
Government,863.0
Government,937.0
Government,754.0
Government,1025.0
Government,931.0
Government,1011.0
Government,1006.0
Government,978.0
Government,976.0
Government,939.0
Government,918.0
Government,911.0
Government,991.0
Government,693.0
Government,914.0
Government,1017.0
Government,807.0
Government,978.0
Government,808.0
Government,951.0
Government,924.0
Government,997.0
Government,769.0
Government,907.0
Government,909.0
Government,1086.0
Government,1024.0
Government,905.0
Government,665.0
Government,770.0
Government,792.0
Government,911.0
Government,970.0
Government,753.0
Government,1051.0
Government,946.0
Government,1063.0
Government,1066.0
Government,1040.0
Government,793.0
Government,1054.0
Government,732.0
Government,944.0
Government,987.0
Government,842.0
Government,890.0
Government,888.0
Government,723.0
Government,778.0
Government,637.0
Government,629.0
Government,665.0
Government,596.0
Government,668.0
Government,593.0
Government,598.0
Government,601.0
Government,645.0
Government,676.0
Government,597.0
Government,660.0
Government,664.0
Government,624.0
Government,632.0
Government,894.0
Government,929.0
Government,639.0
Government,789.0
Government,855.0
Government,610.0
Government,617.0
Government,610.0
Government,616.0
Government,586.0
Government,614.0
Government,661.0
Government,579.0
Government,628.0
Government,610.0
Government,564.0
Government,1022.0
Government,922.0
Government,611.0
Government,552.0
Government,678.0
Government,625.0
Government,638.0
Government,625.0
Government,561.0
Government,626.0
Government,844.0
Government,654.0
Government,753.0
Government,688.0
Government,659.0
Government,653.0
Government,622.0
Government,636.0
Government,647.0
Government,613.0
Government,694.0
Government,596.0
Government,613.0
Government,571.0
Government,582.0
Government,622.0
Government,691.0
Government,683.0
Government,663.0
Government,595.0
Government,662.0
Government,641.0
Government,723.0
Government,911.0
Government,698.0
Government,591.0
Government,641.0
Government,623.0
Government,513.0
Government,639.0
Government,528.0
Government,600.0
Government,610.0
Government,668.0
Government,585.0
Government,626.0
Government,997.0
Government,609.0
Government,576.0
Government,608.0
Government,1065.0
Government,816.0
Catholic,622.0
Catholic,684.0
Catholic,622.0
Catholic,724.0
Catholic,636.0
Independent,1128.0
Independent,1082.0
Independent,997.0
Independent,1029.0
Independent,962.0
Independent,1008.0
Independent,1031.0
Independent,654.0
Independent,1085.0
Independent,1056.0
Independent,656.0
Independent,729.0
Independent,1053.0
Independent,661.0
Independent,738.0
Government,1090.0
Government,925.0
Government,1132.0
Government,965.0
Government,955.0
Government,922.0
Government,972.0
Government,900.0
Government,1004.0
Government,921.0
Independent,985.0
Government,1067.0
Government,948.0
Independent,1117.0
Government,1078.0
Government,1106.0
Government,882.0
Catholic,968.0
Catholic,1042.0
Independent,1027.0
Government,926.0
Independent,1101.0
Government,978.0
Catholic,1040.0
Government,1018.0
Independent,904.0
Independent,1011.0
Independent,1032.0
Independent,817.0
Government,1036.0
Government,959.0
Government,938.0
Government,1049.0
Government,873.0
Government,902.0
Government,894.0
Government,992.0
Government,1127.0
Government,947.0
Government,997.0
Government,1006.0
Government,983.0
Government,893.0
Government,953.0
Government,1082.0
Government,999.0
Government,877.0
Government,1165.0
Government,1042.0
Government,948.0
Independent,1083.0
Government,1076.0
Independent,1038.0
Government,800.0
Government,787.0
Government,772.0
Government,800.0
Government,1000.0
Government,858.0
Government,1075.0
Government,1117.0
Government,917.0
Government,1150.0
Government,867.0
Government,1020.0
Government,1119.0
Government,918.0
Government,983.0
Government,950.0
Government,988.0
Government,924.0
Government,935.0
Government,971.0
Government,1014.0
Government,1061.0
Government,964.0
Government,674.0
Government,1028.0
Government,1030.0
Government,1059.0
Government,981.0
Government,1022.0
Government,1001.0
Government,1002.0
Independent,760.0
Catholic,1022.0
Independent,983.0
Independent,1111.0
Catholic,1121.0
Catholic,1051.0
Independent,1056.0
Catholic,1031.0
Independent,1136.0
Catholic,1053.0
Independent,905.0
Government,947.0
Government,965.0
Independent,1149.0
Government,1037.0
Independent,1007.0
Catholic,1002.0
Independent,1150.0
Independent,1105.0
Government,1038.0
Catholic,1081.0
Government,1022.0
Government,970.0
Government,972.0
Government,964.0
Government,912.0
Government,1078.0
Government,1025.0
Government,972.0
Catholic,935.0
Catholic,993.0
Government,986.0
Government,894.0
Government,1005.0
Government,1060.0
Government,599.0
Catholic,1001.0
Catholic,880.0
Catholic,892.0
Government,1001.0
Government,707.0
Government,1065.0
Government,1055.0
Independent,1086.0
Independent,991.0
Independent,1050.0
Independent,1158.0
Independent,901.0
Independent,1092.0
Independent,992.0
Independent,995.0
Independent,932.0
Independent,1073.0
Independent,1132.0
Government,1042.0
Government,950.0
Government,966.0
Government,975.0
Government,992.0
Government,967.0
Government,1045.0
Government,992.0
Government,994.0
Catholic,1078.0
Catholic,903.0
Independent,1081.0
Government,1058.0
Government,1098.0
Independent,976.0
Independent,707.0
Independent,1113.0
Independent,1052.0
Independent,1053.0
Independent,1026.0
Government,972.0
Government,1141.0
Government,1026.0
Government,934.0
Independent,1032.0
Independent,1035.0
Government,1005.0
Independent,825.0
Catholic,823.0
Catholic,1068.0
Catholic,1062.0
Catholic,1060.0
Catholic,1089.0
Independent,1100.0
Independent,971.0
Independent,667.0
Independent,989.0
Catholic,1034.0
Independent,1049.0
Government,965.0
Government,971.0
Government,978.0
Government,1061.0
Government,984.0
Government,986.0
Government,983.0
Government,970.0
Government,970.0
Government,999.0
Government,1023.0
Government,1140.0
Catholic,1094.0
Catholic,1006.0
Catholic,1047.0
Catholic,1074.0
Catholic,1073.0
Independent,895.0
Catholic,1064.0
Independent,896.0
Catholic,1080.0
Catholic,1068.0
Catholic,1069.0
Catholic,1040.0
Catholic,1040.0
Catholic,1018.0
Catholic,1063.0
Independent,749.0
Government,1027.0
Government,979.0
Government,1104.0
Catholic,990.0
Government,863.0
Independent,899.0
Independent,983.0
Government,960.0
Independent,918.0
Independent,1122.0
Government,1135.0
Catholic,1140.0
Government,1071.0
Independent,1071.0
Independent,1019.0
Independent,1082.0
Government,1007.0
Independent,1014.0
Independent,1099.0
Independent,1129.0
Independent,832.0
Catholic,1088.0
Catholic,1106.0
Government,1141.0
Government,1118.0
Independent,904.0
Government,1015.0
Government,1037.0
Government,1039.0
Government,999.0
Government,980.0
Independent,987.0
Government,1012.0
Independent,1146.0
Government,972.0
Government,1001.0
Government,964.0
Independent,965.0
Independent,1020.0
Catholic,868.0
Catholic,987.0
Catholic,949.0
Catholic,811.0
Independent,1029.0
Government,989.0
Independent,1053.0
Catholic,975.0
Catholic,1035.0
Government,974.0
Government,961.0
Government,998.0
Independent,1052.0
Independent,1097.0
Independent,956.0
Independent,912.0
Independent,915.0
Catholic,1052.0
Government,1147.0
Independent,776.0
Government,1009.0
Government,1099.0
Independent,1109.0
Independent,1042.0
Government,1035.0
Government,1015.0
Government,946.0
Independent,872.0
Independent,871.0
Independent,1026.0
Independent,999.0
Independent,883.0
Government,923.0
Government,970.0
Government,988.0
Government,1030.0
Government,1038.0
Government,980.0
Government,980.0
Government,1092.0
Government,1072.0
Government,993.0
Independent,1080.0
Government,1004.0
Government,1021.0
Government,1047.0
Government,1023.0
Government,976.0
Government,997.0
Government,989.0
Government,975.0
Government,1013.0
Catholic,866.0
Independent,1017.0
Independent,761.0
Independent,1071.0
Independent,1134.0
Independent,809.0
Independent,1141.0
Independent,1027.0
Catholic,1088.0
Independent,1054.0
Independent,1110.0
Government,819.0
Independent,964.0
Independent,1059.0
Independent,1139.0
Independent,1149.0
Independent,1125.0
Independent,912.0
Catholic,1039.0
Catholic,1010.0
Independent,1046.0
Catholic,1116.0
Catholic,1037.0
Catholic,1014.0
Catholic,1106.0
Catholic,1055.0
Independent,1080.0
Independent,1067.0
Government,956.0
Independent,1100.0
Independent,843.0
Independent,833.0
Independent,984.0
Independent,951.0
Catholic,1030.0
Government,939.0
Catholic,1016.0
Catholic,1003.0
Independent,1017.0
Independent,1057.0
Independent,1083.0
Independent,1070.0
Independent,936.0
Catholic,935.0
Government,950.0
Government,938.0
Government,960.0
Government,913.0
Independent,1176.0
Independent,940.0
Government,888.0
Government,1020.0
Government,987.0
Government,1020.0
Government,1048.0
Government,1090.0
Government,1043.0
Government,1057.0
Government,1009.0
Government,1032.0
Independent,820.0
Independent,987.0
Independent,946.0
Independent,972.0
Independent,1003.0
Government,1006.0
Government,1038.0
Government,1112.0
Independent,992.0
Independent,996.0
Catholic,1039.0
Catholic,1050.0
Government,789.0
Catholic,1027.0
Independent,931.0
Independent,1053.0
Independent,943.0
Independent,1036.0
Independent,1016.0
Government,1103.0
Government,1054.0
Government,1003.0
Government,1091.0
Government,1012.0
Government,1038.0
Government,976.0
Government,902.0
Government,1099.0
Government,1144.0
Government,1023.0
Government,998.0
Government,999.0
Government,1113.0
Government,1017.0
Government,1051.0
Independent,1084.0
Independent,1029.0
Government,884.0
Government,1032.0
Government,988.0
Government,996.0
Government,942.0
Independent,1072.0
Independent,910.0
Independent,1051.0
Independent,959.0
Independent,1054.0
Independent,1069.0
Independent,883.0
Catholic,995.0
Catholic,1047.0
Catholic,1078.0
Catholic,869.0
Government,1129.0
Government,1035.0
Government,961.0
Government,979.0
Government,993.0
Independent,950.0
Independent,1014.0
Independent,964.0
Independent,1024.0
Government,896.0
Government,1045.0
Government,1067.0
Government,937.0
Independent,931.0
Independent,1032.0
Independent,1071.0
Independent,1037.0
Independent,947.0
Government,1054.0
Independent,913.0
Catholic,1027.0
Government,1039.0
Government,999.0
Government,1105.0
Government,1004.0
Government,1037.0
Government,1080.0
Government,1104.0
Government,1075.0
Government,1070.0
Government,988.0
Government,1049.0
Government,1152.0
Government,1017.0
Government,1147.0
Catholic,1099.0
Government,1089.0
Independent,1140.0
Government,1112.0
Government,1108.0
Government,867.0
Government,928.0
Independent,1043.0
Catholic,1104.0
Independent,1049.0
Catholic,1022.0
Independent,1018.0
Independent,1125.0
Catholic,999.0
Independent,958.0
Independent,712.0
Independent,1013.0
Catholic,1002.0
Government,994.0
Government,1032.0
Government,951.0
Government,1077.0
Government,1040.0
Government,1027.0
Government,1050.0
Government,1042.0
Government,1029.0
Government,1046.0
Government,1027.0
Government,1058.0
Government,1065.0
Government,962.0
Government,1070.0
Catholic,1071.0
Catholic,1065.0
Independent,1024.0
Independent,906.0
Catholic,1019.0
Government,949.0
Government,1086.0
Government,1031.0
Government,997.0
Government,952.0
Government,1025.0
Government,941.0
Government,996.0
Government,1078.0
Independent,888.0
Independent,1017.0
Independent,1037.0
Independent,745.0
Government,1104.0
Government,1002.0
Government,1038.0
Government,1114.0
Government,1017.0
Government,989.0
Independent,528.0
Independent,811.0
Catholic,1046.0
Catholic,1026.0
Catholic,1077.0
Government,982.0
Government,1137.0
Catholic,871.0
Independent,1010.0
Catholic,1070.0
Catholic,1078.0
Independent,1099.0
Independent,1088.0
Independent,1028.0
Independent,993.0
Independent,908.0
Independent,942.0
Independent,880.0
Independent,882.0
Independent,971.0
Government,998.0
Government,1074.0
Government,1066.0
Government,1083.0
Government,999.0
Government,1007.0
Government,1037.0
Government,1003.0
Government,1023.0
Independent,975.0
Independent,1033.0
Independent,1015.0
Independent,634.0
Independent,946.0
Government,1107.0
Government,1065.0
Government,1025.0
Government,1008.0
Government,1023.0
Government,1133.0
Government,1061.0
Government,1021.0
Government,1034.0
Government,1038.0
Government,985.0
Government,1002.0
Government,1106.0
Government,1044.0
Government,1068.0
Government,1095.0
Government,1019.0
Government,944.0
Government,1098.0
Government,1032.0
Government,1058.0
Government,1038.0
Independent,909.0
Catholic,1045.0
Independent,904.0
Independent,1070.0
Independent,994.0
Independent,996.0
Independent,1052.0
Independent,1153.0
Independent,1037.0
Independent,942.0
Independent,967.0
Catholic,908.0
Catholic,1085.0
Catholic,1035.0
Independent,1119.0
Independent,1102.0
Independent,1033.0
Independent,1005.0
Independent,1100.0
Independent,1172.0
Catholic,1046.0
Catholic,1019.0
Independent,1058.0
Independent,612.0
Government,1032.0
Government,1004.0
Government,1041.0
Independent,929.0
Catholic,1004.0
Independent,921.0
Independent,668.0
Independent,944.0
Government,900.0
Government,955.0
Government,954.0
Government,957.0
Catholic,916.0
Independent,1105.0
Independent,781.0
Independent,1071.0
Catholic,1024.0
Independent,1075.0
Independent,1047.0
Government,1005.0
Government,997.0
Government,1023.0
Government,1096.0
Independent,640.0
Independent,558.0
Government,988.0
Government,1044.0
Government,1024.0
Government,1039.0
Government,1056.0
Government,1031.0
Government,1012.0
Government,985.0
Government,1013.0
Government,1101.0
Government,997.0
Government,1079.0
Catholic,990.0
Independent,1084.0
Independent,1117.0
Independent,1095.0
Independent,798.0
Government,987.0
Catholic,1040.0
Independent,1052.0
Independent,1104.0
Independent,975.0
Independent,1013.0
Independent,1139.0
Independent,964.0
Independent,1063.0
Independent,968.0
Government,887.0
Independent,1071.0
Independent,980.0
Government,1075.0
Government,1029.0
Government,1054.0
Independent,1037.0
Independent,1007.0
Government,1021.0
Government,953.0
Government,1005.0
Government,957.0
Catholic,1066.0
Government,1050.0
Government,1077.0
Government,1078.0
Government,1026.0
Government,1068.0
Independent,966.0
Independent,756.0
Independent,991.0
Independent,881.0
Independent,1101.0
Independent,990.0
Government,1118.0
Government,1028.0
Government,1056.0
Government,1036.0
Government,1053.0
Government,1055.0
Government,1034.0
Government,1054.0
Government,1019.0
Government,1067.0
Government,1045.0
Government,1058.0
Government,1003.0
Government,994.0
Government,1005.0
Government,986.0
Independent,1015.0
Independent,1037.0
Independent,1085.0
Independent,1005.0
Catholic,1054.0
Independent,1042.0
Independent,1046.0
Catholic,1065.0
Catholic,1112.0
Government,959.0
Independent,1157.0
Government,983.0
Government,1011.0
Government,1078.0
Government,1051.0
Government,1020.0
Government,1035.0
Government,1032.0
Government,1009.0
Independent,1107.0
Independent,1040.0
Independent,1054.0
Independent,1094.0
Independent,883.0
Independent,1014.0
Catholic,1059.0
Independent,763.0
Government,1009.0
Government,1034.0
Government,1040.0
Government,972.0
Government,1037.0
Government,1008.0
Government,1053.0
Government,1048.0
Government,1029.0
Government,965.0
Government,1018.0
Government,989.0
Government,918.0
Government,1039.0
Government,1015.0
Independent,791.0
Government,1083.0
Government,1126.0
Government,1073.0
Independent,1109.0
Catholic,1104.0
Independent,989.0
Independent,1119.0
Independent,941.0
Independent,1032.0
Independent,968.0
Independent,1088.0
Independent,1087.0
Independent,984.0
Government,962.0
Government,993.0
Independent,1077.0
Catholic,952.0
Independent,1028.0
Independent,1046.0
Government,1122.0
Government,1098.0
Government,1123.0
Government,1062.0
Government,1071.0
Government,1013.0
Independent,966.0
Government,1002.0
Government,921.0
Independent,1019.0
Independent,998.0
Independent,1151.0
Government,1059.0
Government,884.0
Government,1019.0
Government,1021.0
Government,1058.0
Government,1062.0
Government,1053.0
Independent,712.0
Catholic,1098.0
Independent,973.0
Independent,1082.0
Independent,966.0
Catholic,1101.0
Independent,1092.0
Independent,999.0
Independent,1143.0
Independent,955.0
Independent,1080.0
Independent,687.0
