sector,lat,lon,enrolments
Catholic,-42.871,147.371,413
Independent,-42.916,147.353,419
Independent,-41.227,146.439,297
Catholic,-42.789,147.248,374
Catholic,-42.866,147.29,195
Independent,-41.448,147.145,112
Catholic,-41.461,147.195,198
Independent,-41.408,147.129,723
Catholic,-43.162,147.076,218
Catholic,-41.18,146.355,385
Catholic,-41.525,146.65,73
Catholic,-41.156,146.187,246
Catholic,-43.165,146.944,149
Catholic,-41.406,147.095,180
Catholic,-40.846,145.132,125
Catholic,-42.781,147.056,187
Catholic,-40.988,145.727,187
Catholic,-42.843,147.355,254
Catholic,-42.733,147.442,291
Catholic,-41.78,145.544,47
Catholic,-42.081,145.56,59
Catholic,-42.882,147.32,951
Catholic,-41.236,146.418,158
Catholic,-42.847,147.29,207
Independent,-42.854,147.288,248
Catholic,-41.108,146.83,181
Catholic,-41.051,145.888,382
Independent,-42.869,147.313,1269
Independent,-42.906,147.33,986
Independent,-42.875,147.367,77
Independent,-41.402,147.091,742
Independent,-41.154,146.195,636
Independent,-41.124,146.08,123
Independent,-42.888,147.323,636
Independent,-41.449,147.169,1164
Catholic,-42.894,147.447,199
Independent,-41.437,147.158,112
Independent,-42.852,147.384,253
Catholic,-41.445,147.158,315
Catholic,-42.737,147.248,178
Independent,-40.85,145.118,265
Independent,-42.991,147.308,312
Government,-41.378,147.121,451
Government,-40.113,148.035,95
Government,-41.253,147.216,291
Government,-41.419,147.175,264
Government,-41.155,147.51,260
Government,-41.079,145.902,408
Government,-41.189,146.352,520
Government,-41.163,146.171,504
Government,-40.986,145.718,222
Government,-42.837,147.283,313
Government,-43.31,147.013,144
Government,-43.162,146.922,41
Government,-43.024,147.047,281
Government,-42.897,147.445,357
Government,-42.384,147.016,78
Government,-41.53,146.66,235
Government,-42.697,146.889,203
Government,-42.789,147.061,319
Government,-42.301,147.371,198
Government,-41.779,145.542,63
Government,-41.325,148.246,505
Government,-41.585,148.189,215
Government,-42.507,147.911,151
Government,-41.042,145.866,502
Government,-41.924,147.491,193
Government,-41.691,147.077,415
Government,-42.885,147.812,136
Government,-41.301,146.958,325
Government,-39.927,143.856,170
Government,-42.974,147.308,577
Government,-41.474,147.16,567
Government,-41.476,147.131,572
Government,-41.409,147.1,624
Government,-40.838,145.116,283
Government,-42.786,147.561,792
Government,-42.943,147.356,1134
Government,-43.098,147.747,152
Government,-41.097,147.823,111
Government,-43.165,147.24,336
Government,-41.123,145.72,110
Government,-41.072,145.893,132
Government,-41.422,147.131,295
Government,-41.403,147.133,494
Government,-42.862,147.359,533
Government,-41.452,147.176,575
Government,-41.178,146.349,342
Catholic,-41.445,147.133,390
Government,-42.891,147.326,252
Government,-42.873,147.323,219
Government,-42.888,147.317,218
Government,-42.882,147.309,404
Government,-42.875,147.299,340
Government,-42.892,147.31,436
Government,-42.899,147.318,343
Government,-42.909,147.337,359
Government,-42.943,147.353,274
Government,-42.913,147.322,233
Government,-42.861,147.29,525
Government,-42.857,147.3,305
Government,-42.847,147.308,212
Government,-42.832,147.293,101
Government,-42.838,147.296,214
Government,-42.848,147.276,192
Government,-42.822,147.257,309
Government,-42.837,147.198,62
Government,-42.839,147.35,321
Government,-42.852,147.364,331
Government,-42.813,147.353,172
Government,-42.872,147.37,458
Government,-42.878,147.389,626
Government,-42.881,147.402,630
Government,-42.864,147.352,318
Government,-42.861,147.383,158
Government,-42.887,147.444,124
Government,-42.899,147.434,199
Government,-42.905,147.479,689
Government,-43.026,147.42,69
Government,-42.739,147.438,198
Government,-42.666,147.423,202
Government,-43.028,146.962,115
Government,-43.024,147.047,270
Government,-43.158,147.072,190
Government,-43.086,147.012,154
Government,-42.979,147.31,338
Government,-42.997,147.321,257
Government,-43.029,147.262,364
Government,-43.065,147.254,323
Government,-43.318,147.246,56
Government,-42.836,147.442,350
Government,-41.568,147.249,101
Government,-41.872,148.306,102
Government,-41.442,147.152,501
Government,-41.456,147.144,341
Government,-41.462,147.174,415
Government,-41.453,147.165,317
Government,-41.413,147.101,673
Government,-41.46,147.2,198
Government,-41.468,147.13,555
Government,-41.438,147.115,392
Government,-41.432,147.19,122
Government,-41.449,147.128,375
Government,-41.483,147.164,328
Government,-41.1,146.828,381
Government,-41.114,146.834,203
Government,-41.002,147.389,180
Government,-41.242,147.733,75
Government,-41.16,147.507,233
Government,-41.527,146.903,353
Government,-42.563,147.874,66
Government,-42.122,148.073,53
Government,-41.652,146.934,59
Government,-41.573,147.174,297
Government,-41.596,147.117,230
Government,-41.532,146.838,142
Government,-41.529,146.663,285
Government,-41.558,146.406,67
Government,-41.24,146.416,304
Government,-41.385,146.325,365
Government,-41.237,146.425,555
Government,-41.287,146.503,33
Government,-41.18,146.357,240
Government,-41.178,146.372,198
Government,-41.193,146.249,213
Government,-41.187,146.333,211
Government,-41.195,146.349,322
Government,-41.173,146.338,320
Government,-41.212,146.346,304
Government,-41.387,146.175,14
Government,-41.155,146.192,241
Government,-41.263,146.159,31
Government,-41.161,146.164,328
Government,-41.148,146.16,117
Government,-41.202,145.999,86
Government,-41.058,145.885,330
Government,-41.042,145.866,174
Government,-41.06,145.899,270
Government,-40.946,145.635,234
Government,-41.084,145.911,110
Government,-41.17,145.922,27
Government,-41.14,145.838,110
Government,-40.983,145.715,299
Government,-40.971,145.093,23
Government,-40.848,145.249,99
Government,-40.933,144.762,32
Government,-40.849,145.116,210
Government,-40.76,145.291,54
Government,-42.699,147.258,507
Government,-42.625,147.223,169
Government,-42.531,147.199,47
Government,-42.774,147.051,235
Government,-42.779,147.064,208
Government,-42.804,147.157,129
Government,-42.678,146.787,54
Government,-42.153,145.32,47
Government,-41.888,145.34,43
Independent,-42.998,147.29,247
Independent,-41.044,145.81,28
Catholic,-42.857,147.401,895
Independent,-41.182,146.323,377
Catholic,-41.416,147.133,282
Independent,-41.522,146.652,50
Catholic,-42.849,147.258,1007
Catholic,-42.902,147.332,572
Catholic,-42.862,147.305,934
Government,-42.849,147.625,533
Government,-41.299,146.956,321
Government,-43.009,147.319,391
Independent,-42.797,147.263,92
Government,-41.203,146.822,244
Independent,-41.438,147.165,93
Catholic,-42.774,147.252,792
Independent,-43.142,147.153,90
Government,-42.094,145.55,199
Catholic,-41.167,146.342,566
Catholic,-41.474,147.127,1522
Catholic,-41.048,145.886,889
Government,-40.369,148.025,10
Government,-42.88,147.402,99
Independent,-42.98,147.305,788
Independent,-34.954,138.622,175
Government,-41.424,147.172,107
Government,-25.284,127.543,298
Independent,-41.386,147.127,129
Independent,-42.901,147.439,265
Independent,-42.731,147.223,149
Independent,-43.027,147.271,150
Independent,-42.84,147.353,119
Independent,-35.903,146.827,216
Independent,-33.951,151.15,41
Independent,-35.129,147.348,198
Independent,-27.719,153.084,244
Government,-33.336,116.733,56
Government,-31.912,115.86,63
Independent,-32.124,115.825,322
Government,-34.117,136.343,26
Government,-34.917,138.563,1284
Independent,-35.017,138.557,320
Government,-35.261,149.12,60
Government,-35.403,149.097,871
Government,-35.246,149.033,605
Government,-35.336,149.147,977
Government,-35.233,149.038,115
Government,-35.342,149.076,91
Government,-35.329,149.151,53
Government,-35.418,149.122,571
Government,-35.429,149.089,69
Government,-35.34,149.088,1174
Independent,-35.254,149.139,1498
Independent,-35.36,149.088,1852
Independent,-35.323,149.144,935
Government,-12.439,130.834,1286
Government,-12.44,130.834,252
Government,-23.698,133.895,351
Government,-13.099,130.654,5
Independent,-23.708,133.852,104
Catholic,-12.394,130.912,248
Catholic,-12.373,130.885,243
Catholic,-12.393,130.91,599
Catholic,-23.708,133.877,823
Catholic,-12.496,130.979,165
Catholic,-12.581,131.099,107
Catholic,-12.441,130.838,287
Catholic,-14.462,132.276,299
Catholic,-12.459,130.839,180
Catholic,-12.387,130.858,221
Independent,-34.933,138.601,91
Catholic,-34.997,138.521,2033
Independent,-33.687,151.217,67
Independent,-33.723,151.119,3345
Independent,-33.899,151.245,1339
Catholic,-32.927,151.754,959
Catholic,-32.811,151.443,122
Catholic,-34.009,151.073,414
Catholic,-31.559,143.379,25
Independent,-33.775,151.164,98
Independent,-34.034,150.814,86
Independent,-30.378,153.057,1008
Independent,-37.629,145.213,31
Catholic,-27.412,152.98,1167
Independent,-37.806,145.036,26
Independent,-37.876,145.06,41
Independent,-37.061,146.086,26
Independent,-37.823,145.027,147
Independent,-37.812,145.087,50
Independent,-27.598,153.043,246
Catholic,-37.699,144.771,974
Independent,-33.736,151.036,771
Independent,-31.43,152.88,345
Catholic,-36.753,144.273,1567
Government,-34.713,138.671,431
Government,-34.892,138.635,496
Government,-37.863,144.895,1527
Government,-36.127,146.88,1348
Government,-37.823,145.041,374
Government,-36.132,144.732,584
Government,-33.769,150.83,499
Government,-29.482,149.84,369
Government,-33.763,150.77,926
Government,-33.493,151.324,644
Government,-33.875,151.188,798
Government,-41.44,147.133,1368
Government,-42.878,147.318,738
Government,-42.869,147.365,968
Government,-32.012,115.943,439
Government,-32.074,115.814,335
Government,-31.914,115.943,671
Government,-32.01,115.897,247
Independent,-30.623,152.85,94
Government,-34.724,135.858,277
Government,-33.896,151.178,104
Government,-33.861,151.143,428
Government,-33.889,151.157,20
Government,-33.768,151.28,647
Government,-33.903,151.13,48
Government,-12.384,130.879,690
Government,-33.841,150.976,55
Government,-33.889,151.01,93
Government,-37.848,145.148,344
Government,-33.916,151.05,173
Government,-33.931,151.038,141
Government,-33.932,151.145,86
Government,-33.933,151.125,33
Government,-33.973,151.091,59
Government,-32.943,151.7,25
Government,-32.902,151.696,659
Government,-32.935,151.688,55
Government,-32.728,151.56,52
Government,-32.823,151.495,54
Government,-29.739,151.724,19
Government,-37.879,142.291,15
Government,-34.75,146.565,25
Government,-34.82,148.335,22
Government,-34.198,142.145,1027
Government,-33.082,149.695,8
Government,-32.369,149.269,2
Government,-36.755,144.28,1918
Government,-36.549,146.726,405
Government,-38.191,146.519,880
Government,-38.383,145.333,0
Government,-28.217,149.794,16
Government,-38.61,145.597,1687
Government,-32.973,117.118,146
Government,-34.954,117.375,143
Government,-31.627,117.232,126
Government,-22.345,149.53,6
Independent,-34.549,150.368,127
Independent,-33.658,121.873,62
Catholic,-37.651,145.03,2185
Catholic,-34.056,151.143,482
Catholic,-32.738,151.56,1191
Government,-37.957,145.023,1079
Catholic,-38.052,145.373,2797
Government,-34.49,150.912,293
Government,-38.0,145.263,716
Government,-30.33,153.103,454
Government,-37.808,144.985,357
Government,-29.214,116.002,47
Catholic,-42.835,147.27,839
Government,-42.796,147.251,467
Government,-33.816,151.133,0
Government,-31.89,115.886,337
Government,-31.805,115.761,302
Government,-33.82,151.188,322
Government,-33.929,151.023,545
Independent,-33.738,150.826,101
Government,-33.726,150.88,378
Government,-33.803,151.126,17
Government,-33.887,151.175,37
Government,-33.424,151.296,54
Government,-34.088,150.826,19
Government,-33.949,151.162,204
Government,-33.764,150.75,65
Government,-35.13,147.344,17
Government,-37.971,145.178,847
Government,-34.828,138.603,28
Government,-14.464,132.259,55
Independent,-31.057,150.912,1033
Independent,-18.639,146.168,7
Government,-32.161,152.495,349
Independent,-12.408,130.917,93
Government,-33.977,151.081,741
Government,-35.025,138.573,419
Catholic,-21.139,149.184,1394
Independent,-32.057,115.902,258
Independent,-34.97,117.366,89
Government,-27.527,153.003,35
Government,-19.25,146.784,98
Government,-37.72,144.772,1846
Government,-29.722,152.946,26
Government,-42.91,147.349,84
Government,-33.13,115.914,166
Independent,-37.838,144.998,35
Independent,-33.631,151.334,50
Government,-37.791,144.854,502
Government,-31.678,115.707,754
Independent,-34.918,138.602,523
Government,-32.518,115.755,32
Government,-31.914,115.943,48
Government,-33.911,151.243,53
Government,-32.233,148.626,651
Catholic,-38.201,146.514,1358
Government,-32.957,151.564,31
Government,-33.868,150.971,89
Government,-33.8,150.987,0
Independent,-37.811,144.969,101
Independent,-33.242,151.444,796
Independent,-32.914,151.659,664
Government,-32.231,148.578,14
Government,-38.109,147.068,782
Government,-28.78,114.612,786
Catholic,-33.77,150.828,385
Government,-33.799,151.288,0
Government,-37.84,145.151,270
Government,-33.773,151.291,0
Government,-32.365,149.536,0
Government,-30.448,151.825,0
Government,-34.004,151.221,0
Government,-36.791,149.927,0
Government,-33.482,150.892,0
Government,-34.12,150.71,0
Government,-30.233,152.79,0
Government,-28.657,153.352,0
Government,-33.908,150.961,0
Government,-33.66,151.159,0
Government,-34.602,150.861,0
Government,-33.579,150.894,0
Government,-33.859,151.207,0
Government,-33.727,150.683,0
Government,-35.129,147.31,0
Government,-34.064,151.058,0
Government,-33.428,151.347,0
Government,-32.488,148.555,0
Government,-31.255,148.981,0
Government,-32.876,151.696,0
Government,-34.135,150.499,0
Government,-30.75,121.475,485
Government,-27.486,152.979,1358
Government,-12.626,141.88,1010
Government,-20.735,139.487,926
Government,-26.566,148.778,825
Catholic,-27.466,153.011,104
Government,-27.484,153.027,0
Government,-32.792,151.671,26
Independent,-25.008,152.376,76
Independent,-33.874,150.954,548
Government,-37.741,144.973,1265
Catholic,-34.711,138.664,260
Government,-37.887,144.733,777
Government,-27.453,153.014,436
Government,-10.582,142.221,1261
Independent,-19.322,146.764,375
Independent,-32.739,151.538,257
Catholic,-31.428,152.873,327
Government,-33.895,151.151,0
Independent,-27.205,153.11,286
Government,-33.967,151.134,0
Government,-33.889,151.18,0
Government,-33.821,151.192,0
Government,-33.919,151.239,0
Government,-34.038,151.115,0
Government,-33.933,151.021,0
Government,-34.425,150.884,0
Government,-32.921,151.697,0
Government,-33.802,150.992,0
Government,-33.92,150.93,0
Catholic,-31.771,115.974,1311
Government,-27.967,153.383,468
Independent,-36.548,145.984,23
Independent,-33.848,151.033,148
Independent,-37.779,144.983,165
Independent,-28.196,153.521,999
Government,-37.914,145.129,656
Government,-33.366,115.654,547
Government,-33.259,115.746,582
Catholic,-33.684,150.933,600
Independent,-33.778,151.148,3
Independent,-31.893,115.869,11
Independent,-38.178,145.926,306
Government,-22.088,134.775,165
Catholic,-31.956,115.941,418
Government,-17.516,146.037,951
Government,-42.82,147.267,498
Government,-42.831,147.267,261
Independent,-27.459,153.037,87
Independent,-27.668,152.851,716
Independent,-33.833,151.207,40
Independent,-33.748,151.276,4
Independent,-36.09,146.913,872
Independent,-36.378,145.402,97
Independent,-12.252,135.437,26
Independent,-33.783,151.246,37
Government,-37.03,145.141,730
Catholic,-28.769,114.619,106
Catholic,-35.353,149.241,730
Independent,-33.929,151.095,646
Catholic,-37.786,144.85,1555
Independent,-33.889,151.253,0
Independent,-29.718,152.967,402
Catholic,-19.239,146.654,1485
Independent,-34.633,138.734,669
Independent,-18.967,146.292,51
Independent,-12.496,131.025,1117
Catholic,-34.912,138.547,2576
Independent,-27.671,152.907,1124
Catholic,-42.998,147.29,1120
Independent,-34.722,138.678,993
Independent,-31.751,115.765,845
Catholic,-35.195,149.153,716
Government,-34.68,138.674,685
Government,-33.853,151.131,368
Government,-33.886,151.17,363
Government,-33.878,151.172,359
Government,-33.899,151.119,356
Government,-33.89,151.128,474
Government,-33.954,151.207,268
Government,-33.887,151.26,573
Government,-33.953,151.085,320
Government,-33.853,151.177,214
Government,-33.983,151.116,256
Government,-33.888,151.277,348
Government,-33.943,151.195,232
Government,-33.962,151.149,433
Government,-33.901,151.262,257
Government,-33.906,151.176,310
Government,-33.909,151.122,346
Government,-34.053,151.123,394
Government,-33.963,151.122,599
Government,-33.973,151.128,514
Government,-33.93,151.108,500
Government,-33.907,151.26,513
Government,-34.002,151.069,103
Government,-33.985,151.1,429
Government,-33.92,151.25,361
Government,-34.054,151.148,516
Government,-33.893,151.189,147
Government,-33.875,151.241,237
Government,-33.856,151.153,427
Government,-33.929,151.122,600
Government,-34.063,151.012,411
Government,-33.866,151.127,314
Government,-33.882,151.182,307
Government,-33.86,151.205,284
Government,-33.881,151.23,263
Government,-34.047,151.083,763
Government,-33.879,151.134,542
Government,-34.087,151.007,273
Government,-33.965,151.111,1048
Government,-33.973,151.099,453
Government,-33.887,151.147,252
Government,-33.91,151.225,381
Government,-33.948,151.102,268
Government,-33.941,151.12,340
Government,-33.962,151.137,456
Government,-34.01,151.204,211
Government,-33.98,151.235,111
Government,-33.962,151.249,244
Government,-33.944,151.253,269
Government,-33.929,151.192,397
Government,-33.955,151.229,222
Government,-34.012,151.007,154
Government,-34.035,151.097,300
Government,-33.973,151.081,350
Government,-33.892,151.185,221
Government,-33.856,151.193,95
Government,-33.984,151.08,365
Government,-33.872,151.158,519
Government,-33.956,151.062,412
Government,-33.963,151.088,458
Government,-33.925,151.237,454
Government,-33.953,151.142,321
Government,-33.873,151.271,377
Government,-33.913,151.177,154
Government,-33.995,151.129,523
Government,-33.896,151.136,662
Government,-34.033,151.059,344
Government,-34.008,151.112,167
Government,-34.018,151.123,114
Government,-33.877,151.197,483
Government,-33.924,151.139,152
Government,-33.85,151.281,217
Government,-34.138,150.996,17
Government,-33.937,151.138,277
Government,-34.008,151.081,416
Government,-34.066,151.154,261
Government,-33.933,151.254,376
Government,-34.027,151.041,70
Government,-34.087,151.152,174
Government,-33.997,151.107,246
Government,-33.985,151.045,272
Government,-33.979,151.065,519
Government,-34.027,151.067,225
Government,-34.018,151.061,139
Government,-33.982,151.144,447
Government,-33.874,151.141,116
Government,-33.935,151.085,330
Government,-34.005,151.061,275
Government,-33.942,151.214,207
Government,-34.059,151.072,353
Government,-33.882,151.215,288
Government,-33.921,151.161,346
Government,-33.914,151.145,411
Government,-33.906,151.162,213
Government,-33.898,151.252,263
Government,-34.045,151.146,462
Government,-34.037,151.123,538
Government,-34.019,151.072,313
Government,-33.962,151.049,291
Government,-34.013,151.097,482
Government,-33.962,151.072,220
Government,-33.958,151.24,114
Government,-34.033,151.077,326
Government,-33.999,151.043,191
Government,-34.067,151.118,323
Government,-34.032,151.113,291
Government,-34.047,151.102,329
Government,-33.901,151.186,334
Government,-34.047,151.049,337
Government,-34.046,151.113,440
Government,-33.911,151.242,853
Government,-34.051,151.133,573
Government,-34.06,151.003,541
Government,-34.057,151.026,249
Government,-33.966,151.242,227
Government,-33.973,151.056,313
Government,-33.898,151.146,198
Government,-34.026,151.088,362
Government,-34.046,151.024,318
Government,-34.013,151.082,272
Government,-33.906,151.14,358
Government,-33.896,151.15,232
Government,-34.013,151.056,197
Government,-33.928,151.214,154
Government,-34.02,151.029,503
Government,-33.902,151.156,508
Government,-33.871,151.22,73
Government,-34.003,151.026,328
Government,-33.886,151.213,124
Government,-33.992,151.024,165
Government,-33.918,151.116,269
Government,-33.921,151.151,285
Government,-34.082,151.02,106
Government,-33.904,151.203,29
Government,-33.969,151.138,64
Government,-34.042,151.053,66
Government,-33.955,151.152,99
Government,-33.971,151.103,46
Government,-34.035,151.059,47
Government,-33.887,151.278,75
Government,-34.022,151.085,62
Government,-33.974,151.082,55
Government,-33.914,151.131,31
Government,-33.941,151.146,373
Government,-33.859,151.183,321
Government,-33.948,151.129,249
Government,-33.893,151.265,464
Government,-33.891,151.216,381
Government,-33.88,151.115,576
Government,-33.895,151.108,325
Government,-33.93,151.228,126
Government,-33.879,151.223,210
Government,-33.921,151.198,393
Government,-33.884,151.191,193
Government,-33.884,151.158,532
Government,-33.937,151.24,484
Government,-33.9,151.179,272
Government,-33.888,151.23,147
Government,-33.863,151.17,507
Government,-33.896,151.165,560
Government,-33.886,151.241,667
Government,-33.905,151.124,422
Government,-33.959,151.136,908
Government,-33.892,151.219,1205
Government,-33.894,151.22,929
Government,-33.963,151.114,907
Government,-33.863,151.214,156
Government,-33.875,151.113,1084
Government,-33.934,151.098,1020
Government,-34.033,151.098,950
Government,-33.98,151.113,1013
Government,-34.034,151.121,908
Government,-33.968,151.138,372
Government,-34.082,151.014,633
Government,-33.949,151.102,672
Government,-33.965,151.245,487
Government,-34.04,151.157,1205
Government,-33.928,151.201,298
Government,-34.036,151.005,796
Government,-33.9,151.194,142
Government,-33.961,151.134,787
Government,-34.03,151.083,554
Government,-34.032,151.119,1381
Government,-33.967,151.056,758
Government,-34.062,151.019,1063
Government,-34.04,151.146,788
Government,-34.043,151.073,1185
Government,-34.017,151.104,750
Government,-33.859,151.17,854
Government,-33.89,151.153,917
Government,-33.92,151.161,985
Government,-33.879,151.159,784
Government,-33.9,151.178,1145
Government,-33.906,151.156,625
Government,-33.944,151.234,796
Government,-33.878,151.276,1127
Government,-33.9,151.196,1313
Government,-34.003,151.024,1062
Government,-33.871,151.221,615
Government,-33.907,151.123,722
Government,-33.963,151.11,267
Government,-33.89,151.129,751
Government,-33.904,151.145,804
Government,-34.016,151.062,925
Government,-33.964,151.086,488
Government,-33.966,151.137,473
Government,-33.623,151.051,60
Government,-33.811,151.186,1063
Government,-33.686,151.112,384
Government,-33.793,151.251,394
Government,-33.752,151.065,837
Government,-33.619,151.149,272
Government,-33.821,151.136,409
Government,-33.548,151.215,79
Government,-33.762,151.271,306
Government,-33.82,151.212,622
Government,-33.728,151.005,970
Government,-33.589,151.169,24
Government,-33.749,151.285,478
Government,-33.686,151.026,350
Government,-33.771,151.088,790
Government,-33.773,151.068,994
Government,-33.805,151.07,472
Government,-33.752,151.225,218
Government,-33.648,151.045,147
Government,-33.833,151.126,305
Government,-33.701,151.003,240
Government,-33.599,151.008,283
Government,-33.826,151.183,367
Government,-33.773,151.286,881
Government,-33.602,150.976,25
Government,-33.835,151.151,228
Government,-33.665,151.004,187
Government,-33.817,151.169,688
Government,-33.781,151.169,584
Government,-33.767,151.184,531
Government,-33.792,151.269,761
Government,-33.645,151.023,31
Government,-33.823,151.233,423
Government,-33.677,151.3,671
Government,-33.72,151.297,364
Government,-33.833,151.22,641
Government,-33.661,151.312,556
Government,-33.723,151.098,372
Government,-33.812,151.219,364
Government,-33.768,151.025,861
Government,-33.835,151.204,756
Government,-33.736,151.068,490
Government,-33.746,151.05,510
Government,-33.825,151.111,357
Government,-33.782,151.189,520
Government,-33.813,151.108,497
Government,-33.795,151.12,316
Government,-33.808,151.085,512
Government,-33.686,151.223,183
Government,-33.715,151.148,196
Government,-33.708,151.112,972
Government,-33.729,151.121,622
Government,-33.802,151.2,905
Government,-33.667,150.953,142
Government,-33.806,151.258,651
Government,-33.727,151.217,186
Government,-33.732,151.141,519
Government,-33.64,151.327,666
Government,-33.749,151.274,511
Government,-33.716,151.128,508
Government,-33.815,151.072,163
Government,-33.745,151.114,531
Government,-33.794,151.097,790
Government,-33.813,151.092,642
Government,-33.673,151.116,442
Government,-33.7,151.298,580
Government,-33.81,151.152,474
Government,-33.766,151.148,273
Government,-33.783,151.202,273
Government,-33.765,151.289,699
Government,-33.76,151.139,424
Government,-33.799,151.287,532
Government,-33.774,151.146,310
Government,-33.733,151.293,452
Government,-33.752,151.261,459
Government,-33.783,151.246,381
Government,-33.746,151.157,195
Government,-33.804,151.156,714
Government,-33.762,151.213,462
Government,-33.783,151.26,553
Government,-33.763,151.074,396
Government,-33.782,151.095,416
Government,-33.657,151.136,132
Government,-33.787,151.109,1007
Government,-33.794,151.131,265
Government,-33.758,151.095,382
Government,-33.704,151.285,387
Government,-33.765,151.25,406
Government,-33.738,151.275,468
Government,-33.728,151.285,430
Government,-33.807,151.126,347
Government,-33.67,151.097,420
Government,-33.719,151.087,363
Government,-33.724,151.072,477
Government,-33.764,151.124,250
Government,-33.719,151.164,846
Government,-33.765,151.053,306
Government,-33.739,151.167,465
Government,-33.644,151.313,344
Government,-33.683,151.099,937
Government,-33.739,151.218,407
Government,-33.752,151.0,876
Government,-33.775,151.216,661
Government,-33.724,151.179,143
Government,-33.766,151.04,787
Government,-33.743,151.206,562
Government,-33.608,151.142,321
Government,-33.731,151.042,886
Government,-33.74,151.194,32
Government,-33.719,151.04,550
Government,-33.713,150.992,643
Government,-33.722,151.023,756
Government,-33.713,151.095,534
Government,-33.812,151.242,205
Government,-33.746,151.287,62
Government,-33.774,151.172,60
Government,-33.819,151.2,30
Government,-33.772,151.262,35
Government,-33.712,151.096,61
Government,-33.757,151.242,34
Government,-33.771,151.061,89
Government,-33.72,151.18,75
Government,-33.798,151.178,1083
Government,-33.793,151.078,701
Government,-33.828,151.241,458
Government,-33.707,151.101,722
Government,-33.83,151.207,933
Government,-33.83,151.203,916
Government,-33.803,151.2,1036
Government,-33.833,151.149,790
Government,-33.757,151.073,1436
Government,-33.721,151.101,752
Government,-33.69,151.113,669
Government,-33.813,151.092,1298
Government,-33.8,151.175,2147
Government,-33.84,151.141,665
Government,-33.692,151.103,542
Government,-33.83,151.243,1087
Government,-33.75,151.23,769
Government,-33.668,151.303,881
Government,-33.727,151.0,1845
Government,-33.74,151.167,1756
Government,-33.813,151.119,1487
Government,-33.691,151.154,536
Government,-33.772,151.215,969
Government,-33.757,151.115,987
Government,-33.734,151.061,1131
Government,-33.766,151.051,1772
Government,-33.631,151.334,865
Government,-33.757,151.174,1803
Government,-33.745,151.205,790
Government,-33.661,151.042,570
Government,-33.765,151.022,836
Government,-33.738,151.284,1157
Government,-33.701,151.298,794
Government,-33.762,151.281,766
Government,-33.72,151.038,2098
Government,-33.782,151.272,1023
Government,-33.796,151.255,1100
Government,-33.769,151.1,1493
Government,-34.198,150.788,337
Government,-33.842,151.039,645
Government,-33.861,151.02,572
Government,-33.934,150.813,846
Government,-33.911,151.058,611
Government,-33.905,151.038,382
Government,-34.293,150.583,268
Government,-33.906,151.006,346
Government,-33.91,151.085,252
Government,-33.926,151.092,230
Government,-33.87,151.028,656
Government,-33.858,151.006,948
Government,-33.857,150.883,265
Government,-33.938,150.73,114
Government,-33.877,151.099,476
Government,-34.247,150.545,163
Government,-33.896,150.943,435
Government,-34.052,150.693,313
Government,-34.07,150.816,284
Government,-33.912,151.105,515
Government,-33.887,150.938,752
Government,-34.11,150.674,76
Government,-33.912,150.96,333
Government,-34.016,150.686,360
Government,-33.863,151.107,276
Government,-33.84,151.087,414
Government,-34.179,150.713,145
Government,-33.966,150.999,368
Government,-33.889,151.095,199
Government,-33.867,150.955,386
Government,-33.868,150.925,545
Government,-33.971,150.897,470
Government,-33.834,151.005,590
Government,-33.849,150.997,323
Government,-33.902,150.869,365
Government,-33.856,150.982,623
Government,-33.947,150.955,445
Government,-33.867,151.085,368
Government,-33.84,150.853,84
Government,-33.932,150.85,531
Government,-34.0,150.867,424
Government,-34.073,150.859,120
Government,-33.924,151.07,428
Government,-33.861,151.047,762
Government,-33.841,150.976,620
Government,-33.941,150.979,317
Government,-34.03,150.847,220
Government,-33.85,151.104,261
Government,-34.071,150.637,32
Government,-33.9,150.9,368
Government,-34.043,150.734,291
Government,-34.079,150.508,141
Government,-34.079,150.572,308
Government,-33.867,150.987,411
Government,-33.955,151.031,334
Government,-34.176,150.609,307
Government,-33.946,150.89,586
Government,-33.931,151.056,528
Government,-33.959,150.81,507
Government,-33.886,151.025,268
Government,-33.944,151.017,303
Government,-33.946,150.771,113
Government,-33.887,150.899,673
Government,-33.854,150.933,517
Government,-33.855,151.092,508
Government,-33.891,151.085,423
Government,-34.228,150.589,525
Government,-34.205,150.569,401
Government,-33.886,150.969,227
Government,-34.32,150.571,35
Government,-33.883,150.79,114
Government,-33.868,150.952,642
Government,-33.911,150.93,219
Government,-33.886,151.002,578
Government,-33.912,150.992,685
Government,-33.947,151.047,126
Government,-33.925,151.014,586
Government,-33.895,151.06,430
Government,-33.88,151.082,79
Government,-33.909,151.027,556
Government,-33.959,150.937,427
Government,-33.948,151.069,246
Government,-33.958,150.992,130
Government,-33.941,151.075,352
Government,-33.967,151.03,297
Government,-33.89,150.986,301
Government,-33.896,150.923,477
Government,-33.872,151.001,400
Government,-33.885,150.923,529
Government,-33.867,150.971,244
Government,-33.848,150.966,366
Government,-33.877,150.941,503
Government,-33.944,151.0,441
Government,-33.961,151.017,312
Government,-33.896,151.02,451
Government,-34.049,150.84,516
Government,-33.915,151.012,196
Government,-33.995,150.882,828
Government,-33.877,150.972,250
Government,-33.945,151.031,305
Government,-33.945,151.058,106
Government,-34.061,150.827,358
Government,-33.916,151.02,317
Government,-33.956,151.007,154
Government,-33.927,150.908,668
Government,-33.944,150.909,660
Government,-33.905,150.912,214
Government,-33.907,151.05,512
Government,-34.072,150.832,380
Government,-33.916,150.913,726
Government,-34.07,150.696,712
Government,-33.957,150.954,563
Government,-33.932,150.892,440
Government,-33.975,150.858,953
Government,-33.82,150.959,339
Government,-33.888,150.909,740
Government,-33.916,150.891,351
Government,-33.837,150.96,246
Government,-33.909,150.891,209
Government,-33.912,150.881,243
Government,-33.921,150.877,266
Government,-33.969,151.01,360
Government,-33.916,150.898,284
Government,-33.858,150.918,300
Government,-33.925,150.891,241
Government,-33.898,150.964,117
Government,-33.906,150.874,304
Government,-34.086,150.813,704
Government,-33.933,150.951,508
Government,-34.089,150.828,263
Government,-33.993,150.899,275
Government,-33.987,150.896,221
Government,-34.061,150.712,386
Government,-33.879,150.911,396
Government,-33.834,150.94,169
Government,-34.082,150.834,228
Government,-34.023,150.831,761
Government,-34.067,150.842,483
Government,-34.038,150.847,351
Government,-34.011,150.864,474
Government,-34.097,150.815,275
Government,-33.915,151.074,859
Government,-33.926,150.952,440
Government,-34.086,150.798,433
Government,-34.028,150.851,311
Government,-34.043,150.81,236
Government,-34.022,150.857,282
Government,-33.975,150.903,216
Government,-34.048,150.802,450
Government,-34.105,150.795,724
Government,-34.094,150.789,495
Government,-33.888,150.889,238
Government,-33.925,151.068,550
Government,-33.866,150.891,419
Government,-34.028,150.811,326
Government,-33.855,150.906,459
Government,-33.873,150.879,568
Government,-34.016,150.819,430
Government,-33.882,150.876,286
Government,-34.021,150.804,178
Government,-33.889,150.868,769
Government,-34.061,150.761,653
Government,-34.11,150.804,363
Government,-33.913,150.859,487
Government,-34.056,150.745,619
Government,-33.938,150.838,620
Government,-34.048,150.769,545
Government,-33.841,151.055,665
Government,-34.027,150.739,731
Government,-33.947,150.871,671
Government,-33.89,150.851,721
Government,-34.054,150.722,539
Government,-33.917,150.848,465
Government,-33.909,151.096,373
Government,-33.842,150.988,347
Government,-33.891,150.954,524
Government,-33.848,151.01,259
Government,-33.866,151.067,424
Government,-33.968,150.879,63
Government,-34.062,150.824,59
Government,-33.942,151.016,100
Government,-34.027,150.852,98
Government,-33.908,151.096,51
Government,-33.885,151.024,20
Government,-33.926,150.908,125
Government,-33.908,150.935,59
Government,-33.829,150.982,189
Government,-33.936,151.025,104
Government,-33.833,151.098,65
Government,-33.904,150.912,76
Government,-33.869,151.114,78
Government,-34.098,150.793,123
Government,-33.968,150.882,60
Government,-33.97,150.878,53
Government,-34.062,150.824,75
Government,-33.916,151.075,36
Government,-33.854,151.033,486
Government,-33.921,151.034,736
Government,-33.924,150.926,562
Government,-33.97,150.894,934
Government,-33.866,151.078,891
Government,-33.874,151.085,1063
Government,-33.918,150.931,704
Government,-34.06,150.823,893
Government,-33.924,151.053,472
Government,-33.917,150.932,555
Government,-33.957,150.992,759
Government,-33.957,150.994,843
Government,-33.901,150.929,1624
Government,-33.894,151.025,366
Government,-34.194,150.608,1182
Government,-34.079,150.676,912
Government,-33.898,150.989,874
Government,-33.841,150.97,855
Government,-33.94,151.021,945
Government,-33.885,151.071,549
Government,-33.843,151.034,854
Government,-33.921,151.032,551
Government,-33.948,151.078,1003
Government,-33.895,150.893,1642
Government,-34.005,150.872,782
Government,-33.88,151.009,1121
Government,-33.875,150.997,1056
Government,-33.896,150.852,1342
Government,-34.057,150.761,876
Government,-33.946,150.843,1084
Government,-33.964,151.011,865
Government,-33.868,150.92,1538
Government,-33.885,150.952,1651
Government,-33.924,150.881,816
Government,-33.92,150.897,701
Government,-33.924,151.002,876
Government,-33.942,150.896,696
Government,-33.833,150.951,547
Government,-33.861,150.998,733
Government,-33.874,150.929,1320
Government,-33.91,150.873,544
Government,-33.951,150.894,1281
Government,-33.92,150.862,895
Government,-34.087,150.827,542
Government,-33.988,150.892,395
Government,-33.926,150.959,992
Government,-34.053,150.715,857
Government,-33.873,150.892,923
Government,-34.054,150.847,691
Government,-33.864,151.109,1206
Government,-33.865,150.959,1123
Government,-34.027,150.851,652
Government,-33.997,150.885,1091
Government,-33.859,150.902,1288
Government,-33.956,150.952,693
Government,-34.04,150.804,662
Government,-34.101,150.801,807
Government,-34.015,150.818,742
Government,-33.871,150.875,1106
Government,-34.057,150.74,1400
Government,-34.082,150.803,488
Government,-33.911,151.085,614
Government,-33.835,151.009,836
Government,-33.889,151.026,726
Government,-33.924,151.067,589
Government,-33.497,150.517,37
Government,-33.639,150.286,254
Government,-33.737,150.603,137
Government,-33.373,150.74,29
Government,-33.793,151.018,218
Government,-33.559,150.907,57
Government,-33.777,150.813,714
Government,-33.506,150.698,144
Government,-33.765,150.871,258
Government,-33.787,150.853,246
Government,-33.531,150.877,85
Government,-33.756,150.658,406
Government,-33.74,150.99,561
Government,-33.559,150.799,194
Government,-33.8,150.95,1072
Government,-33.766,150.621,338
Government,-33.531,150.765,184
Government,-33.828,150.941,540
Government,-33.711,150.958,855
Government,-33.766,150.727,499
Government,-33.55,150.692,125
Government,-33.555,150.663,139
Government,-33.511,150.778,81
Government,-33.542,150.639,67
Government,-33.721,150.428,196
Government,-33.711,150.337,199
Government,-33.707,150.752,155
Government,-33.647,150.737,235
Government,-33.881,150.692,35
Government,-33.321,150.972,13
Government,-33.593,150.916,106
Government,-33.455,150.994,31
Government,-33.696,150.834,242
Government,-33.782,150.943,335
Government,-33.715,150.233,3
Government,-33.591,150.254,56
Government,-33.836,150.651,103
Government,-33.787,150.991,614
Government,-33.62,150.871,612
Government,-33.783,150.721,242
Government,-33.726,150.935,566
Government,-33.816,151.008,671
Government,-33.804,151.005,253
Government,-33.824,150.991,949
Government,-33.756,150.705,524
Government,-33.584,150.86,290
Government,-33.749,150.839,504
Government,-33.737,150.885,962
Government,-33.777,150.668,523
Government,-33.581,150.717,309
Government,-33.678,150.871,599
Government,-33.68,150.92,1058
Government,-33.814,151.045,151
Government,-33.768,150.771,258
Government,-33.693,150.875,1119
Government,-33.76,150.955,246
Government,-33.704,150.574,370
Government,-33.787,150.967,381
Government,-33.647,150.858,97
Government,-33.863,150.642,53
Government,-33.714,150.374,370
Government,-33.814,150.969,863
Government,-33.559,150.84,326
Government,-33.61,150.816,125
Government,-33.386,150.984,44
Government,-33.891,150.605,434
Government,-33.806,151.018,465
Government,-33.727,150.459,356
Government,-33.81,150.985,717
Government,-33.77,150.937,131
Government,-33.699,150.315,128
Government,-33.81,150.953,309
Government,-33.826,150.973,762
Government,-33.599,150.758,298
Government,-33.804,151.036,312
Government,-33.771,150.789,601
Government,-33.769,150.84,645
Government,-33.747,150.726,523
Government,-33.759,150.913,354
Government,-33.618,150.804,333
Government,-33.8,151.023,159
Government,-33.797,151.044,139
Government,-33.77,150.893,443
Government,-33.817,151.058,104
Government,-33.806,151.058,104
Government,-33.764,150.701,441
Government,-33.667,150.676,126
Government,-33.796,151.058,155
Government,-33.766,150.922,324
Government,-33.757,150.895,557
Government,-33.761,150.931,187
Government,-33.778,150.925,175
Government,-33.78,150.905,936
Government,-33.728,150.6,146
Government,-33.756,150.783,345
Government,-33.732,150.914,655
Government,-33.802,150.966,576
Government,-33.757,150.943,437
Government,-33.754,150.926,223
Government,-33.78,150.776,319
Government,-33.743,150.896,283
Government,-33.783,150.792,646
Government,-33.764,150.813,565
Government,-33.785,150.892,523
Government,-33.747,150.624,379
Government,-33.76,150.885,286
Government,-33.769,150.712,304
Government,-33.741,150.711,166
Government,-33.691,150.545,368
Government,-33.793,150.957,268
Government,-33.797,150.979,107
Government,-33.753,150.81,340
Government,-33.789,150.918,435
Government,-33.761,150.982,803
Government,-33.782,151.038,1636
Government,-33.746,150.794,325
Government,-33.815,150.942,580
Government,-33.738,150.8,437
Government,-33.773,150.981,636
Government,-33.745,150.805,218
Government,-33.772,150.631,158
Government,-33.73,150.633,231
Government,-33.67,150.611,359
Government,-33.749,150.972,633
Government,-33.737,150.649,237
Government,-33.794,150.935,676
Government,-33.745,150.816,293
Government,-33.748,150.826,515
Government,-33.76,150.805,320
Government,-33.604,150.742,355
Government,-33.74,150.816,288
Government,-33.726,150.794,162
Government,-33.775,150.968,304
Government,-33.755,150.745,519
Government,-33.764,150.65,191
Government,-33.727,150.809,258
Government,-33.734,150.826,410
Government,-33.777,150.698,515
Government,-33.594,150.665,265
Government,-33.737,150.722,341
Government,-33.733,150.81,260
Government,-33.755,150.869,387
Government,-33.722,150.708,332
Government,-33.758,150.964,1270
Government,-33.796,150.799,409
Government,-33.745,150.924,567
Government,-33.796,150.787,325
Government,-33.745,150.748,319
Government,-33.773,150.683,317
Government,-33.719,150.314,210
Government,-33.806,150.783,480
Government,-33.713,150.709,521
Government,-33.69,150.585,283
Government,-33.794,150.773,417
Government,-33.734,150.859,382
Government,-33.789,150.832,439
Government,-33.805,150.804,486
Government,-33.639,150.795,283
Government,-33.716,150.887,633
Government,-33.783,150.681,455
Government,-33.735,150.839,623
Government,-33.721,150.902,788
Government,-33.742,150.853,440
Government,-33.641,150.813,231
Government,-33.736,150.926,868
Government,-33.705,150.71,219
Government,-33.774,150.747,687
Government,-33.698,150.946,466
Government,-33.787,150.689,424
Government,-33.687,150.933,754
Government,-33.705,150.924,671
Government,-33.707,150.976,584
Government,-33.735,150.781,789
Government,-33.709,150.91,950
Government,-33.868,150.989,63
Government,-33.707,150.952,98
Government,-33.801,150.988,46
Government,-33.678,150.866,40
Government,-33.769,150.937,86
Government,-33.766,150.759,104
Government,-33.773,150.911,56
Government,-33.759,150.807,114
Government,-33.737,150.813,34
Government,-33.78,151.004,112
Government,-33.75,150.84,30
Government,-33.767,150.759,39
Government,-33.78,151.055,644
Government,-33.824,151.018,550
Government,-33.818,150.996,1128
Government,-33.727,150.314,862
Government,-33.757,150.706,930
Government,-33.601,150.747,750
Government,-33.762,150.911,1080
Government,-33.788,151.0,1239
Government,-33.763,150.945,480
Government,-33.781,151.043,857
Government,-33.762,150.913,898
Government,-33.733,150.937,1507
Government,-33.791,150.673,956
Government,-33.686,150.932,1316
Government,-33.748,150.669,807
Government,-33.812,150.94,1090
Government,-33.795,150.962,692
Government,-33.619,150.834,642
Government,-33.755,150.874,715
Government,-33.785,150.916,876
Government,-33.782,150.939,913
Government,-33.787,150.89,815
Government,-33.778,150.797,765
Government,-33.685,150.551,566
Government,-33.771,150.716,1005
Government,-33.745,150.814,648
Government,-33.75,150.991,1223
Government,-33.708,150.97,869
Government,-33.75,150.783,586
Government,-33.731,150.806,391
Government,-33.769,150.971,1021
Government,-33.799,150.944,784
Government,-33.748,150.835,1182
Government,-33.752,150.733,633
Government,-33.754,150.609,998
Government,-33.569,150.708,807
Government,-33.734,150.827,720
Government,-33.744,150.976,1022
Government,-33.775,150.698,834
Government,-33.56,150.798,418
Government,-33.794,150.787,718
Government,-33.676,150.615,698
Government,-33.722,150.71,871
Government,-33.808,150.803,835
Government,-33.73,150.896,925
Government,-33.813,151.012,997
Government,-33.816,151.007,1636
Government,-33.785,151.037,1173
Government,-33.679,150.876,861
Government,-33.771,150.838,1110
Government,-32.166,150.888,151
Government,-32.809,151.426,257
Government,-32.932,151.731,439
Government,-32.776,152.09,309
Government,-33.471,151.431,455
Government,-33.011,151.538,29
Government,-32.933,151.595,276
Government,-32.859,151.317,355
Government,-31.989,151.129,9
Government,-33.03,151.662,257
Government,-32.804,151.653,262
Government,-33.351,151.436,524
Government,-32.839,151.617,67
Government,-31.779,150.893,10
Government,-32.767,152.011,30
Government,-32.707,151.571,390
Government,-32.951,151.623,99
Government,-32.659,151.351,540
Government,-32.745,151.104,30
Government,-33.479,151.357,358
Government,-32.946,151.658,283
Government,-32.912,151.765,110
Government,-32.005,149.978,11
Government,-32.84,151.364,276
Government,-32.828,151.37,215
Government,-32.838,151.345,399
Government,-32.965,151.697,234
Government,-32.589,151.776,158
Government,-33.08,151.442,330
Government,-32.386,150.686,147
Government,-33.079,151.499,139
Government,-32.989,151.717,245
Government,-32.405,151.758,191
Government,-32.958,151.274,11
Government,-32.915,151.312,114
Government,-31.818,151.304,11
Government,-33.504,151.363,426
Government,-33.347,151.493,422
Government,-33.428,151.414,254
Government,-33.44,151.379,429
Government,-33.514,151.333,490
Government,-32.983,151.583,59
Government,-32.336,150.569,23
Government,-32.752,151.531,404
Government,-32.526,151.798,27
Government,-33.421,151.334,545
Government,-32.428,151.538,53
Government,-32.68,151.388,186
Government,-32.717,151.651,99
Government,-33.405,151.408,95
Government,-32.725,151.532,519
Government,-33.043,151.59,311
Government,-32.665,151.604,47
Government,-32.911,151.744,159
Government,-32.496,150.908,15
Government,-32.904,151.695,216
Government,-33.24,151.38,60
Government,-32.94,151.759,450
Government,-33.262,151.485,500
Government,-32.654,151.967,157
Government,-32.857,151.396,114
Government,-33.469,151.392,364
Government,-32.61,151.29,45
Government,-32.878,151.37,113
Government,-33.233,151.216,37
Government,-32.992,151.131,52
Government,-33.189,151.576,384
Government,-32.912,151.704,339
Government,-32.7,151.606,155
Government,-33.381,151.376,192
Government,-32.7,151.452,194
Government,-32.749,151.585,559
Government,-33.074,151.648,94
Government,-32.459,150.666,7
Government,-32.566,151.623,5
Government,-32.895,151.749,343
Government,-32.889,151.73,342
Government,-32.738,151.854,382
Government,-32.938,151.742,139
Government,-32.145,150.353,221
Government,-33.114,151.517,376
Government,-32.697,151.006,19
Government,-32.752,151.704,60
Government,-32.889,151.251,101
Government,-32.876,151.617,133
Government,-33.103,151.489,156
Government,-32.726,151.632,262
Government,-32.724,151.699,38
Government,-32.408,151.189,56
Government,-32.901,151.479,56
Government,-31.763,150.832,36
Government,-32.258,150.896,422
Government,-33.388,151.363,377
Government,-32.738,152.113,310
Government,-32.93,151.777,260
Government,-32.924,151.713,538
Government,-33.136,151.605,180
Government,-32.811,151.348,389
Government,-33.355,151.368,332
Government,-32.602,151.612,104
Government,-32.901,151.285,80
Government,-33.326,151.233,19
Government,-32.831,151.482,115
Government,-33.526,151.35,154
Government,-32.767,151.74,322
Government,-33.012,151.711,240
Government,-32.788,151.904,142
Government,-32.662,151.729,156
Government,-32.881,151.695,271
Government,-32.563,151.172,353
Government,-33.358,151.291,56
Government,-32.911,151.781,254
Government,-33.083,151.633,199
Government,-33.283,151.459,186
Government,-32.743,151.605,283
Government,-32.962,151.606,111
Government,-33.442,151.438,888
Government,-32.779,151.639,826
Government,-32.908,151.751,358
Government,-33.008,151.595,201
Government,-33.268,151.55,494
Government,-33.313,151.416,359
Government,-32.542,151.578,106
Government,-32.908,151.672,252
Government,-32.905,151.581,268
Government,-33.072,151.592,181
Government,-32.905,151.723,351
Government,-32.98,151.649,340
Government,-32.809,151.461,270
Government,-33.175,151.483,193
Government,-33.272,151.426,433
Government,-33.267,151.348,94
Government,-32.923,151.62,647
Government,-32.71,152.065,267
Government,-32.984,151.691,182
Government,-32.933,151.753,362
Government,-32.931,151.718,462
Government,-32.92,151.675,583
Government,-32.965,151.714,291
Government,-32.273,150.891,439
Government,-32.992,151.678,252
Government,-32.954,151.665,298
Government,-32.917,151.734,123
Government,-33.058,151.65,141
Government,-32.938,151.63,46
Government,-33.02,151.671,160
Government,-32.898,151.716,113
Government,-32.977,151.669,166
Government,-32.735,151.553,405
Government,-32.998,151.578,217
Government,-32.959,151.622,256
Government,-33.008,151.576,163
Government,-33.525,151.314,606
Government,-32.872,151.795,182
Government,-32.974,151.612,206
Government,-33.041,151.611,245
Government,-32.991,151.643,506
Government,-33.444,151.328,479
Government,-33.28,151.486,208
Government,-33.296,151.244,23
Government,-33.252,151.469,442
Government,-32.9,151.695,162
Government,-33.06,151.582,171
Government,-32.948,151.682,227
Government,-32.924,151.609,305
Government,-32.916,151.667,290
Government,-33.226,151.549,555
Government,-33.009,151.643,510
Government,-32.971,151.705,319
Government,-33.072,151.654,103
Government,-32.947,151.695,309
Government,-32.966,151.642,348
Government,-32.928,151.654,232
Government,-32.992,151.602,159
Government,-33.438,151.349,334
Government,-32.811,151.665,115
Government,-33.155,151.536,193
Government,-32.96,151.68,164
Government,-33.135,151.582,351
Government,-32.968,151.688,235
Government,-33.504,151.321,648
Government,-33.103,151.638,349
Government,-32.946,151.712,409
Government,-32.759,151.757,304
Government,-33.014,151.664,488
Government,-33.408,151.356,302
Government,-33.43,151.369,125
Government,-32.947,151.737,269
Government,-33.365,151.456,477
Government,-33.384,151.351,412
Government,-32.792,151.671,221
Government,-33.015,151.687,262
Government,-32.549,151.164,468
Government,-33.4,151.362,325
Government,-32.57,151.175,433
Government,-33.252,151.51,620
Government,-33.392,151.476,614
Government,-32.765,151.613,265
Government,-33.412,151.448,475
Government,-33.326,151.431,479
Government,-32.73,152.006,354
Government,-33.485,151.437,259
Government,-32.711,151.528,1007
Government,-32.744,151.877,530
Government,-33.376,151.466,420
Government,-33.441,151.29,502
Government,-33.215,151.515,341
Government,-32.729,152.174,237
Government,-32.882,151.658,368
Government,-32.759,151.775,253
Government,-32.874,151.651,609
Government,-33.212,151.503,637
Government,-33.242,151.484,385
Government,-32.772,151.601,514
Government,-32.937,151.665,149
Government,-32.909,151.723,37
Government,-33.407,151.336,159
Government,-32.975,151.683,58
Government,-32.765,151.613,70
Government,-32.91,151.721,45
Government,-32.959,151.681,63
Government,-32.974,151.611,51
Government,-33.281,151.449,43
Government,-33.417,151.35,38
Government,-32.896,151.669,195
Government,-32.049,150.864,400
Government,-32.924,151.743,306
Government,-32.821,151.478,574
Government,-33.492,151.328,365
Government,-32.843,151.369,616
Government,-33.417,151.341,1067
Government,-32.747,151.597,958
Government,-32.743,151.592,900
Government,-32.269,150.898,648
Government,-33.281,151.418,674
Government,-32.81,151.486,917
Government,-32.57,151.178,877
Government,-33.027,151.66,812
Government,-32.976,151.614,435
Government,-32.782,151.733,762
Government,-32.986,151.69,941
Government,-32.893,151.669,890
Government,-33.396,151.454,802
Government,-33.265,151.467,1414
Government,-33.188,151.575,610
Government,-33.43,151.296,420
Government,-33.507,151.308,787
Government,-33.104,151.64,710
Government,-32.972,151.712,915
Government,-33.44,151.382,781
Government,-32.056,150.872,316
Government,-32.911,151.582,632
Government,-33.105,151.487,687
Government,-32.947,151.707,1130
Government,-32.797,151.661,742
Government,-32.968,151.654,1161
Government,-33.371,151.477,756
Government,-32.926,151.643,802
Government,-33.422,151.335,789
Government,-32.397,151.75,566
Government,-32.918,151.722,1176
Government,-32.736,152.112,986
Government,-32.905,151.729,848
Government,-32.932,151.758,1072
Government,-32.93,151.735,1080
Government,-33.242,151.508,981
Government,-33.442,151.429,847
Government,-33.385,151.37,728
Government,-33.217,151.513,789
Government,-32.762,151.767,810
Government,-33.342,151.425,851
Government,-32.711,151.531,1405
Government,-32.828,151.333,930
Government,-33.465,151.383,1002
Government,-33.398,151.334,629
Government,-32.925,151.728,1094
Government,-32.951,151.67,778
Government,-33.009,151.582,952
Government,-28.838,153.438,280
Government,-28.87,153.564,254
Government,-28.686,153.526,295
Government,-28.222,153.544,390
Government,-28.549,153.149,42
Government,-31.972,151.911,52
Government,-29.224,152.606,14
Government,-31.436,152.681,184
Government,-30.819,152.509,24
Government,-30.453,152.892,219
Government,-28.766,153.346,113
Government,-28.224,153.468,314
Government,-28.491,153.54,294
Government,-28.763,153.23,36
Government,-30.334,153.077,383
Government,-31.713,152.284,13
Government,-28.735,152.624,84
Government,-30.38,153.032,121
Government,-32.471,151.961,84
Government,-29.041,167.968,275
Government,-30.645,152.854,207
Government,-29.003,153.437,47
Government,-28.541,153.551,222
Government,-32.413,152.212,289
Government,-32.389,152.449,36
Government,-28.437,153.467,93
Government,-28.647,153.615,461
Government,-28.948,153.458,21
Government,-28.831,153.231,29
Government,-28.867,153.048,428
Government,-28.675,153.28,25
Government,-32.341,152.539,247
Government,-29.388,153.232,83
Government,-28.312,153.276,35
Government,-28.725,153.409,86
Government,-28.663,153.221,25
Government,-30.302,153.12,474
Government,-28.489,153.023,15
Government,-31.605,152.473,36
Government,-28.31,153.434,49
Government,-32.223,152.319,31
Government,-31.828,152.608,60
Government,-28.626,153.487,92
Government,-29.585,152.776,66
Government,-28.992,153.285,26
Government,-30.222,153.012,30
Government,-30.021,153.194,183
Government,-28.713,153.362,23
Government,-29.832,152.89,66
Government,-29.57,153.078,17
Government,-28.456,153.497,37
Government,-31.188,152.97,167
Government,-30.366,152.982,45
Government,-28.312,153.326,80
Government,-28.263,153.555,161
Government,-31.9,152.522,265
Government,-28.931,153.004,48
Government,-28.929,152.374,14
Government,-28.814,153.291,179
Government,-30.189,152.543,12
Government,-28.29,153.382,74
Government,-28.687,153.315,72
Government,-28.289,153.517,56
Government,-31.619,152.292,15
Government,-28.764,153.409,59
Government,-28.915,153.506,18
Government,-30.832,152.874,57
Government,-28.688,153.439,32
Government,-29.113,153.425,531
Government,-28.197,153.565,33
Government,-31.53,159.069,35
Government,-32.182,152.524,573
Government,-31.035,152.879,130
Government,-31.026,152.947,19
Government,-30.054,152.976,72
Government,-28.818,153.322,226
Government,-28.61,153.44,57
Government,-29.685,152.933,476
Government,-29.71,152.937,564
Government,-31.06,152.803,19
Government,-29.489,153.234,213
Government,-31.713,152.594,36
Government,-31.87,152.689,83
Government,-29.426,153.24,34
Government,-30.295,152.423,14
Government,-31.58,152.73,25
Government,-31.478,152.661,22
Government,-29.405,153.349,96
Government,-28.768,153.498,33
Government,-28.678,153.181,25
Government,-30.253,153.047,29
Government,-31.084,152.847,180
Government,-31.078,152.828,422
Government,-31.627,152.703,206
Government,-30.991,152.995,27
Government,-30.255,153.132,441
Government,-32.046,152.272,40
Government,-28.625,153.004,260
Government,-31.784,152.532,38
Government,-31.705,152.467,13
Government,-28.649,153.115,11
Government,-31.652,152.797,151
Government,-29.492,153.1,52
Government,-28.81,153.262,106
Government,-31.438,152.486,36
Government,-30.207,152.9,20
Government,-30.708,152.917,284
Government,-28.749,153.077,17
Government,-30.779,152.69,33
Government,-31.897,152.614,37
Government,-28.73,153.297,58
Government,-31.77,152.651,31
Government,-31.881,152.18,23
Government,-28.552,153.506,217
Government,-28.848,152.802,21
Government,-28.33,153.391,149
Government,-32.098,152.382,165
Government,-30.642,153.006,156
Government,-30.136,153.006,100
Government,-28.717,153.533,61
Government,-28.596,153.221,245
Government,-29.947,152.728,19
Government,-31.972,152.589,480
Government,-28.655,152.597,13
Government,-30.289,153.013,33
Government,-29.42,153.288,56
Government,-29.871,153.266,29
Government,-28.505,153.479,111
Government,-31.43,152.914,451
Government,-30.449,153.013,24
Government,-29.086,152.955,17
Government,-30.448,153.028,63
Government,-28.477,152.933,23
Government,-28.638,153.314,8
Government,-31.239,152.632,24
Government,-28.678,153.388,20
Government,-28.871,153.407,85
Government,-30.363,153.098,293
Government,-31.018,152.941,54
Government,-30.892,153.04,348
Government,-28.394,153.404,37
Government,-32.117,151.939,15
Government,-28.756,152.937,18
Government,-32.403,151.964,71
Government,-32.348,151.932,9
Government,-28.889,152.569,63
Government,-31.911,152.462,83
Government,-32.668,152.158,130
Government,-31.334,152.794,126
Government,-28.24,153.499,286
Government,-31.933,152.414,158
Government,-28.498,153.412,88
Government,-28.854,153.354,103
Government,-29.667,153.107,32
Government,-28.274,153.463,19
Government,-28.17,153.542,394
Government,-28.354,153.205,13
Government,-28.415,153.334,86
Government,-29.629,153.031,72
Government,-30.243,152.885,32
Government,-28.473,152.546,8
Government,-30.495,153.02,179
Government,-28.95,153.469,24
Government,-31.456,152.73,624
Government,-28.511,152.966,17
Government,-30.926,152.626,34
Government,-28.571,153.426,23
Government,-28.827,153.42,243
Government,-29.075,153.339,97
Government,-28.39,152.61,159
Government,-30.113,153.197,349
Government,-28.89,153.306,17
Government,-29.44,153.353,295
Government,-28.378,153.568,556
Government,-30.75,152.995,73
Government,-30.819,152.994,53
Government,-28.607,153.402,10
Government,-28.83,153.293,350
Government,-31.908,152.445,409
Government,-29.457,153.201,198
Government,-31.9,152.482,222
Government,-28.259,153.579,455
Government,-28.807,153.301,203
Government,-28.321,153.405,152
Government,-28.195,153.539,142
Government,-31.634,152.82,232
Government,-28.822,153.272,102
Government,-28.794,153.591,424
Government,-31.095,152.83,129
Government,-30.292,153.104,669
Government,-31.437,152.893,365
Government,-29.724,152.934,129
Government,-28.85,153.587,388
Government,-30.284,153.112,258
Government,-30.353,153.083,174
Government,-31.453,152.918,526
Government,-32.172,152.495,366
Government,-30.433,152.692,32
Government,-31.892,152.46,207
Government,-30.154,153.186,336
Government,-31.87,152.377,203
Government,-28.795,153.501,133
Government,-30.642,152.986,217
Government,-31.056,152.787,263
Government,-30.364,153.08,159
Government,-30.078,153.19,266
Government,-28.216,153.526,424
Government,-32.041,152.538,302
Government,-31.472,152.926,594
Government,-28.338,153.572,325
Government,-31.43,152.914,45
Government,-28.855,153.037,157
Government,-29.671,152.93,467
Government,-28.208,153.539,24
Government,-28.832,153.293,83
Government,-30.348,153.073,23
Government,-32.01,151.961,275
Government,-31.863,152.35,240
Government,-30.343,152.71,72
Government,-30.306,153.136,783
Government,-29.682,152.933,768
Government,-31.069,152.826,584
Government,-28.821,153.297,438
Government,-28.335,153.391,347
Government,-31.91,152.464,623
Government,-28.845,153.044,567
Government,-30.715,152.917,365
Government,-31.451,152.731,458
Government,-28.626,153.002,307
Government,-28.559,153.495,623
Government,-28.867,153.565,722
Government,-28.799,153.28,494
Government,-30.455,152.908,584
Government,-31.639,152.736,896
Government,-28.215,153.525,503
Government,-32.162,152.496,466
Government,-29.466,153.201,689
Government,-31.434,152.921,717
Government,-28.196,153.541,590
Government,-32.017,151.96,309
Government,-31.867,152.382,520
Government,-29.714,152.929,639
Government,-31.896,152.481,493
Government,-30.339,152.707,118
Government,-30.283,153.113,858
Government,-28.818,153.339,262
Government,-30.351,153.084,739
Government,-32.216,152.528,478
Government,-30.1,153.19,867
Government,-31.435,152.895,612
Government,-31.09,152.824,355
Government,-28.668,153.616,820
Government,-28.84,153.434,522
Government,-28.267,153.57,910
Government,-30.641,152.985,314
Government,-28.335,153.363,161
Government,-31.204,150.916,159
Government,-30.52,151.664,349
Government,-30.511,151.651,233
Government,-29.321,151.095,119
Government,-30.93,150.847,39
Government,-30.23,151.785,32
Government,-30.382,150.599,161
Government,-29.919,149.796,17
Government,-30.887,151.151,29
Government,-30.017,151.661,5
Government,-30.503,151.675,509
Government,-29.867,150.567,175
Government,-30.308,151.658,20
Government,-31.64,150.237,9
Government,-28.617,150.362,79
Government,-30.706,150.043,96
Government,-29.046,151.278,8
Government,-28.724,149.577,7
Government,-30.168,151.078,99
Government,-30.103,148.965,36
Government,-30.986,150.447,46
Government,-30.519,152.054,4
Government,-29.544,148.578,68
Government,-31.117,150.263,77
Government,-31.263,150.736,24
Government,-29.443,151.848,17
Government,-29.651,150.831,18
Government,-31.22,151.133,26
Government,-31.221,150.83,42
Government,-30.403,152.35,7
Government,-29.446,151.602,94
Government,-30.493,150.131,3
Government,-29.077,149.635,14
Government,-29.853,151.116,42
Government,-29.735,151.739,339
Government,-29.585,150.332,23
Government,-29.78,150.979,29
Government,-30.977,150.256,175
Government,-30.223,151.677,292
Government,-29.773,151.123,498
Government,-28.928,151.934,10
Government,-30.572,151.637,27
Government,-30.76,151.449,28
Government,-30.507,151.116,10
Government,-31.053,151.054,168
Government,-30.524,151.637,164
Government,-31.02,151.074,31
Government,-29.466,149.838,432
Government,-31.099,149.907,28
Government,-28.98,148.991,66
Government,-30.325,149.785,267
Government,-30.345,149.764,232
Government,-31.127,151.004,193
Government,-31.298,151.409,11
Government,-28.927,150.393,22
Government,-31.46,151.127,27
Government,-29.474,150.141,21
Government,-30.352,148.889,18
Government,-31.454,149.9,12
Government,-29.776,151.897,28
Government,-30.613,151.492,39
Government,-29.77,151.103,475
Government,-30.938,150.642,17
Government,-31.392,150.255,25
Government,-31.085,150.935,891
Government,-31.092,150.921,370
Government,-29.056,152.025,199
Government,-29.959,151.214,28
Government,-31.086,151.008,113
Government,-28.671,150.479,41
Government,-30.982,151.604,230
Government,-31.395,150.426,10
Government,-31.541,150.828,37
Government,-29.542,150.574,192
Government,-30.224,149.443,79
Government,-31.349,150.651,68
Government,-31.094,150.874,370
Government,-31.657,150.729,51
Government,-30.97,151.345,11
Government,-31.302,151.148,11
Government,-31.251,151.948,3
Government,-28.902,150.776,7
Government,-29.814,148.912,20
Government,-31.059,150.895,377
Government,-29.125,150.309,12
Government,-30.642,151.494,264
Government,-31.105,150.912,477
Government,-31.498,150.678,277
Government,-30.992,150.25,533
Government,-29.477,149.84,230
Government,-28.869,150.101,1
Government,-29.471,149.229,24
Government,-29.645,149.439,11
Government,-31.114,150.901,449
Government,-30.523,151.677,165
Government,-29.692,152.11,13
Government,-31.106,150.919,70
Government,-31.107,150.921,20
Government,-30.996,150.239,35
Government,-30.497,151.656,179
Government,-29.482,149.842,7
Government,-30.751,150.728,244
Government,-31.138,150.98,606
Government,-29.744,151.742,434
Government,-29.766,151.111,484
Government,-31.106,150.917,663
Government,-30.336,149.783,420
Government,-31.502,150.68,352
Government,-30.983,150.249,438
Government,-30.22,149.457,181
Government,-29.054,152.017,267
Government,-31.078,150.939,1007
Government,-29.769,151.13,487
Government,-29.548,150.575,199
Government,-31.1,150.893,629
Government,-35.312,148.063,24
Government,-36.082,146.919,637
Government,-36.078,146.896,165
Government,-34.354,146.901,66
Government,-34.347,147.218,123
Government,-34.636,143.564,179
Government,-34.288,146.572,54
Government,-35.627,144.128,162
Government,-34.148,147.385,5
Government,-35.913,145.696,109
Government,-35.523,148.147,103
Government,-34.253,146.101,142
Government,-35.66,145.816,66
Government,-34.67,148.626,38
Government,-34.229,146.353,19
Government,-35.58,145.349,19
Government,-35.085,148.4,9
Government,-35.106,146.606,19
Government,-34.12,147.875,8
Government,-35.824,146.678,21
Government,-35.157,148.234,16
Government,-35.786,144.598,31
Government,-35.837,146.8,33
Government,-35.189,147.249,27
Government,-35.305,145.179,12
Government,-34.812,147.201,383
Government,-34.639,148.027,214
Government,-35.993,146.395,162
Government,-36.021,146.376,40
Government,-35.668,147.04,94
Government,-34.573,145.994,88
Government,-33.056,146.397,15
Government,-34.91,147.781,17
Government,-35.148,147.467,159
Government,-34.797,147.04,25
Government,-35.832,146.998,13
Government,-33.976,145.709,38
Government,-33.998,148.4,5
Government,-34.291,146.036,433
Government,-35.052,148.109,164
Government,-35.081,148.103,47
Government,-34.33,146.042,154
Government,-34.506,144.844,216
Government,-35.517,147.031,70
Government,-33.48,145.54,212
Government,-35.718,147.319,121
Government,-35.98,146.637,151
Government,-35.483,147.761,8
Government,-34.814,147.741,12
Government,-35.355,145.729,14
Government,-35.959,146.887,164
Government,-34.873,147.585,118
Government,-34.855,147.585,111
Government,-35.209,147.511,33
Government,-35.174,147.379,434
Government,-33.295,146.374,227
Government,-34.248,146.034,43
Government,-36.037,146.928,409
Government,-34.546,146.407,258
Government,-35.223,146.715,88
Government,-35.856,146.369,11
Government,-34.243,148.214,13
Government,-34.828,147.355,27
Government,-35.816,144.902,52
Government,-34.77,146.927,32
Government,-35.464,145.309,27
Government,-36.115,144.763,113
Government,-34.193,148.347,24
Government,-35.089,144.033,61
Government,-35.987,146.007,48
Government,-34.297,148.515,43
Government,-34.551,148.36,210
Government,-35.054,147.909,10
Government,-33.616,146.327,9
Government,-34.744,146.548,267
Government,-35.553,146.172,36
Government,-35.467,146.799,13
Government,-35.596,146.58,30
Government,-33.84,146.258,18
Government,-35.266,147.115,169
Government,-35.67,147.861,14
Government,-34.498,147.883,12
Government,-33.994,146.878,6
Government,-35.278,147.739,22
Government,-34.445,147.535,213
Government,-34.262,145.985,11
Government,-36.047,146.983,573
Government,-35.814,145.569,154
Government,-35.027,143.338,118
Government,-33.423,146.723,33
Government,-35.776,148.014,184
Government,-35.302,148.219,288
Government,-33.638,146.978,88
Government,-35.327,146.267,9
Government,-35.108,147.366,440
Government,-35.096,147.38,181
Government,-35.119,147.367,266
Government,-35.466,144.393,15
Government,-35.687,146.726,19
Government,-35.758,146.901,40
Government,-34.525,146.331,16
Government,-33.88,146.619,9
Government,-34.519,146.181,33
Government,-34.427,148.245,20
Government,-33.924,147.242,87
Government,-33.919,147.204,202
Government,-35.968,147.007,140
Government,-34.598,146.411,70
Government,-34.252,146.198,106
Government,-35.387,147.061,12
Government,-34.3,146.086,49
Government,-34.321,148.291,524
Government,-36.064,146.932,285
Government,-35.152,147.297,52
Government,-35.639,145.575,139
Government,-34.28,146.048,418
Government,-35.538,144.956,264
Government,-34.311,148.305,298
Government,-35.129,147.358,283
Government,-36.039,146.949,291
Government,-35.149,147.373,390
Government,-34.451,147.524,122
Government,-35.136,147.352,228
Government,-34.286,146.062,500
Government,-36.214,148.131,19
Government,-35.525,144.982,164
Government,-34.804,145.884,143
Government,-35.58,148.3,5
Government,-35.124,147.333,300
Government,-34.642,148.015,74
Government,-36.05,146.948,175
Government,-35.146,147.348,325
Government,-34.562,146.396,373
Government,-35.524,144.951,105
Government,-35.315,148.231,239
Government,-35.136,147.377,306
Government,-36.055,146.917,220
Government,-36.032,146.95,223
Government,-33.398,143.942,9
Government,-35.128,147.367,71
Government,-36.058,146.93,67
Government,-35.303,148.221,30
Government,-34.293,146.035,38
Government,-34.563,146.412,28
Government,-36.062,146.928,18
Government,-35.125,147.364,48
Government,-36.073,146.915,910
Government,-34.292,146.04,608
Government,-34.505,144.841,155
Government,-35.124,147.364,818
Government,-34.632,146.384,319
Government,-34.317,148.292,495
Government,-34.547,146.406,458
Government,-34.744,146.567,299
Government,-34.442,147.54,275
Government,-34.869,147.591,237
Government,-34.635,148.017,203
Government,-35.536,144.961,432
Government,-36.06,146.929,671
Government,-35.994,146.381,291
Government,-34.559,148.37,148
Government,-35.312,148.219,384
Government,-35.64,145.573,304
Government,-33.916,147.202,263
Government,-35.142,147.354,522
Government,-35.057,148.099,154
Government,-35.783,148.018,148
Government,-35.623,144.132,184
Government,-34.282,146.071,461
Government,-35.143,147.382,839
Government,-35.661,147.044,312
Government,-36.035,146.946,575
Government,-35.993,148.777,15
Government,-34.57,150.773,516
Government,-34.305,150.935,227
Government,-34.401,150.476,144
Government,-34.387,150.872,329
Government,-35.7,150.188,494
Government,-36.671,149.839,291
Government,-36.631,149.571,29
Government,-34.48,150.856,259
Government,-36.421,150.064,165
Government,-36.371,148.827,69
Government,-34.486,150.341,158
Government,-34.778,150.69,268
Government,-34.085,149.145,15
Government,-34.331,149.368,11
Government,-36.099,150.054,65
Government,-34.847,150.608,406
Government,-36.919,149.234,104
Government,-34.437,148.726,240
Government,-34.769,148.812,26
Government,-34.481,150.419,484
Government,-35.441,149.799,306
Government,-34.791,149.488,9
Government,-35.954,149.148,15
Government,-34.327,150.913,318
Government,-34.658,150.3,125
Government,-35.256,149.445,444
Government,-34.593,150.516,30
Government,-34.822,150.556,216
Government,-36.768,149.696,84
Government,-35.588,149.449,26
Government,-36.387,149.883,77
Government,-34.29,150.947,135
Government,-34.914,149.433,25
Government,-34.439,150.887,181
Government,-34.853,150.74,180
Government,-36.237,149.125,238
Government,-34.368,150.899,227
Government,-34.46,149.47,220
Government,-34.72,149.179,6
Government,-34.495,150.777,790
Government,-37.042,148.937,22
Government,-37.064,149.906,256
Government,-34.616,150.322,123
Government,-34.39,150.892,342
Government,-34.966,150.594,59
Government,-34.749,150.821,378
Government,-34.531,150.866,203
Government,-34.522,150.484,23
Government,-34.751,149.718,181
Government,-34.763,149.73,148
Government,-34.745,149.735,188
Government,-34.76,149.712,160
Government,-35.03,149.267,140
Government,-34.784,149.266,125
Government,-34.184,150.988,460
Government,-34.355,150.491,120
Government,-35.037,150.668,163
Government,-34.645,150.773,131
Government,-34.553,150.53,20
Government,-34.737,150.532,83
Government,-34.414,150.873,297
Government,-34.67,150.851,347
Government,-34.406,149.528,14
Government,-34.713,150.007,140
Government,-36.887,149.917,428
Government,-35.706,149.162,45
Government,-35.314,150.436,823
Government,-34.448,150.444,536
Government,-35.786,150.141,27
Government,-35.913,150.076,326
Government,-34.551,150.366,442
Government,-34.411,150.856,91
Government,-34.432,150.817,159
Government,-36.511,149.29,11
Government,-36.219,150.137,384
Government,-34.879,150.601,517
Government,-34.212,151.002,48
Government,-36.926,149.872,257
Government,-34.67,150.221,4
Government,-34.486,150.915,278
Government,-34.501,150.882,88
Government,-36.464,149.867,53
Government,-35.358,149.236,361
Government,-34.589,150.592,147
Government,-34.266,150.966,54
Government,-34.579,150.866,368
Government,-34.229,150.984,150
Government,-34.481,150.878,276
Government,-35.166,149.255,152
Government,-34.721,150.083,61
Government,-36.64,149.975,6
Government,-35.068,149.655,52
Government,-34.398,149.821,11
Government,-36.733,149.979,171
Government,-34.867,150.63,96
Government,-34.315,150.919,367
Government,-36.316,150.072,55
Government,-35.055,150.587,116
Government,-37.084,149.695,23
Government,-35.355,150.469,689
Government,-34.445,150.835,348
Government,-35.109,148.674,4
Government,-35.01,149.834,13
Government,-34.688,150.153,40
Government,-34.425,150.872,243
Government,-36.833,149.812,109
Government,-34.346,150.907,519
Government,-36.93,149.647,27
Government,-34.838,148.907,305
Government,-35.167,150.584,255
Government,-35.091,150.564,365
Government,-34.759,149.702,373
Government,-34.381,150.89,164
Government,-34.417,150.879,271
Government,-34.563,150.818,416
Government,-34.39,150.902,134
Government,-34.54,150.859,177
Government,-34.907,150.73,106
Government,-34.378,150.906,297
Government,-34.437,150.87,354
Government,-36.218,149.131,227
Government,-34.423,150.897,579
Government,-34.337,150.919,264
Government,-34.441,150.854,264
Government,-34.359,150.907,262
Government,-34.46,150.835,226
Government,-34.371,150.914,182
Government,-34.557,150.854,279
Government,-34.49,150.868,147
Government,-34.472,150.87,163
Government,-34.43,150.861,334
Government,-34.489,150.893,153
Government,-34.399,150.888,193
Government,-34.935,150.566,131
Government,-34.568,150.799,346
Government,-35.348,149.216,387
Government,-34.475,150.841,157
Government,-34.859,150.59,451
Government,-34.882,150.608,420
Government,-34.505,150.796,370
Government,-34.56,150.831,268
Government,-34.352,150.915,200
Government,-34.547,150.853,167
Government,-34.396,150.873,241
Government,-35.345,149.246,280
Government,-35.366,149.228,419
Government,-34.554,150.845,185
Government,-34.492,150.816,601
Government,-34.723,149.74,312
Government,-34.501,150.808,192
Government,-34.516,150.785,346
Government,-34.743,149.711,387
Government,-34.843,148.915,225
Government,-34.432,150.856,181
Government,-34.582,150.85,518
Government,-35.105,150.629,408
Government,-34.933,150.762,219
Government,-34.625,150.853,464
Government,-34.426,150.848,209
Government,-34.559,150.846,192
Government,-35.741,150.21,203
Government,-35.073,150.67,251
Government,-34.592,150.78,635
Government,-35.845,150.172,246
Government,-34.856,150.577,223
Government,-34.996,150.714,151
Government,-35.386,149.199,865
Government,-34.596,150.857,463
Government,-34.576,150.752,483
Government,-34.454,150.477,37
Government,-34.745,149.711,77
Government,-34.411,150.889,113
Government,-34.556,150.855,115
Government,-34.452,150.469,48
Government,-34.855,150.576,67
Government,-35.322,150.442,44
Government,-34.489,150.423,564
Government,-34.747,149.711,648
Government,-34.406,150.89,1169
Government,-36.677,149.839,706
Government,-34.681,150.847,761
Government,-34.375,150.91,569
Government,-36.217,149.134,372
Government,-34.871,150.61,777
Government,-34.499,150.786,988
Government,-34.481,150.853,926
Government,-35.353,149.22,448
Government,-34.835,148.911,557
Government,-35.92,150.08,356
Government,-34.551,150.385,790
Government,-34.345,150.909,767
Government,-34.565,150.858,1020
Government,-34.844,150.603,707
Government,-34.438,150.855,880
Government,-34.453,149.467,182
Government,-34.728,149.73,819
Government,-34.542,150.85,542
Government,-34.48,150.875,591
Government,-36.918,149.232,148
Government,-37.055,149.907,536
Government,-34.495,150.805,581
Government,-35.358,150.47,1159
Government,-35.365,149.225,723
Government,-36.236,150.129,463
Government,-34.407,150.889,723
Government,-34.419,150.896,736
Government,-34.897,150.61,610
Government,-35.729,150.195,534
Government,-34.577,150.773,900
Government,-35.078,150.663,927
Government,-34.337,150.921,979
Government,-34.56,150.834,648
Government,-31.982,141.462,255
Government,-32.194,148.9,13
Government,-30.951,149.07,101
Government,-33.421,149.571,424
Government,-33.361,147.679,31
Government,-31.553,149.375,44
Government,-33.529,149.252,248
Government,-33.106,147.798,11
Government,-30.094,145.95,145
Government,-29.964,146.859,122
Government,-31.957,141.457,162
Government,-31.944,141.472,206
Government,-31.96,141.441,200
Government,-33.306,149.046,136
Government,-33.147,149.986,5
Government,-33.845,147.744,15
Government,-33.612,149.142,31
Government,-33.428,148.808,12
Government,-30.462,147.688,18
Government,-31.502,145.837,228
Government,-33.086,147.149,256
Government,-33.484,150.142,258
Government,-31.821,149.724,148
Government,-31.28,149.282,200
Government,-30.958,148.387,186
Government,-33.836,148.69,338
Government,-34.169,142.181,80
Government,-33.287,148.74,48
Government,-33.3,150.032,8
Government,-32.931,148.75,47
Government,-34.091,142.04,54
Government,-32.249,148.605,520
Government,-32.242,148.616,276
Government,-32.018,149.392,152
Government,-32.263,148.61,570
Government,-33.378,149.539,406
Government,-33.423,148.369,32
Government,-31.951,148.621,11
Government,-34.576,142.744,105
Government,-33.388,148.006,356
Government,-32.396,148.829,33
Government,-31.708,148.665,198
Government,-31.25,146.909,14
Government,-34.18,142.223,201
Government,-29.116,147.456,28
Government,-33.617,148.436,26
Government,-33.892,148.168,173
Government,-31.333,148.475,104
Government,-32.36,149.538,283
Government,-30.611,148.975,21
Government,-33.648,150.049,14
Government,-32.783,149.462,12
Government,-31.551,146.723,13
Government,-33.035,149.416,14
Government,-33.811,148.757,26
Government,-32.967,149.855,18
Government,-32.899,144.301,29
Government,-32.856,149.975,95
Government,-33.417,149.605,374
Government,-29.425,147.979,311
Government,-33.482,150.16,324
Government,-32.656,149.845,26
Government,-33.673,149.045,7
Government,-33.184,148.7,39
Government,-33.434,149.92,30
Government,-31.819,149.122,91
Government,-32.393,142.413,74
Government,-33.445,149.186,235
Government,-33.098,148.864,394
Government,-32.596,149.584,539
Government,-33.139,149.121,67
Government,-33.192,149.112,74
Government,-32.722,149.053,10
Government,-32.23,148.244,237
Government,-33.294,149.013,137
Government,-33.709,149.217,9
Government,-31.568,147.195,131
Government,-33.703,149.865,218
Government,-33.525,149.72,68
Government,-33.282,149.114,270
Government,-33.132,148.176,363
Government,-32.729,148.192,126
Government,-33.491,149.55,126
Government,-34.026,141.895,19
Government,-33.381,142.569,8
Government,-33.355,149.98,204
Government,-30.931,147.872,8
Government,-34.01,147.79,10
Government,-33.428,149.648,191
Government,-33.692,149.563,13
Government,-32.796,149.973,99
Government,-33.4,149.151,57
Government,-33.394,149.097,40
Government,-32.803,149.068,11
Government,-29.432,142.01,4
Government,-31.435,148.912,23
Government,-32.245,147.352,71
Government,-32.033,147.979,167
Government,-32.925,147.709,98
Government,-33.816,149.326,14
Government,-32.637,147.566,54
Government,-30.02,148.116,97
Government,-33.419,150.071,186
Government,-29.706,144.145,7
Government,-31.705,147.837,228
Government,-33.142,149.693,9
Government,-32.557,148.943,405
Government,-34.103,141.919,110
Government,-30.851,143.09,17
Government,-31.558,143.376,65
Government,-32.334,148.759,42
Government,-33.746,148.849,20
Government,-33.251,148.984,22
Government,-32.754,148.65,75
Government,-33.466,150.183,120
Government,-32.252,148.588,293
Government,-30.535,145.117,8
Government,-29.319,145.844,11
Government,-33.412,149.559,515
Government,-33.433,149.569,184
Government,-33.041,150.215,6
Government,-33.845,142.013,20
Government,-33.297,149.112,208
Government,-33.148,148.173,173
Government,-33.37,148.001,203
Government,-33.846,149.742,3
Government,-33.136,148.19,281
Government,-31.941,141.461,290
Government,-31.971,141.44,124
Government,-29.239,146.918,5
Government,-33.287,149.079,566
Government,-30.879,147.375,8
Government,-33.281,149.117,217
Government,-32.252,148.627,614
Government,-32.607,149.584,654
Government,-32.243,148.639,183
Government,-32.243,148.639,436
Government,-30.094,145.949,47
Government,-33.822,148.688,336
Government,-33.269,149.104,503
Government,-31.946,141.472,120
Government,-32.252,148.607,24
Government,-33.426,149.566,97
Government,-33.296,149.097,134
Government,-33.824,148.694,30
Government,-33.567,148.665,181
Government,-33.286,149.097,761
Government,-33.413,149.57,917
Government,-31.96,141.457,411
Government,-33.486,150.166,654
Government,-32.598,149.584,788
Government,-33.28,149.084,914
Government,-33.139,148.18,467
Government,-33.816,148.69,439
Government,-33.365,148.011,287
Government,-32.547,148.948,284
Government,-33.903,148.163,178
Government,-32.856,149.975,166
Government,-33.092,147.143,205
Government,-31.283,149.284,298
Government,-31.705,148.666,185
Government,-31.561,147.189,144
Government,-30.091,145.949,134
Government,-31.502,145.828,214
Government,-33.531,149.251,296
Government,-32.271,148.611,687
Government,-33.291,149.122,546
Government,-30.955,148.391,161
Government,-32.23,148.243,223
Government,-30.027,148.119,83
Government,-31.937,141.473,570
Government,-34.096,142.06,190
Government,-33.411,149.614,813
Government,-33.558,148.671,239
Government,-32.252,148.583,468
Government,-32.36,149.54,213
Government,-33.702,149.861,204
Catholic,-35.313,148.067,58
Catholic,-35.739,150.206,394
Catholic,-35.521,148.146,42
Catholic,-36.68,149.843,175
Catholic,-36.906,149.236,71
Catholic,-34.438,148.713,95
Catholic,-35.442,149.799,131
Catholic,-36.238,149.126,457
Catholic,-34.635,148.031,376
Catholic,-34.463,149.47,144
Catholic,-34.759,149.702,366
Catholic,-34.746,149.733,308
Catholic,-33.897,148.163,47
Catholic,-35.064,148.108,81
Catholic,-33.296,146.369,41
Catholic,-35.91,150.08,174
Catholic,-34.545,148.348,29
Catholic,-34.446,147.535,288
Catholic,-35.298,148.217,473
Catholic,-33.926,147.206,113
Catholic,-34.842,148.909,270
Catholic,-34.308,148.3,222
Catholic,-35.85,150.164,493
Catholic,-34.751,149.7,714
Catholic,-36.939,149.899,692
Catholic,-34.315,148.292,426
Catholic,-33.744,150.98,696
Catholic,-33.767,150.998,403
Catholic,-33.735,150.925,386
Catholic,-33.775,150.899,295
Catholic,-33.79,150.899,631
Catholic,-33.633,150.803,411
Catholic,-33.732,151.012,479
Catholic,-33.712,150.718,518
Catholic,-33.759,150.871,348
Catholic,-33.791,151.051,188
Catholic,-33.756,150.656,328
Catholic,-33.832,150.789,263
Catholic,-33.792,150.95,385
Catholic,-33.761,150.618,166
Catholic,-33.737,150.852,480
Catholic,-33.833,151.001,200
Catholic,-33.848,151.012,235
Catholic,-33.82,150.954,802
Catholic,-33.853,150.978,342
Catholic,-33.825,151.009,167
Catholic,-33.716,150.311,67
Catholic,-33.707,150.955,627
Catholic,-33.681,151.001,388
Catholic,-33.757,150.722,310
Catholic,-33.761,150.926,226
Catholic,-33.72,150.44,115
Catholic,-33.882,150.686,256
Catholic,-33.749,150.889,796
Catholic,-33.836,150.982,574
Catholic,-33.774,150.813,251
Catholic,-33.794,151.001,195
Catholic,-33.776,151.024,279
Catholic,-33.807,151.004,408
Catholic,-33.755,150.7,169
Catholic,-33.779,150.707,398
Catholic,-33.749,150.834,626
Catholic,-33.721,150.903,598
Catholic,-33.6,150.76,252
Catholic,-33.675,150.872,228
Catholic,-33.765,150.837,391
Catholic,-33.812,151.041,377
Catholic,-33.794,150.782,331
Catholic,-33.773,150.772,368
Catholic,-33.779,150.932,389
Catholic,-33.681,150.589,368
Catholic,-33.812,150.97,392
Catholic,-33.814,150.987,182
Catholic,-33.61,150.815,303
Catholic,-33.778,150.974,385
Catholic,-33.787,150.673,540
Catholic,-33.705,150.889,724
Catholic,-33.718,150.973,618
Catholic,-33.705,150.927,799
Catholic,-33.706,150.929,1166
Catholic,-33.748,150.802,201
Catholic,-33.631,150.796,1101
Catholic,-33.734,150.841,618
Catholic,-33.787,150.675,1011
Catholic,-33.805,150.984,1210
Catholic,-33.782,150.848,926
Catholic,-33.838,150.968,1001
Catholic,-33.832,150.793,674
Catholic,-33.74,150.997,1307
Catholic,-33.819,150.951,800
Catholic,-33.834,151.001,348
Catholic,-33.743,150.678,709
Catholic,-33.742,150.886,1327
Catholic,-33.705,150.892,1159
Catholic,-33.714,150.733,1185
Catholic,-33.681,151.001,1035
Catholic,-33.79,150.902,532
Catholic,-33.806,150.985,1043
Catholic,-33.774,150.908,1014
Catholic,-33.673,150.588,1112
Catholic,-33.803,151.047,1070
Catholic,-33.686,151.112,223
Catholic,-33.633,151.331,154
Catholic,-33.796,151.258,232
Catholic,-33.614,151.144,297
Catholic,-33.766,151.051,262
Catholic,-33.795,151.184,355
Catholic,-33.727,151.286,227
Catholic,-33.742,151.198,136
Catholic,-33.755,151.29,178
Catholic,-33.77,151.082,113
Catholic,-33.76,151.221,282
Catholic,-33.437,151.351,384
Catholic,-33.775,151.284,163
Catholic,-33.465,151.38,285
Catholic,-33.188,151.576,431
Catholic,-33.773,151.166,259
Catholic,-33.795,151.286,330
Catholic,-33.782,151.267,141
Catholic,-33.676,151.301,417
Catholic,-33.713,151.3,195
Catholic,-33.75,151.274,247
Catholic,-33.812,151.214,102
Catholic,-33.739,151.067,217
Catholic,-33.74,151.138,229
Catholic,-33.728,151.166,221
Catholic,-33.436,151.414,605
Catholic,-33.37,151.477,606
Catholic,-33.269,151.559,545
Catholic,-33.369,151.437,370
Catholic,-33.716,151.122,262
Catholic,-33.714,151.104,337
Catholic,-33.761,151.13,104
Catholic,-33.796,151.2,277
Catholic,-33.503,151.304,551
Catholic,-33.413,151.351,443
Catholic,-33.291,151.428,335
Catholic,-33.242,151.468,1558
Catholic,-33.302,151.414,1078
Catholic,-33.683,151.287,1098
Catholic,-33.794,151.185,728
Catholic,-33.437,151.347,802
Catholic,-33.715,151.105,1055
Catholic,-33.805,151.292,468
Catholic,-32.405,152.213,72
Catholic,-32.387,150.689,42
Catholic,-32.401,151.754,142
Catholic,-32.007,151.96,35
Catholic,-32.819,151.485,186
Catholic,-32.91,151.706,200
Catholic,-32.897,151.742,162
Catholic,-32.136,150.359,49
Catholic,-32.926,151.716,543
Catholic,-32.915,151.783,180
Catholic,-32.993,151.684,54
Catholic,-31.88,152.469,271
Catholic,-31.871,152.374,118
Catholic,-32.723,152.135,269
Catholic,-32.937,151.726,168
Catholic,-32.836,151.351,347
Catholic,-32.923,151.612,357
Catholic,-32.182,152.518,345
Catholic,-32.979,151.694,294
Catholic,-32.927,151.644,153
Catholic,-32.738,151.558,397
Catholic,-33.109,151.485,118
Catholic,-32.28,150.884,345
Catholic,-32.053,150.872,138
Catholic,-32.889,151.694,130
Catholic,-32.559,151.18,1010
Catholic,-33.097,151.643,165
Catholic,-32.809,151.662,260
Catholic,-32.9,151.723,169
Catholic,-33.038,151.662,124
Catholic,-32.943,151.666,130
Catholic,-32.967,151.703,361
Catholic,-32.75,151.585,449
Catholic,-32.948,151.7,334
Catholic,-33.027,151.582,194
Catholic,-32.7,151.457,577
Catholic,-32.896,151.744,43
Catholic,-32.937,151.76,387
Catholic,-32.949,151.753,198
Catholic,-32.765,151.747,377
Catholic,-32.721,151.53,370
Catholic,-32.9,151.664,323
Catholic,-32.976,151.649,418
Catholic,-32.698,151.458,973
Catholic,-32.896,151.744,605
Catholic,-31.897,152.479,630
Catholic,-32.168,150.888,685
Catholic,-32.938,151.715,849
Catholic,-32.981,151.693,989
Catholic,-32.976,151.607,636
Catholic,-34.364,150.915,1249
Catholic,-34.102,150.788,1057
Catholic,-34.009,150.823,1142
Catholic,-34.897,150.605,935
Catholic,-34.573,150.766,736
Catholic,-34.043,150.757,1137
Catholic,-34.572,150.765,399
Catholic,-34.477,150.421,219
Catholic,-34.334,150.918,412
Catholic,-34.053,150.696,622
Catholic,-34.07,150.817,554
Catholic,-34.368,150.898,339
Catholic,-34.493,150.799,623
Catholic,-34.039,150.814,595
Catholic,-34.416,150.882,175
Catholic,-34.187,150.987,184
Catholic,-34.003,150.873,397
Catholic,-34.676,150.853,363
Catholic,-35.311,150.43,125
Catholic,-34.447,150.45,180
Catholic,-34.546,150.371,188
Catholic,-34.047,150.748,685
Catholic,-34.873,150.597,537
Catholic,-34.171,150.612,410
Catholic,-34.484,150.901,177
Catholic,-34.101,150.788,202
Catholic,-34.081,150.825,341
Catholic,-34.58,150.87,405
Catholic,-34.317,150.921,183
Catholic,-34.452,150.841,371
Catholic,-34.48,150.88,149
Catholic,-34.426,150.871,368
Catholic,-34.569,150.836,413
Catholic,-34.569,150.817,1126
Catholic,-33.884,151.171,155
Catholic,-33.94,151.147,292
Catholic,-33.886,151.125,1092
Catholic,-33.848,151.031,353
Catholic,-33.865,151.025,113
Catholic,-33.859,151.184,349
Catholic,-33.907,151.036,578
Catholic,-33.922,151.029,443
Catholic,-33.901,151.088,239
Catholic,-33.924,151.089,232
Catholic,-33.947,151.08,637
Catholic,-33.948,151.122,179
Catholic,-33.986,151.112,400
Catholic,-33.885,151.275,88
Catholic,-33.89,151.252,196
Catholic,-33.887,150.864,843
Catholic,-33.894,150.899,819
Catholic,-33.861,150.891,641
Catholic,-33.945,151.2,287
Catholic,-33.958,151.151,198
Catholic,-33.89,150.937,622
Catholic,-33.911,151.106,345
Catholic,-34.046,151.122,599
Catholic,-33.835,151.245,114
Government,-37.706,145.087,63
Catholic,-33.911,151.259,163
Catholic,-33.868,151.103,216
Catholic,-33.85,151.087,484
Catholic,-33.92,151.253,205
Catholic,-34.058,151.153,178
Catholic,-33.876,151.113,156
Catholic,-33.897,151.114,378
Catholic,-33.93,151.225,371
Catholic,-33.797,151.094,131
Catholic,-33.856,151.154,310
Catholic,-33.905,151.135,118
Catholic,-33.927,151.127,374
Catholic,-33.79,151.079,373
Catholic,-33.888,151.101,399
Catholic,-34.063,151.008,772
Catholic,-33.907,151.174,121
Catholic,-33.9,151.188,169
Catholic,-33.873,150.959,691
Catholic,-33.861,151.134,462
Catholic,-33.911,150.982,377
Catholic,-33.826,151.127,179
Catholic,-33.88,151.185,152
Catholic,-33.904,151.059,221
Catholic,-34.037,151.084,596
Catholic,-33.879,151.14,110
Catholic,-33.841,150.851,186
Catholic,-33.93,150.862,469
Catholic,-33.83,151.14,360
Catholic,-33.96,151.112,408
Catholic,-33.912,151.221,412
Catholic,-33.942,151.104,439
Catholic,-33.968,151.135,416
Catholic,-33.917,151.078,176
Catholic,-33.819,151.17,502
Catholic,-33.885,151.162,91
Catholic,-33.863,151.047,357
Catholic,-33.919,150.926,2138
Catholic,-33.933,150.9,400
Catholic,-33.964,151.248,402
Catholic,-33.947,151.252,388
Catholic,-33.942,151.242,187
Catholic,-33.909,151.153,372
Catholic,-33.781,151.103,284
Catholic,-33.926,151.201,608
Catholic,-33.959,151.232,369
Catholic,-33.812,151.087,420
Catholic,-34.018,151.021,803
Catholic,-33.92,150.887,315
Catholic,-34.033,151.104,396
Catholic,-33.928,150.955,440
Catholic,-33.825,151.236,373
Catholic,-33.88,151.152,180
Catholic,-33.795,151.123,399
Catholic,-33.982,151.083,219
Catholic,-33.888,151.231,151
Catholic,-33.963,151.031,200
Catholic,-33.957,150.997,606
Catholic,-33.963,151.087,539
Catholic,-33.927,151.055,175
Catholic,-33.916,151.242,472
Catholic,-33.905,151.245,139
Catholic,-33.879,151.027,383
Catholic,-33.946,151.017,622
Catholic,-33.952,151.055,450
Catholic,-33.951,151.136,204
Catholic,-33.871,151.272,273
Catholic,-33.818,151.114,579
Catholic,-33.992,151.129,218
Catholic,-33.887,151.009,337
Catholic,-33.855,150.938,632
Catholic,-33.975,151.111,210
Catholic,-33.892,151.165,116
Catholic,-33.874,151.087,315
Catholic,-33.892,151.078,101
Catholic,-33.894,151.133,163
Catholic,-34.033,151.062,603
Catholic,-33.871,151.214,937
Catholic,-33.889,150.976,226
Catholic,-33.899,151.206,76
Catholic,-33.9,151.253,308
Catholic,-34.052,151.143,175
Catholic,-33.906,151.013,179
Catholic,-33.953,150.869,646
Catholic,-33.911,151.151,827
Catholic,-33.963,151.015,650
Catholic,-33.913,151.22,702
Catholic,-33.85,151.03,1313
Catholic,-33.962,151.113,1091
Catholic,-33.942,151.103,1110
Catholic,-33.959,151.13,1045
Catholic,-33.832,151.207,1609
Catholic,-33.947,151.229,755
Catholic,-33.968,151.083,1343
Catholic,-33.919,151.244,851
Catholic,-33.914,151.241,964
Catholic,-33.908,151.035,1057
Catholic,-33.887,150.863,1411
Catholic,-34.054,151.135,421
Catholic,-34.046,151.122,536
Catholic,-34.065,151.008,986
Catholic,-33.872,150.964,1144
Catholic,-33.926,150.86,1297
Catholic,-34.02,151.021,1140
Catholic,-34.034,151.059,1227
Catholic,-33.866,150.911,843
Catholic,-33.789,151.077,976
Catholic,-33.87,151.133,858
Catholic,-33.922,151.077,730
Catholic,-33.819,151.119,786
Catholic,-33.84,151.167,937
Catholic,-33.939,150.844,669
Catholic,-33.952,150.951,576
Catholic,-33.932,150.836,1211
Catholic,-28.839,153.437,187
Catholic,-28.868,153.564,398
Catholic,-30.358,153.084,490
Catholic,-30.456,152.898,123
Catholic,-30.651,152.851,48
Catholic,-28.666,153.616,325
Catholic,-28.862,153.045,606
Catholic,-30.301,153.113,738
Catholic,-28.989,153.286,52
Catholic,-30.347,152.715,61
Catholic,-29.673,152.934,259
Catholic,-29.725,152.934,126
Catholic,-31.076,152.832,332
Catholic,-28.257,153.577,323
Catholic,-28.626,153.005,148
Catholic,-31.641,152.792,181
Catholic,-28.804,153.284,580
Catholic,-28.821,153.29,189
Catholic,-30.732,152.903,244
Catholic,-29.459,153.202,135
Catholic,-28.549,153.497,63
Catholic,-28.326,153.395,373
Catholic,-28.332,153.4,161
Catholic,-31.44,152.898,553
Catholic,-31.429,152.895,397
Catholic,-31.457,152.892,534
Catholic,-28.828,153.6,446
Catholic,-28.211,153.536,406
Catholic,-28.171,153.541,302
Catholic,-31.46,152.732,277
Catholic,-29.073,153.338,83
Catholic,-30.115,153.201,263
Catholic,-29.437,153.333,182
Catholic,-31.455,152.898,1107
Catholic,-28.832,153.6,884
Catholic,-31.455,152.831,1026
Catholic,-28.325,153.394,823
Catholic,-28.784,153.3,774
Catholic,-31.061,152.824,641
Catholic,-29.705,152.956,602
Catholic,-30.324,153.098,1062
Catholic,-28.861,153.045,425
Catholic,-28.21,153.537,838
Catholic,-33.525,149.257,157
Catholic,-31.275,149.273,146
Catholic,-33.832,148.688,442
Catholic,-32.622,149.598,1122
Catholic,-33.706,149.855,129
Catholic,-32.55,148.943,196
Catholic,-30.951,149.066,43
Catholic,-33.412,149.567,393
Catholic,-33.419,149.575,363
Catholic,-33.401,149.606,463
Catholic,-33.438,149.567,216
Catholic,-33.566,148.665,63
Catholic,-31.826,149.711,31
Catholic,-30.952,148.39,191
Catholic,-32.267,148.646,409
Catholic,-32.251,148.588,183
Catholic,-32.02,149.394,48
Catholic,-33.428,148.372,37
Catholic,-31.708,148.662,148
Catholic,-32.361,149.531,132
Catholic,-33.484,150.153,287
Catholic,-33.184,148.692,33
Catholic,-33.094,148.865,106
Catholic,-33.279,149.095,505
Catholic,-33.285,149.117,426
Catholic,-33.353,149.988,50
Catholic,-32.749,148.649,30
Catholic,-32.242,148.631,429
Catholic,-32.26,148.612,211
Catholic,-33.496,150.133,230
Catholic,-33.433,149.588,691
Catholic,-32.268,148.646,941
Catholic,-33.301,149.094,1030
Catholic,-34.638,143.563,43
Catholic,-30.088,145.932,90
Catholic,-29.961,146.859,37
Catholic,-31.953,141.46,190
Catholic,-31.499,145.834,114
Catholic,-33.085,147.147,116
Catholic,-35.531,144.962,168
Catholic,-33.379,148.009,298
Catholic,-34.509,144.84,33
Catholic,-33.484,145.528,23
Catholic,-32.227,148.24,87
Catholic,-31.564,147.191,114
Catholic,-33.133,148.176,171
Catholic,-32.731,148.194,34
Catholic,-32.035,147.979,30
Catholic,-32.924,147.708,12
Catholic,-31.699,147.837,127
Catholic,-36.084,146.916,501
Catholic,-36.06,146.936,350
Catholic,-36.037,146.937,335
Catholic,-34.805,145.879,43
Catholic,-34.818,147.203,76
Catholic,-35.997,146.388,166
Catholic,-35.669,147.036,53
Catholic,-35.638,145.577,83
Catholic,-34.796,147.043,29
Catholic,-34.282,146.046,504
Catholic,-35.721,147.315,35
Catholic,-35.361,145.736,46
Catholic,-34.872,147.577,147
Catholic,-34.555,146.404,353
Catholic,-35.22,146.721,74
Catholic,-34.749,146.555,159
Catholic,-35.815,145.576,20
Catholic,-35.779,148.013,58
Catholic,-34.301,146.083,161
Catholic,-35.125,147.334,242
Catholic,-35.178,147.364,322
Catholic,-35.138,147.377,338
Catholic,-35.132,147.351,603
Catholic,-35.107,147.373,166
Catholic,-35.123,147.364,972
Catholic,-35.176,147.363,749
Catholic,-34.568,146.411,666
Catholic,-36.063,146.935,932
Catholic,-34.287,146.058,701
Catholic,-30.516,151.664,327
Catholic,-30.377,150.609,73
Catholic,-30.707,150.046,21
Catholic,-30.977,150.258,366
Catholic,-30.226,151.672,72
Catholic,-30.75,150.723,79
Catholic,-29.459,149.838,336
Catholic,-28.98,148.991,47
Catholic,-30.326,149.789,300
Catholic,-31.51,150.677,74
Catholic,-31.094,150.938,586
Catholic,-31.093,150.918,185
Catholic,-31.109,150.914,525
Catholic,-29.059,152.016,137
Catholic,-30.639,151.505,52
Catholic,-30.982,151.591,94
Catholic,-30.026,148.114,134
Catholic,-29.543,150.573,25
Catholic,-30.227,149.444,118
Catholic,-29.779,151.131,577
Catholic,-29.737,151.74,159
Catholic,-30.98,150.26,411
Catholic,-31.073,150.919,935
Catholic,-30.512,151.68,511
Independent,-28.821,153.297,816
Independent,-33.908,151.144,567
Independent,-33.795,151.183,1183
Independent,-33.847,151.216,1176
Independent,-34.425,150.902,1128
Independent,-34.078,150.824,698
Independent,-33.741,151.06,1331
Catholic,-33.942,150.994,891
Independent,-33.875,151.074,1598
Independent,-34.42,150.863,1054
Independent,-33.87,151.121,1472
Independent,-33.438,151.346,971
Independent,-33.897,151.256,1525
Independent,-33.897,151.146,1231
Independent,-33.828,151.156,1613
Independent,-34.508,150.409,951
Independent,-34.04,150.787,1442
Independent,-33.76,151.272,1580
Independent,-33.876,151.18,1044
Independent,-33.878,151.095,1320
Independent,-33.87,151.225,755
Independent,-33.836,151.207,1186
Catholic,-33.899,151.254,773
Independent,-33.786,151.286,1006
Independent,-33.753,150.716,1010
Independent,-33.911,151.056,298
Independent,-33.83,151.139,1100
Independent,-33.724,151.021,2242
Independent,-33.722,151.173,793
Independent,-33.808,151.003,1097
Independent,-33.849,151.214,1347
Independent,-33.714,151.127,112
Independent,-33.863,151.272,851
Independent,-34.066,151.006,55
Independent,-33.892,151.148,45
Independent,-33.428,149.572,713
Independent,-33.721,151.101,1240
Independent,-33.419,148.021,880
Independent,-33.717,151.12,246
Independent,-33.822,151.015,1282
Independent,-33.918,151.056,1198
Independent,-33.744,150.998,207
Independent,-34.024,150.697,129
Independent,-34.1,150.768,1381
Independent,-33.881,151.027,731
Independent,-33.922,151.018,64
Independent,-33.714,151.216,884
Independent,-32.906,151.725,223
Independent,-32.263,148.645,671
Independent,-33.692,151.221,380
Independent,-32.755,151.599,108
Independent,-33.935,151.237,267
Independent,-34.084,150.814,145
Independent,-34.06,151.006,42
Independent,-33.899,151.131,2296
Independent,-28.814,153.075,354
Independent,-33.895,151.056,322
Independent,-30.082,145.954,3
Independent,-31.099,152.823,88
Independent,-32.924,151.656,237
Independent,-35.144,147.344,36
Independent,-36.118,146.889,1617
Independent,-33.887,151.279,62
Independent,-33.786,151.033,283
Independent,-33.942,150.765,704
Independent,-33.804,150.929,140
Independent,-30.53,151.679,47
Independent,-33.821,151.17,79
Independent,-28.861,153.562,33
Independent,-32.539,148.929,78
Independent,-36.688,149.843,26
Independent,-33.838,151.128,113
Independent,-33.91,151.056,771
Independent,-30.64,152.984,555
Independent,-34.633,148.018,28
Independent,-33.765,150.982,22
Independent,-32.888,151.695,103
Independent,-32.238,148.246,177
Independent,-33.912,151.237,8
Independent,-31.141,150.924,63
Independent,-33.686,150.685,330
Independent,-33.704,150.375,114
Independent,-33.722,150.468,69
Independent,-30.489,151.696,163
Independent,-33.884,151.194,129
Independent,-29.699,152.975,209
Independent,-33.565,150.678,201
Independent,-31.888,152.423,787
Independent,-28.558,153.46,587
Independent,-36.04,146.981,278
Independent,-33.72,151.111,1634
Independent,-33.703,151.015,238
Independent,-36.22,149.13,50
Independent,-28.542,153.485,71
Independent,-32.783,151.637,290
Independent,-33.763,151.219,97
Independent,-34.557,150.756,504
Independent,-28.806,153.351,628
Independent,-33.335,151.404,330
Independent,-35.135,147.39,563
Independent,-31.943,152.44,32
Independent,-33.773,151.114,7
Independent,-36.101,144.749,721
Independent,-28.825,153.355,201
Independent,-28.655,153.567,382
Independent,-28.459,153.27,55
Independent,-32.737,151.601,244
Independent,-33.945,150.803,1428
Independent,-33.783,150.886,816
Independent,-33.892,151.198,70
Independent,-33.875,151.213,1925
Independent,-33.839,148.662,18
Independent,-33.259,149.073,755
Independent,-34.443,150.83,800
Independent,-29.483,149.837,126
Independent,-34.036,151.009,926
Independent,-32.794,151.351,1276
Independent,-33.934,151.238,1129
Independent,-33.824,151.249,816
Independent,-33.444,151.427,122
Independent,-35.069,147.375,1000
Independent,-34.564,146.391,26
Independent,-30.226,149.441,128
Independent,-28.33,153.373,381
Independent,-33.858,151.087,265
Independent,-32.051,150.864,692
Independent,-33.965,151.109,166
Independent,-31.104,152.842,458
Independent,-28.862,153.53,878
Independent,-33.844,150.83,713
Independent,-28.358,153.323,93
Independent,-33.765,150.756,565
Independent,-28.538,153.167,89
Independent,-35.755,146.908,312
Independent,-33.791,151.209,405
Independent,-34.364,150.896,129
Independent,-33.785,150.709,744
Independent,-33.711,151.216,180
Independent,-36.673,149.847,176
Independent,-28.58,153.276,54
Independent,-33.094,147.139,43
Independent,-32.25,148.576,664
Independent,-33.875,151.254,2076
Independent,-30.504,151.656,35
Independent,-33.848,150.915,167
Independent,-33.678,150.874,1187
Independent,-28.784,153.34,19
Independent,-33.898,150.867,1129
Independent,-35.957,146.882,176
Independent,-33.871,150.892,691
Independent,-31.904,152.523,758
Independent,-32.99,151.583,831
Independent,-30.435,152.723,188
Independent,-28.648,153.615,95
Independent,-34.857,150.6,1152
Independent,-33.686,151.013,1208
Independent,-33.709,151.099,2856
Independent,-33.872,151.283,484
Independent,-33.789,151.017,979
Independent,-33.874,151.206,1436
Independent,-30.52,151.673,625
Independent,-33.919,150.84,1721
Independent,-33.291,149.113,1018
Independent,-33.063,151.465,977
Independent,-33.747,151.134,2501
Independent,-32.922,151.652,1060
Independent,-33.884,150.791,271
Independent,-33.431,149.617,779
Independent,-36.415,148.609,469
Independent,-33.794,151.017,549
Independent,-32.93,151.78,1049
Independent,-33.735,151.137,159
Independent,-33.952,151.044,32
Independent,-33.955,151.244,785
Independent,-33.73,151.167,368
Independent,-33.789,150.943,1242
Independent,-33.604,151.054,698
Independent,-33.785,151.18,1060
Independent,-34.048,150.777,1059
Independent,-30.979,150.255,231
Independent,-31.129,150.94,857
Independent,-33.763,150.829,279
Independent,-33.834,151.21,1385
Independent,-33.758,151.219,49
Independent,-34.454,150.428,103
Independent,-33.918,151.245,265
Independent,-34.455,150.829,661
Independent,-33.913,150.983,933
Independent,-33.832,151.227,1680
Independent,-33.436,151.39,1136
Independent,-33.898,151.163,2072
Independent,-33.84,151.205,1724
Independent,-36.701,149.839,454
Independent,-30.519,151.64,247
Independent,-33.789,151.026,2150
Independent,-31.463,152.878,1221
Catholic,-31.696,115.805,230
Independent,-32.738,152.11,821
Independent,-34.498,150.392,827
Independent,-33.712,150.976,1951
Independent,-34.253,150.574,1247
Independent,-33.113,151.543,106
Independent,-33.83,150.655,541
Independent,-33.806,151.112,374
Independent,-33.768,150.872,592
Independent,-32.738,151.85,554
Independent,-33.815,151.093,111
Independent,-33.711,150.448,259
Independent,-34.594,150.848,981
Independent,-34.724,149.744,57
Independent,-28.848,153.544,327
Independent,-36.031,146.985,1441
Independent,-34.75,149.726,39
Independent,-36.037,146.923,31
Independent,-33.277,149.107,109
Independent,-33.589,150.253,87
Independent,-34.245,150.943,159
Independent,-33.874,151.09,1761
Independent,-33.961,151.102,1043
Independent,-34.455,150.452,345
Independent,-33.703,151.036,34
Independent,-35.517,147.029,42
Independent,-33.712,151.214,65
Independent,-33.93,150.921,939
Independent,-33.866,151.272,986
Independent,-31.467,152.899,91
Independent,-33.893,151.264,80
Independent,-36.073,146.927,714
Independent,-34.504,150.44,363
Independent,-33.919,151.039,622
Independent,-33.972,151.056,209
Independent,-33.972,151.111,845
Independent,-33.949,150.851,1325
Independent,-34.067,150.818,428
Independent,-32.904,151.723,1466
Independent,-33.882,151.195,1224
Independent,-33.277,151.415,904
Independent,-33.984,150.885,695
Independent,-33.759,150.83,1289
Independent,-33.795,150.707,1214
Independent,-33.76,151.156,1451
Independent,-33.893,151.089,493
Independent,-33.876,151.219,936
Independent,-33.029,151.565,43
Independent,-33.95,151.099,231
Independent,-34.428,150.871,970
Independent,-33.426,151.399,1561
Independent,-33.934,151.148,773
Independent,-33.721,150.615,586
Independent,-35.154,147.362,332
Independent,-34.011,150.719,1177
Independent,-33.915,151.073,946
Independent,-33.099,151.507,511
Independent,-33.855,151.032,2282
Independent,-33.879,151.237,1182
Independent,-35.844,150.17,925
Independent,-33.771,151.109,22
Independent,-34.403,150.889,187
Independent,-33.907,151.244,849
Independent,-33.912,151.05,2407
Independent,-33.62,150.85,1220
Independent,-33.621,151.147,61
Independent,-33.775,150.811,264
Independent,-30.309,153.085,1351
Independent,-33.708,150.371,512
Independent,-33.121,148.152,402
Independent,-30.342,153.09,37
Independent,-32.197,148.535,215
Independent,-33.872,151.252,1693
Independent,-33.63,150.278,169
Independent,-33.408,151.333,694
Independent,-33.462,151.364,1175
Independent,-33.679,151.26,328
Independent,-33.527,150.692,77
Independent,-33.747,151.065,997
Independent,-32.768,151.597,1161
Independent,-34.015,151.026,1211
Independent,-33.723,151.214,275
Independent,-33.891,151.06,3352
Independent,-34.905,150.616,572
Independent,-33.863,151.178,95
Independent,-33.946,151.127,372
Independent,-33.697,151.036,1475
Independent,-30.498,151.667,226
Independent,-33.882,151.116,1495
Independent,-33.896,151.175,52
Independent,-33.69,151.032,530
Independent,-33.743,150.836,1028
Independent,-33.494,151.39,234
Independent,-33.905,151.254,1122
Independent,-33.76,151.284,1481
Independent,-33.77,151.113,47
Independent,-33.956,150.944,896
Independent,-28.234,153.506,2008
Independent,-33.693,150.715,824
Independent,-33.942,150.876,2588
Independent,-33.676,151.201,190
Independent,-33.677,151.187,78
Independent,-33.771,151.109,17
Independent,-33.737,151.1,633
Independent,-33.684,150.911,1578
Independent,-30.292,153.131,103
Independent,-33.872,151.101,1393
Independent,-32.873,151.646,860
Independent,-32.767,151.608,832
Independent,-33.775,150.715,675
Independent,-33.025,151.67,907
Independent,-33.912,150.977,219
Independent,-33.831,150.786,626
Independent,-32.891,151.738,337
Independent,-34.038,151.088,147
Independent,-33.833,151.24,221
Independent,-33.674,151.202,1228
Independent,-33.299,149.088,490
Independent,-32.261,150.891,88
Independent,-33.912,151.24,102
Independent,-28.328,153.393,280
Independent,-33.738,151.246,1201
Independent,-32.576,151.183,389
Government,-38.618,146.667,100
Government,-38.386,142.59,160
Government,-37.085,143.476,94
Government,-36.901,145.235,123
Government,-37.743,145.214,200
Government,-38.171,144.342,301
Government,-37.673,144.443,776
Government,-37.564,143.854,227
Government,-36.129,146.89,869
Government,-38.044,145.354,884
Government,-37.439,143.382,130
Government,-37.969,145.055,402
Government,-38.348,142.651,23
Government,-37.838,144.878,566
Government,-37.531,142.04,32
Government,-38.337,143.598,164
Government,-37.067,144.222,178
Government,-37.093,144.205,174
Government,-37.424,143.892,148
Government,-36.733,144.25,181
Government,-37.602,145.27,40
Government,-38.366,142.467,138
Government,-38.34,144.96,557
Government,-37.787,145.13,543
Government,-36.128,144.747,525
Government,-37.725,145.148,253
Government,-36.721,144.255,159
Government,-37.105,144.333,29
Government,-38.002,145.258,417
Government,-37.781,144.933,328
Government,-37.798,144.893,336
Government,-37.49,144.588,481
Government,-37.948,145.009,540
Government,-36.769,146.983,40
Government,-38.197,144.348,343
Government,-37.82,145.018,454
Government,-37.755,145.068,498
Government,-37.745,142.021,294
Government,-36.924,144.707,150
Government,-38.172,144.317,359
Government,-36.663,144.334,324
Government,-38.334,144.263,492
Government,-36.147,146.607,71
Government,-37.249,144.463,307
Government,-37.354,144.745,323
Government,-38.014,143.982,13
Government,-36.842,144.157,38
Government,-36.736,144.136,235
Government,-37.405,144.584,131
Government,-37.604,143.868,221
Government,-37.681,144.587,507
Government,-37.8,144.982,198
Government,-37.106,144.067,82
Government,-37.412,143.984,21
Government,-37.86,145.152,520
Government,-37.463,144.597,440
Government,-38.194,143.644,25
Government,-37.753,144.921,387
Government,-37.741,144.968,346
Government,-37.62,144.346,147
Government,-37.595,145.092,844
Government,-38.347,141.599,256
Government,-37.056,142.774,259
Government,-36.056,146.461,177
Government,-37.461,144.681,285
Government,-37.904,143.723,42
Government,-38.176,144.383,147
Government,-38.108,147.074,465
Government,-37.687,143.368,66
Government,-37.841,144.986,435
Government,-37.967,147.085,92
Government,-37.141,144.35,74
Government,-38.292,142.369,174
Government,-37.325,144.409,125
Government,-37.682,145.012,176
Government,-36.355,146.329,148
Government,-36.014,146.398,92
Government,-37.353,144.533,378
Government,-38.317,142.485,156
Government,-37.907,144.659,531
Government,-37.07,144.207,115
Government,-36.29,146.731,65
Government,-37.412,144.975,753
Government,-38.187,142.432,91
Government,-37.214,144.088,16
Government,-38.559,146.675,127
Government,-37.557,143.839,350
Government,-37.213,145.428,128
Government,-37.275,144.726,190
Government,-37.614,144.478,71
Government,-38.341,143.786,115
Government,-37.912,145.123,221
Government,-36.444,146.432,63
Government,-36.803,144.162,99
Government,-36.79,143.552,2
Government,-37.827,147.623,260
Government,-37.584,144.105,141
Government,-37.31,144.132,42
Government,-38.03,144.396,888
Government,-38.154,146.774,99
Government,-36.733,146.961,514
Government,-36.355,144.698,181
Government,-37.286,142.937,223
Government,-37.301,146.14,14
Government,-37.748,145.007,397
Government,-37.1,147.593,38
Government,-36.888,147.065,29
Government,-38.006,145.089,249
Government,-37.657,145.516,222
Government,-37.72,142.838,92
Government,-38.057,146.625,55
Government,-37.355,143.637,53
Government,-37.149,142.852,18
Government,-37.964,146.977,230
Government,-36.423,145.889,25
Government,-37.677,144.011,41
Government,-38.327,143.078,123
Government,-38.172,144.715,173
Government,-37.754,145.354,221
Government,-36.757,144.265,196
Government,-37.401,144.894,50
Government,-37.684,143.561,21
Government,-37.521,143.874,74
Government,-36.533,147.379,9
Government,-37.833,145.058,552
Government,-37.64,144.886,593
Government,-37.193,145.712,156
Government,-37.732,144.662,615
Government,-38.047,144.17,799
Government,-37.606,145.146,167
Government,-37.169,143.704,37
Government,-37.649,145.372,117
Government,-36.788,144.234,313
Government,-37.676,144.896,463
Government,-37.598,144.728,400
Government,-37.672,145.152,235
Government,-37.348,144.62,76
Government,-36.786,144.501,101
Government,-37.838,145.194,752
Government,-36.771,143.828,21
Government,-37.814,145.082,574
Government,-37.894,145.228,136
Government,-37.052,143.813,228
Government,-37.79,145.437,132
Government,-37.705,145.382,20
Government,-37.923,141.277,17
Government,-37.563,144.877,255
Government,-36.574,143.87,50
Government,-37.082,144.261,54
Government,-37.434,144.746,48
Government,-37.678,143.826,86
Government,-37.805,145.033,512
Government,-37.589,143.722,232
Government,-38.342,144.741,280
Government,-37.555,143.802,527
Government,-36.603,143.946,13
Government,-38.299,145.189,147
Government,-36.312,146.836,185
Government,-36.788,145.157,161
Government,-37.982,146.785,122
Government,-37.942,145.039,545
Government,-37.056,146.085,508
Government,-36.156,146.725,16
Government,-37.843,147.068,84
Government,-37.801,147.453,122
Government,-37.203,145.046,349
Government,-36.617,145.214,69
Government,-37.642,145.24,147
Government,-37.525,143.935,10
Government,-37.05,142.822,29
Government,-37.704,147.833,72
Government,-35.347,143.543,516
Government,-36.699,146.911,103
Government,-38.187,144.465,873
Government,-38.101,144.055,194
Government,-37.86,145.066,408
Government,-37.438,143.47,8
Government,-36.775,144.28,324
Government,-37.596,143.845,98
Government,-38.527,146.877,47
Government,-38.191,142.929,25
Government,-37.842,144.952,430
Government,-37.864,144.9,460
Government,-38.412,144.887,338
Government,-38.267,144.656,165
Government,-38.318,141.572,133
Government,-36.984,143.712,44
Government,-36.974,141.082,25
Government,-36.804,144.353,538
Government,-38.118,145.201,515
Government,-37.813,147.631,539
Government,-37.424,145.058,202
Government,-37.791,144.973,297
Government,-36.995,144.066,90
Government,-37.777,145.533,429
Government,-37.302,142.768,31
Government,-37.654,143.886,567
Government,-37.512,145.749,38
Government,-37.171,144.49,2
Government,-37.36,145.028,488
Government,-38.456,145.241,523
Government,-37.405,144.218,28
Government,-37.955,143.339,26
Government,-37.726,145.116,95
Government,-36.762,144.249,234
Government,-38.282,141.614,36
Government,-36.901,143.111,12
Government,-36.258,142.391,111
Government,-36.593,146.383,17
Government,-36.942,143.468,3
Government,-37.792,144.989,691
Government,-37.654,145.304,9
Government,-36.215,147.174,90
Government,-36.453,145.431,60
Government,-38.195,145.092,450
Government,-38.524,145.369,148
Government,-36.453,142.03,85
Government,-36.505,146.587,26
Government,-37.103,146.257,16
Government,-37.969,144.134,112
Government,-36.442,146.361,76
Government,-37.772,144.997,303
Government,-37.799,144.951,910
Government,-37.988,145.22,479
Government,-37.187,144.388,69
Government,-37.856,144.892,601
Government,-35.732,143.921,57
Government,-38.087,145.872,239
Government,-37.843,144.078,71
Government,-36.707,144.237,269
Government,-36.391,145.36,237
Government,-37.758,144.787,776
Government,-37.602,144.231,231
Government,-37.578,143.858,129
Government,-36.445,145.23,186
Government,-36.491,145.344,121
Government,-36.47,145.142,7
Government,-36.317,146.893,40
Government,-38.148,145.124,241
Government,-36.367,142.985,81
Government,-37.472,144.977,753
Government,-37.645,145.026,319
Government,-37.869,144.988,437
Government,-37.792,143.608,13
Government,-37.756,145.702,71
Government,-37.097,145.101,30
Government,-36.101,146.676,60
Government,-37.784,144.984,363
Government,-38.139,144.347,259
Government,-37.731,145.01,646
Government,-38.208,145.378,283
Government,-37.824,145.034,244
Government,-36.497,144.609,30
Government,-36.331,145.683,14
Government,-37.912,145.002,550
Government,-36.741,141.95,31
Government,-36.623,142.476,255
Government,-36.83,144.242,221
Government,-37.291,143.792,96
Government,-36.677,142.87,3
Government,-36.355,146.694,198
Government,-36.385,145.313,8
Government,-37.296,144.948,477
Government,-38.031,142.001,24
Government,-38.281,144.487,416
Government,-37.717,144.836,374
Government,-36.852,143.734,88
Government,-36.185,146.468,5
Government,-37.388,144.328,85
Government,-37.574,143.928,32
Government,-36.744,144.21,551
Government,-36.632,142.629,25
Government,-36.617,144.505,46
Government,-37.894,145.089,451
Government,-38.174,144.267,124
Government,-37.856,145.034,529
Government,-37.345,144.142,192
Government,-36.329,145.298,32
Government,-37.821,147.865,102
Government,-37.184,143.399,16
Government,-38.4,143.886,52
Government,-38.169,144.572,388
Government,-36.61,143.258,110
Government,-38.467,142.734,59
Government,-37.419,144.563,232
Government,-37.579,145.203,22
Government,-38.373,144.824,416
Government,-37.421,145.709,40
Government,-36.99,143.321,11
Government,-38.17,147.088,178
Government,-38.001,145.345,106
Government,-38.376,145.123,312
Government,-36.329,146.461,29
Government,-36.756,145.572,115
Government,-36.047,144.114,104
Government,-36.4,145.479,196
Government,-37.816,147.748,70
Government,-36.466,145.389,222
Government,-37.478,143.795,353
Government,-36.46,146.222,107
Government,-38.377,142.483,370
Government,-36.276,145.219,11
Government,-36.469,147.015,23
Government,-36.842,144.388,49
Government,-37.825,145.422,13
Government,-37.539,143.828,116
Government,-36.313,145.133,35
Government,-36.54,144.205,17
Government,-37.003,145.034,189
Government,-37.006,143.136,10
Government,-37.912,145.276,482
Government,-36.516,146.081,3
Government,-36.369,145.13,15
Government,-36.121,147.096,37
Government,-37.809,144.999,168
Government,-38.146,144.337,193
Government,-37.857,144.996,125
Government,-37.979,145.317,337
Government,-37.498,148.181,23
Government,-37.913,144.255,69
Government,-38.171,144.424,197
Government,-37.806,144.9,455
Government,-37.312,144.595,50
Government,-37.67,145.077,737
Government,-36.728,144.304,586
Government,-37.629,144.102,10
Government,-38.133,145.854,504
Government,-36.151,145.431,31
Government,-37.433,142.858,22
Government,-38.028,145.901,49
Government,-36.066,147.159,36
Government,-37.558,144.007,23
Government,-37.965,144.5,102
Government,-38.014,146.699,24
Government,-37.653,145.095,375
Government,-36.756,144.278,251
Government,-37.117,144.857,82
Government,-38.244,143.984,141
Government,-38.099,145.938,143
Government,-37.551,143.857,83
Government,-38.361,143.584,229
Government,-38.222,145.043,424
Government,-37.726,141.995,167
Government,-37.429,143.786,79
Government,-37.409,143.891,58
Government,-37.55,143.87,397
Government,-37.922,144.996,264
Government,-37.058,144.219,278
Government,-37.641,145.133,634
Government,-37.587,141.405,100
Government,-36.058,145.206,165
Government,-38.155,144.345,408
Government,-37.704,145.099,159
Government,-38.029,144.055,250
Government,-38.112,145.289,235
Government,-36.077,145.685,37
Government,-37.364,143.175,16
Government,-35.91,144.302,11
Government,-37.514,145.114,395
Government,-37.543,143.895,84
Government,-37.566,143.831,278
Government,-38.156,145.928,261
Government,-37.692,145.215,203
Government,-38.297,146.541,117
Government,-37.602,141.684,32
Government,-38.203,145.758,43
Government,-36.09,145.445,152
Government,-38.175,146.264,111
Government,-38.157,144.359,326
Government,-37.843,145.259,155
Government,-36.463,142.584,25
Government,-37.933,145.197,426
Government,-38.209,146.061,202
Government,-38.149,146.478,71
Government,-38.215,146.16,359
Government,-37.522,145.357,70
Government,-38.24,145.936,26
Government,-37.766,147.845,84
Government,-36.181,146.948,162
Government,-36.161,145.879,31
Government,-38.099,145.713,176
Government,-35.955,144.372,34
Government,-38.083,145.573,192
Government,-38.665,146.328,105
Government,-37.809,145.344,566
Government,-35.635,144.13,94
Government,-37.616,143.843,103
Government,-36.691,147.143,50
Government,-38.262,146.232,20
Government,-38.171,145.827,202
Government,-36.465,147.251,23
Government,-38.188,146.0,175
Government,-38.248,145.105,242
Government,-37.85,145.307,583
Government,-37.911,147.715,89
Government,-36.705,144.313,425
Government,-37.793,144.928,427
Government,-38.268,146.448,140
Government,-38.4,146.151,278
Government,-38.321,146.329,230
Government,-38.015,145.955,148
Government,-37.767,145.043,557
Government,-38.116,144.655,150
Government,-37.918,145.395,67
Government,-37.858,144.978,314
Government,-38.038,145.805,80
Government,-37.623,144.709,560
Government,-38.114,145.769,135
Government,-37.952,145.545,261
Government,-38.107,147.04,40
Government,-38.071,146.177,66
Government,-37.832,145.598,4
Government,-37.996,145.415,317
Government,-36.3,145.434,90
Government,-37.02,144.531,12
Government,-37.872,145.038,563
Government,-37.782,145.571,137
Government,-37.802,144.97,435
Government,-37.774,144.926,265
Government,-38.383,146.269,28
Government,-38.355,144.909,561
Government,-38.195,145.493,314
Government,-37.852,145.018,254
Government,-38.257,145.04,638
Government,-38.224,145.179,400
Government,-37.545,142.739,13
Government,-36.134,144.761,294
Government,-37.876,147.994,190
Government,-36.738,146.318,37
Government,-36.808,145.422,53
Government,-38.516,143.714,30
Government,-37.778,145.02,556
Government,-38.166,145.974,75
Government,-38.09,145.674,130
Government,-38.369,146.365,16
Government,-38.058,145.41,141
Government,-37.779,144.972,317
Government,-38.631,145.729,461
Government,-37.826,145.101,358
Government,-37.831,144.95,16
Government,-35.924,145.479,58
Government,-35.964,147.732,10
Government,-37.848,144.958,393
Government,-37.774,145.464,163
Government,-37.815,144.885,651
Government,-37.755,144.966,350
Government,-38.119,146.252,10
Government,-37.193,142.609,22
Government,-37.891,144.997,463
Government,-38.128,146.571,145
Government,-37.891,145.055,566
Government,-38.263,145.57,182
Government,-37.768,144.91,289
Government,-37.808,145.193,490
Government,-38.369,145.703,129
Government,-34.194,142.16,338
Government,-37.817,145.157,440
Government,-37.735,148.434,41
Government,-37.836,144.933,697
Government,-37.82,145.051,381
Government,-37.983,145.068,299
Government,-37.781,144.968,327
Government,-37.703,145.184,219
Government,-38.203,145.232,679
Government,-37.827,147.434,13
Government,-38.288,146.179,45
Government,-37.739,144.796,256
Government,-38.479,145.959,582
Government,-36.141,141.984,14
Government,-37.845,145.01,439
Government,-38.199,145.181,216
Government,-38.695,146.084,114
Government,-38.049,145.372,603
Government,-37.883,147.852,47
Government,-38.513,145.357,154
Government,-37.137,142.517,33
Government,-36.239,145.437,59
Government,-37.907,145.034,318
Government,-38.435,145.826,343
Government,-38.36,145.201,251
Government,-37.731,144.938,456
Government,-37.317,145.291,27
Government,-38.264,144.522,619
Government,-35.945,142.418,27
Government,-37.777,144.988,442
Government,-37.791,144.831,198
Government,-38.261,145.167,425
Government,-37.762,145.009,616
Government,-36.355,147.113,20
Government,-37.787,145.004,261
Government,-37.796,145.049,404
Government,-34.209,142.205,382
Government,-34.227,142.159,330
Government,-37.765,144.98,279
Government,-37.892,147.68,170
Government,-37.779,145.606,220
Government,-37.861,145.355,29
Government,-37.884,145.335,127
Government,-37.535,145.473,15
Government,-37.731,145.274,412
Government,-37.481,145.26,130
Government,-37.877,145.41,214
Government,-35.465,143.632,62
Government,-37.606,145.489,67
Government,-37.831,145.362,152
Government,-37.68,145.533,233
Government,-37.505,145.316,81
Government,-38.274,144.621,125
Government,-38.515,145.713,32
Government,-37.927,145.103,334
Government,-38.045,145.139,415
Government,-38.218,144.507,137
Government,-37.907,145.345,361
Government,-38.322,144.313,617
Government,-37.933,145.442,445
Government,-38.078,145.126,369
Government,-38.336,145.675,29
Government,-37.745,144.559,326
Government,-37.881,145.124,751
Government,-37.796,148.535,50
Government,-37.886,145.07,555
Government,-37.769,145.647,77
Government,-34.278,142.085,59
Government,-37.774,145.247,375
Government,-37.259,144.888,58
Government,-37.855,145.366,13
Government,-38.564,143.395,4
Government,-36.793,144.284,426
Government,-37.559,149.754,126
Government,-38.16,145.19,663
Government,-37.939,145.496,306
Government,-38.262,145.193,142
Government,-37.93,145.359,375
Government,-37.702,144.762,993
Government,-37.831,145.084,639
Government,-34.206,142.093,267
Government,-38.193,146.537,535
Government,-37.765,144.949,441
Government,-37.716,144.974,238
Government,-37.784,145.032,365
Government,-38.211,145.96,17
Government,-38.095,145.187,517
Government,-37.695,145.043,110
Government,-37.89,145.475,133
Government,-37.97,145.022,489
Government,-37.791,145.389,397
Government,-37.802,145.315,114
Government,-38.608,145.589,371
Government,-37.831,144.882,289
Government,-38.132,145.326,518
Government,-37.971,145.174,292
Government,-37.808,145.061,353
Government,-37.702,147.659,32
Government,-36.768,144.308,581
Government,-38.146,145.424,189
Government,-36.357,145.431,352
Government,-34.252,142.191,366
Government,-37.894,145.046,308
Government,-36.313,144.778,8
Government,-37.856,145.217,53
Government,-38.599,145.6,151
Government,-37.708,144.574,972
Government,-38.055,145.122,360
Government,-37.933,145.003,628
Government,-37.85,144.982,61
Government,-37.795,144.415,72
Government,-38.037,145.113,525
Government,-36.41,145.441,384
Government,-37.755,145.014,160
Government,-35.171,141.814,16
Government,-37.872,145.022,536
Government,-38.104,145.13,230
Government,-37.843,145.098,251
Government,-35.529,143.951,25
Government,-37.737,144.996,670
Government,-37.755,144.997,308
Government,-37.795,144.875,672
Government,-37.77,145.409,311
Government,-37.905,145.015,617
Government,-37.985,145.038,558
Government,-37.57,149.153,34
Government,-37.868,144.823,512
Government,-38.162,145.301,305
Government,-37.896,145.314,80
Government,-37.234,145.907,16
Government,-38.34,145.172,78
Government,-36.59,144.802,59
Government,-36.448,144.988,16
Government,-37.636,145.198,141
Government,-37.747,144.948,370
Government,-37.882,144.988,618
Government,-37.813,145.103,605
Government,-37.547,145.27,28
Government,-37.76,145.587,39
Government,-37.711,145.007,312
Government,-38.163,146.362,100
Government,-37.853,148.051,129
Government,-36.398,144.974,27
Government,-37.821,145.651,23
Government,-34.18,142.152,450
Government,-37.763,144.934,290
Government,-37.813,144.875,426
Government,-37.885,145.37,91
Government,-37.741,144.903,629
Government,-37.781,144.911,278
Government,-37.848,145.084,570
Government,-34.312,142.185,138
Government,-37.668,145.182,147
Government,-38.03,145.253,432
Government,-38.336,143.58,62
Government,-37.859,145.289,494
Government,-37.875,145.005,256
Government,-37.718,145.122,415
Government,-38.242,144.177,232
Government,-37.793,145.231,471
Government,-34.305,142.214,126
Government,-37.872,145.056,385
Government,-37.829,145.296,211
Government,-37.716,144.936,422
Government,-37.894,144.726,1306
Government,-37.788,144.883,630
Government,-38.026,147.114,18
Government,-37.848,145.063,423
Government,-37.993,145.083,631
Government,-37.906,145.078,572
Government,-37.776,145.006,550
Government,-37.84,145.045,549
Government,-38.02,145.1,477
Government,-37.7,145.151,475
Government,-38.378,142.456,184
Government,-37.981,145.2,311
Government,-37.766,145.272,244
Government,-37.757,144.896,374
Government,-38.136,144.333,469
Government,-37.866,147.888,32
Government,-37.982,145.132,375
Government,-34.288,142.145,100
Government,-37.778,144.82,189
Government,-36.358,145.462,5
Government,-38.703,145.867,34
Government,-38.119,145.142,141
Government,-37.771,144.943,430
Government,-37.748,144.991,440
Government,-37.817,145.092,241
Government,-37.895,145.03,472
Government,-37.862,145.084,444
Government,-37.921,145.027,788
Government,-38.396,144.192,162
Government,-37.708,145.116,203
Government,-36.277,145.405,10
Government,-37.908,145.053,794
Government,-37.941,145.116,102
Government,-37.775,145.059,480
Government,-38.075,147.132,46
Government,-34.213,142.127,457
Government,-38.166,144.379,164
Government,-37.757,144.943,375
Government,-36.225,145.561,76
Government,-38.039,145.317,309
Government,-37.957,145.022,432
Government,-37.865,144.84,298
Government,-38.392,145.165,209
Government,-37.903,145.333,129
Government,-37.736,144.952,509
Government,-37.735,145.063,343
Government,-37.873,145.237,233
Government,-37.736,144.917,304
Government,-37.796,145.076,554
Government,-37.873,145.073,337
Government,-36.354,146.305,486
Government,-36.739,147.172,90
Government,-37.73,144.985,437
Government,-38.189,146.293,94
Government,-38.19,146.524,445
Government,-36.367,145.396,196
Government,-38.369,144.857,145
Government,-38.183,146.26,241
Government,-38.174,144.33,249
Government,-36.39,145.406,483
Government,-37.881,145.082,258
Government,-38.179,146.294,299
Government,-37.804,145.081,41
Government,-37.764,144.987,130
Government,-38.13,144.332,267
Government,-38.147,145.146,160
Government,-37.911,145.367,165
Government,-37.721,145.021,276
Government,-37.933,145.049,393
Government,-35.999,145.456,95
Government,-37.54,143.863,330
Government,-36.153,146.927,280
Government,-37.801,145.096,434
Government,-38.148,145.94,480
Government,-36.717,142.18,603
Government,-38.199,146.515,318
Government,-38.202,146.551,279
Government,-37.817,145.252,555
Government,-37.746,144.936,308
Government,-37.671,145.026,228
Government,-37.722,144.991,600
Government,-37.92,145.073,795
Government,-37.808,145.152,441
Government,-37.913,145.102,414
Government,-37.801,145.123,232
Government,-37.875,145.299,289
Government,-37.277,142.921,257
Government,-37.716,144.915,388
Government,-37.977,145.215,798
Government,-37.825,147.608,328
Government,-36.738,144.279,221
Government,-37.954,145.18,240
Government,-37.721,144.949,355
Government,-37.782,145.079,126
Government,-38.179,144.342,224
Government,-38.19,146.247,78
Government,-37.744,144.811,354
Government,-36.367,145.413,589
Government,-35.331,143.546,184
Government,-37.792,144.817,360
Government,-37.772,144.837,234
Government,-37.743,145.078,618
Government,-38.365,141.611,142
Government,-37.735,145.075,557
Government,-37.965,145.068,392
Government,-38.148,145.245,376
Government,-36.373,146.317,130
Government,-37.552,143.819,453
Government,-37.734,145.029,201
Government,-38.114,144.338,334
Government,-37.583,144.933,458
Government,-38.389,142.497,496
Government,-38.344,143.572,129
Government,-37.748,142.034,67
Government,-37.915,145.057,668
Government,-38.16,145.127,680
Government,-37.82,144.875,626
Government,-37.78,144.855,145
Government,-38.067,145.127,367
Government,-37.963,145.159,209
Government,-37.974,145.036,477
Government,-38.118,144.328,290
Government,-37.97,145.192,214
Government,-37.828,145.181,388
Government,-37.706,144.909,333
Government,-37.998,145.212,607
Government,-37.732,144.802,164
Government,-37.766,144.862,433
Government,-37.797,145.159,811
Government,-36.122,146.877,289
Government,-38.162,145.147,458
Government,-37.804,145.135,572
Government,-37.83,145.258,570
Government,-37.722,144.909,632
Government,-37.923,145.095,1038
Government,-37.68,145.025,331
Government,-37.889,145.112,443
Government,-37.935,145.069,324
Government,-37.987,145.088,411
Government,-37.816,145.206,529
Government,-37.716,145.037,137
Government,-37.781,144.8,139
Government,-37.942,145.136,309
Government,-37.702,144.88,206
Government,-38.096,147.084,267
Government,-37.78,145.216,338
Government,-37.763,144.824,184
Government,-37.828,145.166,542
Government,-37.827,145.139,619
Government,-38.101,144.327,326
Government,-37.8,145.178,214
Government,-38.179,144.32,623
Government,-37.89,145.142,947
Government,-37.68,144.929,252
Government,-37.696,144.967,205
Government,-37.738,144.866,254
Government,-37.794,145.264,93
Government,-37.844,145.176,121
Government,-38.016,144.411,439
Government,-37.798,145.239,261
Government,-38.104,145.277,313
Government,-37.735,145.09,656
Government,-37.692,145.119,499
Government,-37.913,145.327,321
Government,-38.499,143.208,53
Government,-37.711,145.155,652
Government,-38.11,145.147,288
Government,-37.863,145.115,617
Government,-37.886,145.269,432
Government,-37.869,145.266,104
Government,-37.859,145.279,35
Government,-37.942,145.056,368
Government,-37.803,145.218,215
Government,-37.699,144.919,167
Government,-37.799,145.297,488
Government,-37.969,145.208,371
Government,-38.154,144.327,405
Government,-38.138,145.152,239
Government,-37.883,145.178,920
Government,-37.879,145.143,334
Government,-37.725,145.129,620
Government,-37.837,144.849,217
Government,-37.847,145.164,442
Government,-37.066,142.771,93
Government,-37.715,145.101,522
Government,-37.523,143.835,232
Government,-37.796,145.325,91
Government,-38.126,145.157,148
Government,-36.398,145.406,232
Government,-37.707,145.063,306
Government,-37.755,144.803,229
Government,-37.748,144.81,213
Government,-35.741,143.927,106
Government,-37.672,144.927,380
Government,-37.662,144.931,250
Government,-37.98,145.083,186
Government,-37.8,145.174,289
Government,-38.106,144.336,292
Government,-37.845,145.296,507
Government,-37.888,145.162,171
Government,-38.311,146.415,212
Government,-38.166,144.316,563
Government,-37.855,145.261,339
Government,-38.09,145.134,444
Government,-38.228,146.424,332
Government,-37.677,145.035,213
Government,-37.756,144.814,322
Government,-37.796,144.969,114
Government,-38.188,144.338,99
Government,-37.761,145.109,309
Government,-37.866,145.174,368
Government,-37.701,145.081,541
Government,-37.96,145.217,263
Government,-37.884,145.251,312
Government,-37.793,145.113,576
Government,-37.275,142.94,49
Government,-38.174,145.121,834
Government,-37.679,145.001,204
Government,-37.923,145.238,439
Government,-37.873,144.696,344
Government,-38.147,145.158,156
Government,-37.575,144.713,230
Government,-37.688,144.887,408
Government,-37.772,145.309,158
Government,-37.867,145.159,886
Government,-37.774,145.321,541
Government,-37.876,145.278,247
Government,-37.709,145.13,64
Government,-37.787,145.166,550
Government,-36.398,145.391,475
Government,-38.108,147.089,104
Government,-37.851,145.181,140
Government,-37.702,145.075,424
Government,-37.771,144.765,389
Government,-37.674,144.966,148
Government,-37.664,145.029,330
Government,-37.678,144.568,520
Government,-37.673,145.166,466
Government,-37.914,145.173,561
Government,-37.85,145.253,223
Government,-38.226,145.058,225
Government,-36.14,146.894,416
Government,-38.117,145.162,225
Government,-37.814,144.996,281
Government,-37.836,145.233,124
Government,-37.736,144.781,185
Government,-37.78,145.369,666
Government,-37.884,144.692,348
Government,-37.799,144.814,141
Government,-38.141,145.166,93
Government,-37.98,145.171,606
Government,-37.756,145.336,231
Government,-37.787,145.336,569
Government,-37.79,144.799,139
Government,-37.811,145.323,76
Government,-36.864,147.28,44
Government,-37.786,144.935,109
Government,-38.009,145.295,545
Government,-37.818,145.265,328
Government,-38.208,144.329,324
Government,-38.192,146.257,166
Government,-38.147,145.163,159
Government,-37.883,145.263,197
Government,-37.756,144.775,307
Government,-37.944,145.214,258
Government,-36.38,145.346,168
Government,-37.695,144.571,601
Government,-37.894,144.644,291
Government,-37.69,144.898,312
Government,-37.901,145.178,699
Government,-37.86,145.107,127
Government,-37.681,144.913,210
Government,-37.763,145.095,273
Government,-37.963,145.079,184
Government,-37.748,145.208,178
Government,-37.914,145.184,94
Government,-37.983,145.123,567
Government,-37.777,144.932,103
Government,-37.865,145.188,426
Government,-37.853,145.181,612
Government,-38.305,146.417,118
Government,-37.754,144.818,425
Government,-37.949,145.193,406
Government,-37.79,145.254,424
Government,-38.178,144.395,153
Government,-37.733,145.383,85
Government,-37.756,145.143,548
Government,-38.035,145.261,501
Government,-37.855,145.236,537
Government,-37.81,145.286,525
Government,-38.374,144.884,242
Government,-37.682,144.993,252
Government,-38.168,145.156,382
Government,-37.979,145.246,169
Government,-37.738,144.776,124
Government,-38.188,145.101,514
Government,-36.131,146.861,338
Government,-38.014,145.097,189
Government,-38.143,145.17,124
Government,-37.837,144.942,99
Government,-35.926,145.652,66
Government,-37.907,145.166,202
Government,-37.896,144.629,516
Government,-36.367,145.415,234
Government,-37.859,145.178,154
Government,-37.675,145.066,529
Government,-37.687,145.112,136
Government,-37.681,144.568,406
Government,-37.949,145.154,200
Government,-37.884,144.688,703
Government,-37.77,145.156,1231
Government,-38.276,145.014,544
Government,-37.868,144.78,235
Government,-37.892,145.394,286
Government,-37.903,145.193,536
Government,-37.744,144.774,313
Government,-37.566,144.728,358
Government,-38.188,145.076,762
Government,-37.687,145.11,675
Government,-38.2,144.328,352
Government,-37.66,144.918,259
Government,-38.103,145.268,594
Government,-38.07,145.145,521
Government,-38.105,145.154,169
Government,-37.825,145.339,438
Government,-37.75,145.311,411
Government,-38.431,145.489,198
Government,-37.861,145.233,720
Government,-37.581,144.707,495
Government,-37.655,144.437,505
Government,-37.585,143.819,641
Government,-38.298,145.173,85
Government,-37.968,145.268,267
Government,-37.676,144.555,848
Government,-36.342,146.301,192
Government,-37.816,145.281,106
Government,-37.774,145.175,742
Government,-38.031,145.327,489
Government,-37.761,144.827,67
Government,-37.596,144.729,283
Government,-37.7,145.03,525
Government,-38.203,146.551,84
Government,-36.123,146.855,158
Government,-37.857,145.142,79
Government,-36.344,146.3,171
Government,-37.65,144.924,400
Government,-38.362,141.592,86
Government,-38.342,145.01,160
Government,-37.97,145.248,257
Government,-38.087,145.276,347
Government,-37.882,145.23,458
Government,-37.988,145.265,210
Government,-37.733,144.767,367
Government,-38.008,145.296,201
Government,-38.226,145.057,24
Government,-37.943,145.057,48
Government,-37.766,145.327,409
Government,-37.609,144.936,545
Government,-37.667,145.051,278
Government,-38.058,147.567,21
Government,-37.775,145.385,89
Government,-38.336,143.566,82
Government,-37.581,144.752,351
Government,-34.2,142.144,177
Government,-37.927,145.062,294
Government,-37.871,144.711,583
Government,-37.777,145.272,737
Government,-37.67,144.586,590
Government,-38.151,145.202,585
Government,-37.709,144.794,678
Government,-37.69,145.14,554
Government,-37.741,144.976,67
Government,-37.803,144.82,193
Government,-35.349,143.545,85
Government,-37.83,145.0,316
Government,-37.815,145.007,249
Government,-37.058,142.784,50
Government,-36.708,142.187,106
Government,-38.323,143.063,67
Government,-38.355,142.478,189
Government,-37.818,144.884,100
Government,-38.165,144.554,472
Government,-37.918,145.262,527
Government,-38.346,141.596,74
Government,-37.727,142.022,34
Government,-37.667,145.015,129
Government,-37.84,145.147,592
Government,-37.643,145.053,384
Government,-37.887,144.785,418
Government,-37.789,145.088,278
Government,-38.165,145.924,128
Government,-36.249,142.387,29
Government,-38.043,145.275,393
Government,-38.004,145.304,248
Government,-37.98,145.274,629
Government,-37.905,145.263,422
Government,-37.717,144.777,300
Government,-36.796,144.24,167
Government,-36.138,144.725,106
Government,-38.023,145.117,592
Government,-38.05,145.334,895
Government,-38.053,145.347,1017
Government,-37.88,145.286,200
Government,-37.867,144.676,660
Government,-38.104,145.192,781
Government,-37.86,144.691,827
Government,-38.136,145.205,861
Government,-37.657,145.051,563
Government,-37.718,144.792,180
Government,-37.879,144.758,898
Government,-37.591,144.921,626
Government,-37.903,144.638,295
Government,-37.934,145.243,314
Government,-34.193,142.133,418
Government,-38.034,145.279,404
Government,-37.564,144.705,317
Government,-38.261,144.542,545
Government,-38.006,145.316,1003
Government,-37.878,144.659,527
Government,-36.634,145.717,51
Government,-38.179,144.328,161
Government,-37.656,144.423,556
Government,-38.061,145.496,499
Government,-38.081,145.283,750
Government,-38.23,145.168,156
Government,-37.94,143.217,72
Government,-38.086,142.81,191
Government,-37.856,141.799,10
Government,-38.241,144.32,362
Government,-38.286,142.523,96
Government,-38.253,141.717,69
Government,-37.573,143.876,235
Government,-37.555,143.894,215
Government,-35.344,142.427,16
Government,-37.959,146.399,8
Government,-38.024,147.012,26
Government,-38.205,145.88,71
Government,-37.922,145.95,15
Government,-38.054,146.875,79
Government,-38.666,146.431,32
Government,-36.766,146.412,34
Government,-36.618,146.236,27
Government,-36.435,146.545,9
Government,-34.474,142.358,37
Government,-35.509,142.854,126
Government,-37.003,144.257,73
Government,-35.232,143.479,32
Government,-37.731,144.878,299
Government,-37.607,144.595,155
Government,-37.863,145.107,188
Government,-38.125,145.133,190
Government,-37.835,145.126,303
Government,-38.579,146.015,145
Government,-38.177,145.566,161
Government,-37.959,145.068,215
Government,-38.56,145.546,47
Government,-37.875,145.168,970
Government,-37.892,145.247,64
Government,-37.928,145.173,207
Government,-37.9,145.108,345
Government,-37.861,145.254,75
Government,-37.868,145.142,541
Government,-37.83,145.206,689
Government,-37.033,141.299,128
Government,-35.266,141.177,66
Government,-38.107,142.319,174
Government,-37.942,145.189,681
Government,-37.897,145.166,300
Government,-37.722,145.101,144
Government,-35.29,143.454,75
Government,-37.644,143.684,326
Government,-37.753,145.652,47
Government,-38.294,146.703,48
Government,-37.632,144.917,334
Government,-38.165,144.395,142
Government,-37.792,144.856,217
Government,-37.701,144.944,159
Government,-37.782,145.148,785
Government,-35.186,143.343,42
Government,-38.063,145.286,761
Government,-38.11,145.296,482
Government,-37.824,145.238,566
Government,-38.016,145.323,594
Government,-37.699,144.744,495
Government,-38.065,145.307,782
Government,-37.746,144.737,1225
Government,-37.734,144.737,1287
Government,-37.747,144.736,976
Government,-37.634,144.931,345
Government,-37.885,144.743,848
Government,-38.246,145.061,585
Government,-37.888,145.02,312
Government,-37.829,147.599,95
Government,-37.617,144.923,633
Government,-38.052,145.249,777
Government,-38.478,145.957,67
Government,-37.586,145.126,968
Government,-38.067,145.347,700
Government,-38.068,145.439,704
Government,-38.084,145.47,687
Government,-37.717,144.76,575
Government,-38.087,145.289,588
Government,-37.79,144.765,574
Government,-37.629,145.025,684
Government,-37.528,143.82,209
Government,-37.705,145.022,288
Government,-37.808,145.167,302
Government,-36.771,144.257,262
Government,-37.664,145.001,408
Government,-37.992,145.18,419
Government,-37.983,145.154,382
Government,-37.965,145.206,446
Government,-37.97,145.151,402
Government,-37.939,145.159,451
Government,-37.959,145.14,263
Government,-37.718,144.809,396
Government,-37.697,145.003,140
Government,-38.242,143.503,78
Government,-38.754,143.661,340
Government,-37.88,146.979,187
Government,-35.925,145.651,268
Government,-35.806,144.213,156
Government,-37.803,144.99,691
Government,-37.639,142.34,77
Government,-36.372,144.141,256
Government,-38.657,146.202,135
Government,-36.716,141.483,74
Government,-38.128,141.613,105
Government,-36.251,147.039,138
Government,-38.682,143.383,57
Government,-36.266,144.537,143
Government,-35.056,142.885,58
Government,-38.246,142.921,246
Government,-37.706,141.548,11
Government,-36.583,145.014,171
Government,-37.725,145.072,545
Government,-38.065,145.465,594
Government,-38.342,145.77,101
Government,-38.387,142.228,152
Government,-38.366,144.997,489
Government,-37.868,145.349,95
Government,-36.252,144.957,140
Government,-34.39,141.594,30
Government,-38.24,143.145,381
Government,-38.484,142.975,504
Government,-37.762,145.026,6248
Government,-36.417,143.617,205
Government,-38.174,145.146,490
Government,-37.809,145.112,281
Government,-38.324,143.064,126
Government,-38.075,145.271,832
Government,-37.335,144.152,417
Government,-38.343,145.014,1752
Government,-38.211,144.327,693
Government,-34.232,142.165,630
Government,-36.791,144.234,925
Government,-37.668,145.014,101
Government,-37.746,145.341,860
Government,-37.708,144.568,1705
Government,-34.196,142.148,722
Government,-37.928,145.06,936
Government,-37.607,143.877,982
Government,-37.747,144.886,1109
Government,-37.74,145.025,367
Government,-37.828,144.965,344
Government,-38.359,142.459,866
Government,-37.889,144.653,1263
Government,-36.739,144.298,812
Government,-37.515,145.12,723
Government,-37.194,145.701,324
Government,-37.554,143.818,1461
Government,-37.798,145.077,2260
Government,-37.839,145.262,256
Government,-37.438,143.383,201
Government,-36.347,146.691,282
Government,-38.176,144.331,1291
Government,-38.031,145.364,1626
Government,-37.81,145.15,1289
Government,-37.82,145.138,1547
Government,-37.778,144.848,1373
Government,-37.9,145.166,1565
Government,-37.92,145.019,873
Government,-37.204,145.04,814
Government,-37.747,144.898,888
Government,-37.83,145.073,824
Government,-37.82,145.07,775
Government,-37.589,141.387,106
Government,-37.953,145.069,759
Government,-35.914,145.654,457
Government,-35.814,144.226,188
Government,-38.108,145.286,1139
Government,-37.789,145.281,143
Government,-37.782,144.933,827
Government,-36.45,142.034,124
Government,-37.782,145.159,2211
Government,-36.371,142.977,93
Government,-37.785,145.138,1157
Government,-38.145,145.851,1113
Government,-36.72,144.263,561
Government,-37.725,145.142,1326
Government,-37.882,144.984,804
Government,-37.644,145.033,975
Government,-36.758,145.565,273
Government,-37.873,145.258,404
Government,-36.776,144.299,1030
Government,-38.652,146.197,260
Government,-38.161,145.128,1964
Government,-38.153,144.374,976
Government,-38.11,144.341,989
Government,-37.498,144.585,961
Government,-37.689,144.891,1309
Government,-37.708,145.062,540
Government,-38.308,145.175,747
Government,-37.644,145.532,310
Government,-38.129,141.62,72
Government,-37.866,145.177,1220
Government,-35.735,142.366,73
Government,-35.726,143.914,244
Government,-37.788,144.926,95
Government,-37.795,145.062,1015
Government,-37.803,145.115,1232
Government,-38.197,145.496,846
Government,-38.444,145.804,437
Government,-36.317,145.056,890
Government,-37.251,144.458,627
Government,-37.672,145.031,1110
Government,-37.661,145.035,355
Government,-37.761,145.345,1424
Government,-37.958,145.207,850
Government,-37.816,145.002,79
Government,-37.965,146.982,549
Government,-37.063,146.089,481
Government,-37.78,144.889,1361
Government,-37.795,145.261,663
Government,-38.149,144.353,614
Government,-37.837,144.995,1402
Government,-37.682,144.567,1433
Government,-37.98,145.054,1102
Government,-38.4,146.149,322
Government,-37.883,145.428,583
Government,-37.714,145.114,1085
Government,-37.775,145.314,934
Government,-38.012,145.092,1218
Government,-36.74,147.167,153
Government,-38.19,145.094,791
Government,-37.869,145.132,1862
Government,-37.912,145.049,3052
Government,-37.836,144.972,1195
Government,-36.06,145.208,120
Government,-38.017,145.957,223
Government,-38.171,144.395,515
Government,-37.774,144.99,1668
Government,-37.8,145.238,1083
Government,-36.08,145.446,263
Government,-38.231,144.364,1074
Government,-35.065,142.323,196
Government,-38.069,145.471,1030
Government,-37.99,145.094,1418
Government,-37.718,144.935,719
Government,-37.783,144.965,862
Government,-38.191,144.557,1147
Government,-34.299,142.195,348
Government,-37.817,145.239,1516
Government,-36.353,144.699,343
Government,-38.368,144.887,965
Government,-36.063,146.452,306
Government,-37.889,145.236,244
Government,-37.745,144.807,1715
Government,-36.61,143.251,168
Government,-37.874,145.034,622
Government,-37.737,144.927,1958
Government,-37.574,144.729,980
Government,-37.772,144.962,107
Government,-36.22,147.173,308
Government,-37.679,145.003,461
Government,-38.215,146.158,682
Government,-37.797,144.956,1983
Government,-37.631,144.929,1041
Government,-37.792,145.624,736
Government,-37.903,145.334,744
Government,-37.843,145.2,1650
Government,-38.054,145.347,2369
Government,-38.094,145.198,928
Government,-36.344,146.309,595
Government,-37.858,145.231,1458
Government,-36.258,142.392,175
Government,-37.747,145.185,278
Government,-37.935,145.17,1643
Government,-37.906,144.669,1637
Government,-37.829,147.606,1213
Government,-37.94,145.136,710
Government,-37.91,145.181,711
Government,-38.567,146.685,277
Government,-37.215,145.409,283
Government,-37.886,145.038,883
Government,-37.609,144.936,1008
Government,-37.924,145.459,620
Government,-37.722,145.03,629
Government,-38.035,145.259,1234
Government,-37.871,144.695,1467
Government,-37.716,144.812,1223
Government,-38.229,146.433,1302
Government,-37.673,144.586,873
Government,-37.871,147.998,167
Government,-38.159,145.19,1572
Government,-37.584,144.705,789
Government,-37.848,145.164,356
Government,-38.083,145.135,1268
Government,-37.687,145.14,1414
Government,-37.062,142.79,333
Government,-37.924,145.237,1887
Government,-37.785,144.987,431
Government,-37.864,145.103,989
Government,-37.807,145.19,625
Government,-38.479,145.961,607
Government,-37.672,145.168,818
Government,-37.709,145.09,591
Government,-37.286,142.922,332
Government,-37.664,145.063,976
Government,-37.686,144.433,987
Government,-37.858,144.675,1919
Government,-37.707,144.794,1280
Government,-37.793,144.814,1217
Government,-37.419,144.98,948
Government,-37.756,145.025,1123
Government,-38.359,141.596,505
Government,-37.858,144.885,958
Government,-37.922,145.09,950
Government,-35.335,143.553,747
Government,-38.218,145.059,799
Government,-37.744,144.868,697
Government,-37.771,144.957,1074
Government,-37.878,145.163,2417
Government,-38.127,145.148,462
Government,-38.377,142.5,1070
Government,-37.741,145.087,1427
Government,-37.97,145.182,592
Government,-37.733,142.015,333
Government,-37.838,145.232,667
Government,-36.708,142.187,1010
Government,-37.823,145.014,1531
Government,-38.123,144.329,1060
Government,-38.177,146.286,1073
Government,-37.767,145.122,1227
Government,-37.077,144.215,695
Government,-38.165,145.925,662
Government,-37.52,143.834,678
Government,-36.27,143.36,123
Government,-36.076,143.229,90
Government,-35.984,142.91,162
Government,-36.333,141.659,239
Government,-38.147,145.158,1089
Government,-38.05,145.286,2404
Government,-38.018,144.412,658
Government,-36.383,141.245,134
Government,-36.193,147.911,257
Government,-37.635,145.077,688
Government,-37.874,144.602,2881
Government,-36.131,146.891,996
Government,-37.579,144.922,2788
Government,-37.862,144.817,796
Government,-37.979,145.209,1378
Government,-38.61,145.598,74
Government,-37.856,144.773,678
Government,-38.351,143.59,476
Government,-38.039,145.336,825
Government,-37.967,145.159,2194
Government,-37.974,145.276,1267
Government,-38.006,145.295,1211
Government,-37.241,141.827,86
Government,-38.073,145.311,2011
Government,-38.227,145.168,582
Government,-36.021,146.007,1008
Government,-34.169,142.071,644
Government,-37.729,145.06,741
Government,-37.74,144.786,1350
Government,-37.267,147.724,89
Government,-37.705,144.928,454
Government,-37.703,144.972,234
Government,-37.695,145.003,478
Catholic,-37.69,145.067,1968
Catholic,-37.806,144.953,359
Catholic,-37.859,144.997,440
Catholic,-37.56,143.832,1267
Catholic,-37.564,143.847,249
Catholic,-37.562,143.874,248
Catholic,-38.371,142.477,1340
Catholic,-37.557,143.823,948
Catholic,-37.058,146.088,134
Catholic,-37.84,144.881,297
Catholic,-37.863,144.901,263
Catholic,-37.793,144.946,236
Catholic,-36.356,146.322,227
Catholic,-37.859,144.998,135
Catholic,-37.301,144.948,1455
Catholic,-37.785,144.932,82
Catholic,-37.052,143.737,266
Catholic,-37.841,147.586,473
Catholic,-37.578,143.838,254
Catholic,-37.826,145.034,369
Catholic,-37.862,145.053,659
Catholic,-37.775,144.997,190
Catholic,-37.745,145.004,117
Catholic,-38.24,146.405,102
Catholic,-38.195,146.535,456
Catholic,-36.375,145.408,347
Catholic,-37.02,145.141,600
Catholic,-36.374,142.985,28
Catholic,-38.111,147.062,180
Catholic,-37.299,144.948,581
Catholic,-37.6,144.229,141
Catholic,-37.581,144.091,76
Catholic,-37.279,144.732,212
Catholic,-37.429,143.892,137
Catholic,-36.794,144.245,284
Catholic,-36.554,145.973,391
Catholic,-38.149,144.34,1450
Catholic,-36.615,143.247,102
Catholic,-34.189,142.153,860
Catholic,-37.897,144.997,1204
Catholic,-37.898,144.998,146
Catholic,-37.923,145.07,625
Catholic,-36.723,144.257,258
Catholic,-37.611,143.87,1215
Catholic,-37.064,144.221,64
Catholic,-37.253,144.459,888
Catholic,-37.358,144.53,225
Catholic,-36.272,143.352,38
Catholic,-36.44,145.224,236
Catholic,-37.739,144.968,200
Catholic,-37.901,144.651,290
Catholic,-37.491,144.59,216
Catholic,-37.58,144.736,299
Catholic,-36.146,146.607,33
Catholic,-36.05,146.463,104
Catholic,-36.571,143.872,18
Catholic,-36.553,145.975,451
Catholic,-38.069,145.475,318
Catholic,-36.013,146.014,443
Catholic,-37.814,145.031,1503
Catholic,-37.878,142.29,16
Catholic,-37.285,142.938,369
Catholic,-37.586,141.414,41
Catholic,-37.672,144.435,328
Catholic,-38.3,142.369,109
Catholic,-37.804,144.974,612
Catholic,-37.802,144.979,152
Catholic,-37.751,145.358,1550
Catholic,-37.801,144.907,89
Catholic,-37.814,144.89,163
Catholic,-36.714,142.204,311
Catholic,-38.351,143.579,744
Catholic,-38.335,143.585,266
Catholic,-37.984,145.066,928
Catholic,-38.218,145.072,2534
Catholic,-36.375,145.408,1683
Catholic,-36.009,146.01,236
Catholic,-36.086,145.444,248
Catholic,-38.372,142.486,622
Catholic,-38.189,144.557,1442
Catholic,-38.153,144.363,214
Catholic,-38.135,144.346,418
Catholic,-37.76,144.923,512
Catholic,-37.753,145.353,250
Catholic,-37.712,145.144,901
Catholic,-37.8,144.986,62
Catholic,-36.254,142.39,74
Catholic,-36.134,144.726,568
Catholic,-37.808,145.037,191
Catholic,-37.286,142.94,121
Catholic,-36.118,144.743,1134
Catholic,-38.386,142.232,180
Catholic,-36.365,144.701,95
Catholic,-37.793,144.943,673
Catholic,-38.359,141.593,260
Catholic,-38.109,147.064,872
Catholic,-36.31,145.045,691
Catholic,-37.82,145.1,198
Catholic,-36.493,144.616,26
Catholic,-36.36,146.683,69
Catholic,-37.605,141.695,34
Catholic,-38.234,143.141,341
Catholic,-38.235,143.139,213
Catholic,-37.757,144.914,1047
Catholic,-37.337,144.151,86
Catholic,-37.741,142.051,257
Catholic,-36.754,144.285,268
Catholic,-37.809,145.056,680
Catholic,-36.117,146.889,318
Catholic,-37.059,142.787,150
Catholic,-37.984,145.07,460
Catholic,-38.24,142.91,122
Catholic,-38.159,145.912,335
Catholic,-36.769,144.278,234
Catholic,-37.758,145.067,345
Catholic,-37.758,145.068,1175
Catholic,-37.762,144.943,186
Catholic,-38.008,145.092,169
Catholic,-37.546,143.86,334
Catholic,-37.776,144.978,249
Catholic,-37.887,145.047,75
Catholic,-37.991,145.221,154
Catholic,-37.952,145.008,274
Catholic,-38.601,145.603,315
Catholic,-37.774,144.911,374
Catholic,-35.725,143.918,142
Catholic,-37.858,145.032,890
Catholic,-37.759,144.968,66
Catholic,-37.562,143.903,482
Catholic,-38.479,145.954,180
Catholic,-38.436,145.822,101
Catholic,-37.659,145.516,274
Catholic,-38.073,145.573,98
Catholic,-37.873,145.053,192
Catholic,-37.796,144.929,242
Catholic,-38.269,144.655,112
Catholic,-37.78,145.02,92
Catholic,-37.858,145.031,183
Catholic,-38.557,146.676,66
Catholic,-36.725,144.311,295
Catholic,-37.883,144.981,137
Catholic,-37.251,144.462,286
Catholic,-35.328,143.546,603
Catholic,-38.303,145.192,126
Catholic,-38.271,143.519,37
Catholic,-37.789,144.836,317
Catholic,-37.757,145.002,113
Catholic,-38.352,142.446,273
Catholic,-36.717,142.208,227
Catholic,-37.92,144.994,402
Catholic,-36.753,145.57,199
Catholic,-37.796,144.885,227
Catholic,-35.917,145.652,308
Catholic,-37.772,145.039,102
Catholic,-36.782,145.154,52
Catholic,-37.853,145.009,162
Catholic,-37.709,148.456,26
Catholic,-36.554,146.727,143
Catholic,-37.751,144.911,529
Catholic,-37.215,145.425,36
Catholic,-37.811,145.063,144
Catholic,-38.055,145.119,317
Catholic,-37.916,145.017,331
Catholic,-37.848,145.015,1220
Catholic,-37.839,145.084,146
Catholic,-37.933,145.001,194
Catholic,-36.918,144.701,82
Catholic,-35.808,144.219,92
Catholic,-38.361,145.203,201
Catholic,-37.75,144.952,251
Catholic,-37.818,145.131,257
Catholic,-37.867,144.828,259
Catholic,-37.716,145.148,79
Catholic,-34.167,142.054,153
Catholic,-38.149,145.126,155
Catholic,-37.818,145.13,930
Catholic,-37.718,145.005,149
Catholic,-37.923,145.041,341
Catholic,-37.573,144.739,1720
Catholic,-37.967,147.078,164
Catholic,-38.207,146.152,103
Catholic,-37.902,145.065,263
Catholic,-37.857,145.052,125
Catholic,-37.795,145.05,80
Catholic,-37.816,145.232,248
Catholic,-37.716,145.127,382
Catholic,-38.34,144.742,128
Catholic,-37.85,145.065,258
Catholic,-37.883,145.005,347
Catholic,-34.302,142.188,87
Catholic,-37.651,145.028,348
Catholic,-37.77,145.002,779
Catholic,-37.902,145.087,195
Catholic,-37.716,144.964,170
Catholic,-37.887,145.295,221
Catholic,-37.817,145.19,142
Catholic,-36.396,145.354,272
Catholic,-37.734,144.993,287
Catholic,-37.835,145.025,2087
Catholic,-38.197,145.485,203
Catholic,-37.742,144.924,431
Catholic,-38.15,144.332,1742
Catholic,-37.953,145.15,527
Catholic,-37.991,145.068,1882
Catholic,-37.73,145.019,205
Catholic,-37.834,145.083,691
Catholic,-37.747,144.973,152
Catholic,-37.731,144.942,379
Catholic,-37.809,144.873,181
Catholic,-38.156,144.343,261
Catholic,-37.749,144.884,1567
Catholic,-37.792,145.2,1055
Catholic,-37.864,145.082,222
Catholic,-37.5,143.989,17
Catholic,-37.926,145.04,732
Catholic,-37.794,145.071,264
Catholic,-37.883,145.1,982
Catholic,-36.335,141.643,56
Catholic,-38.165,144.374,241
Catholic,-38.179,146.254,250
Catholic,-37.775,145.083,1131
Catholic,-38.159,145.915,1063
Catholic,-37.782,144.82,229
Catholic,-37.763,145.034,191
Catholic,-38.08,142.802,39
Catholic,-37.946,145.032,164
Catholic,-37.966,145.06,257
Catholic,-37.797,145.273,454
Catholic,-37.034,141.3,65
Catholic,-37.191,145.713,134
Catholic,-37.761,145.016,129
Catholic,-37.738,144.799,282
Catholic,-37.823,145.157,185
Catholic,-36.588,145.011,40
Catholic,-37.981,146.784,61
Catholic,-38.09,144.359,149
Catholic,-37.747,145.046,46
Catholic,-37.829,144.878,159
Catholic,-37.742,142.049,583
Catholic,-37.972,145.172,292
Catholic,-37.923,145.122,133
Catholic,-35.724,142.362,37
Catholic,-37.744,144.889,413
Catholic,-38.111,144.338,344
Catholic,-38.136,144.33,326
Catholic,-37.703,145.093,524
Catholic,-37.779,144.801,107
Catholic,-37.769,144.769,506
Catholic,-37.788,144.862,211
Catholic,-37.703,144.923,174
Catholic,-37.959,145.152,993
Catholic,-37.788,144.808,515
Catholic,-38.13,144.33,940
Catholic,-37.982,145.041,143
Catholic,-36.766,144.298,460
Catholic,-37.771,144.835,333
Catholic,-37.603,143.84,166
Catholic,-34.187,142.152,323
Catholic,-37.767,144.891,441
Catholic,-38.185,146.292,266
Catholic,-37.874,145.13,259
Catholic,-37.971,145.206,125
Catholic,-36.393,145.41,156
Catholic,-37.83,145.111,145
Catholic,-37.938,145.052,85
Catholic,-37.902,145.086,932
Catholic,-38.231,146.415,215
Catholic,-35.502,142.851,39
Catholic,-37.792,145.617,87
Catholic,-37.871,148.012,246
Catholic,-37.735,145.077,463
Catholic,-36.216,147.174,83
Catholic,-37.896,145.106,135
Catholic,-37.756,144.896,364
Catholic,-37.99,145.226,616
Catholic,-37.837,147.588,803
Catholic,-34.585,142.779,290
Catholic,-36.372,146.321,75
Catholic,-37.848,145.174,1479
Catholic,-37.685,144.924,226
Catholic,-36.253,144.954,95
Catholic,-37.887,145.164,268
Catholic,-37.852,145.126,108
Catholic,-37.871,145.15,148
Catholic,-37.99,145.092,164
Catholic,-37.791,145.153,60
Catholic,-36.058,145.209,562
Catholic,-37.99,145.239,109
Catholic,-37.823,145.235,1659
Catholic,-37.698,144.968,204
Catholic,-37.933,145.16,417
Catholic,-37.672,145.019,313
Catholic,-37.719,144.921,237
Catholic,-37.908,145.353,101
Catholic,-38.365,142.466,246
Catholic,-37.725,144.88,727
Catholic,-38.353,143.579,398
Catholic,-37.672,145.159,182
Catholic,-38.034,145.354,441
Catholic,-37.757,144.898,826
Catholic,-37.715,145.036,167
Catholic,-37.836,145.147,137
Catholic,-36.347,146.306,356
Catholic,-36.623,142.474,9
Catholic,-37.788,144.806,856
Catholic,-37.864,144.812,1216
Catholic,-37.525,143.826,101
Catholic,-37.767,145.09,456
Catholic,-37.863,145.275,129
Catholic,-36.198,147.899,56
Catholic,-37.911,145.359,688
Catholic,-37.849,145.266,85
Catholic,-37.89,145.295,991
Catholic,-37.821,144.848,65
Catholic,-38.018,145.102,594
Catholic,-37.707,144.945,366
Catholic,-37.875,145.133,1011
Catholic,-37.808,145.167,40
Catholic,-37.666,144.932,200
Catholic,-37.832,144.842,2533
Catholic,-37.788,145.318,583
Catholic,-37.698,145.057,378
Catholic,-38.167,144.392,269
Catholic,-37.73,144.965,403
Catholic,-37.964,146.972,176
Catholic,-38.223,145.07,458
Catholic,-38.146,145.148,270
Catholic,-37.878,145.243,75
Catholic,-38.135,145.139,1300
Catholic,-38.107,145.141,186
Catholic,-37.915,145.166,1469
Catholic,-37.758,144.862,279
Catholic,-37.781,145.122,271
Catholic,-37.761,145.123,132
Catholic,-37.837,145.21,351
Catholic,-37.908,145.166,474
Catholic,-37.909,144.664,1749
Catholic,-38.099,147.083,289
Catholic,-37.84,144.851,342
Catholic,-37.744,144.859,561
Catholic,-38.385,142.52,470
Catholic,-36.555,146.725,145
Catholic,-37.854,144.777,270
Catholic,-37.89,145.226,271
Catholic,-36.127,146.873,511
Catholic,-36.744,144.273,132
Catholic,-37.987,145.13,421
Catholic,-37.756,144.811,548
Catholic,-34.205,142.156,314
Catholic,-37.875,144.69,499
Catholic,-37.678,145.039,228
Catholic,-37.693,144.889,374
Catholic,-38.112,145.279,512
Catholic,-37.99,145.163,415
Catholic,-37.681,144.585,369
Catholic,-38.072,144.358,177
Catholic,-36.339,146.311,973
Catholic,-37.793,145.237,386
Catholic,-38.316,146.416,87
Catholic,-37.862,145.175,133
Catholic,-37.678,144.998,319
Catholic,-37.568,144.717,599
Catholic,-37.774,145.177,404
Catholic,-38.155,145.191,309
Catholic,-37.734,144.82,257
Catholic,-37.946,145.199,244
Catholic,-37.702,144.993,245
Catholic,-37.736,144.776,453
Catholic,-37.739,144.799,582
Catholic,-38.203,144.33,367
Catholic,-37.711,144.821,255
Catholic,-37.71,144.573,646
Catholic,-37.682,145.119,226
Catholic,-37.853,145.235,165
Catholic,-37.8,144.82,190
Catholic,-36.13,146.862,1229
Catholic,-37.553,143.8,431
Catholic,-37.791,145.396,324
Catholic,-37.773,145.219,231
Catholic,-38.188,146.511,499
Catholic,-37.599,144.931,703
Catholic,-38.172,145.145,318
Catholic,-37.665,145.059,1260
Catholic,-37.703,145.081,1443
Catholic,-37.677,144.55,1846
Catholic,-37.981,145.258,273
Catholic,-37.935,145.107,319
Catholic,-38.198,145.101,287
Catholic,-36.059,145.208,97
Catholic,-37.857,144.687,387
Catholic,-37.926,145.245,366
Catholic,-37.875,144.792,485
Catholic,-38.026,145.315,207
Catholic,-38.261,144.54,593
Catholic,-37.699,144.806,642
Catholic,-37.854,145.311,255
Catholic,-37.666,145.003,289
Catholic,-38.015,144.391,477
Catholic,-37.509,145.115,262
Catholic,-37.715,144.804,502
Catholic,-37.679,144.55,522
Catholic,-37.868,145.412,115
Catholic,-38.371,144.898,172
Catholic,-37.918,145.191,325
Catholic,-37.807,145.322,166
Catholic,-37.877,145.243,210
Catholic,-37.968,145.263,237
Catholic,-37.91,144.663,446
Catholic,-37.94,145.195,972
Catholic,-38.322,144.313,332
Catholic,-38.468,145.964,544
Catholic,-38.104,145.178,328
Catholic,-37.698,145.135,393
Catholic,-37.654,144.889,571
Catholic,-35.342,143.557,540
Catholic,-38.039,145.267,479
Catholic,-38.108,145.257,2089
Catholic,-38.077,145.267,239
Catholic,-38.132,145.862,458
Catholic,-37.58,143.817,324
Catholic,-36.804,144.361,614
Catholic,-37.836,144.955,369
Catholic,-38.234,145.168,270
Catholic,-37.996,145.311,294
Catholic,-37.876,144.659,568
Catholic,-37.689,144.92,1373
Catholic,-37.623,144.934,614
Catholic,-37.456,144.598,210
Catholic,-38.07,145.337,601
Catholic,-37.7,144.772,476
Catholic,-37.848,144.702,1347
Catholic,-38.188,144.557,428
Catholic,-38.186,144.325,631
Catholic,-37.748,144.737,494
Catholic,-37.893,144.753,643
Catholic,-38.055,145.298,507
Catholic,-38.093,145.716,291
Catholic,-37.741,144.943,927
Catholic,-37.688,144.747,508
Catholic,-36.326,145.411,272
Catholic,-36.174,146.94,528
Catholic,-37.643,145.091,2467
Catholic,-37.891,144.729,729
Catholic,-37.816,145.008,213
Catholic,-36.756,144.286,47
Catholic,-37.729,144.74,1079
Catholic,-37.613,143.872,362
Catholic,-37.616,144.91,1293
Catholic,-37.575,144.933,342
Catholic,-37.876,144.606,486
Catholic,-37.713,144.736,728
Catholic,-37.596,145.091,497
Catholic,-36.338,146.309,45
Catholic,-38.055,145.406,375
Catholic,-38.058,145.252,315
Catholic,-37.792,144.761,454
Independent,-37.849,144.982,3181
Independent,-37.861,145.055,774
Independent,-37.833,144.976,1905
Independent,-37.811,145.039,854
Independent,-37.877,145.005,3555
Independent,-37.053,143.737,463
Independent,-37.766,142.094,106
Independent,-37.815,145.038,2169
Independent,-37.56,143.834,1896
Independent,-37.839,144.986,287
Independent,-37.815,145.081,533
Independent,-37.852,145.025,935
Independent,-37.81,145.036,1577
Independent,-37.835,144.989,1046
Independent,-38.152,144.34,1573
Independent,-38.345,141.606,291
Independent,-37.849,145.107,1530
Independent,-37.86,144.992,1143
Independent,-37.906,144.997,1046
Independent,-37.539,143.831,1989
Independent,-37.737,142.024,409
Independent,-37.773,145.044,2500
Independent,-37.834,145.032,1957
Independent,-37.929,145.008,1597
Independent,-37.816,145.256,985
Independent,-38.173,145.093,901
Independent,-37.838,145.021,685
Independent,-37.76,144.915,859
Independent,-37.732,144.87,2913
Independent,-37.988,145.068,2008
Independent,-37.767,145.047,850
Independent,-37.816,145.048,2564
Independent,-37.9,145.041,758
Independent,-37.996,145.146,4880
Independent,-37.829,145.08,814
Independent,-37.989,145.065,560
Independent,-38.094,147.065,1039
Independent,-37.816,145.067,1346
Independent,-37.911,144.994,1480
Independent,-37.877,145.136,785
Independent,-37.833,145.119,575
Independent,-38.035,145.347,980
Independent,-37.818,145.06,777
Independent,-37.816,145.052,200
Independent,-37.847,145.118,1170
Independent,-34.223,142.159,229
Independent,-37.822,145.17,343
Independent,-38.05,145.317,613
Independent,-37.884,145.008,382
Independent,-37.868,145.0,362
Independent,-37.87,145.002,489
Independent,-37.893,145.007,559
Independent,-38.198,145.091,1270
Independent,-37.842,145.043,987
Independent,-37.785,145.352,590
Independent,-37.783,145.273,1219
Independent,-37.784,145.258,1899
Independent,-37.971,145.278,1045
Independent,-37.799,145.367,693
Independent,-37.777,145.249,470
Independent,-37.823,145.169,261
Independent,-37.7,145.192,639
Independent,-37.774,145.193,1623
Independent,-37.804,145.132,61
Independent,-37.882,145.001,96
Independent,-37.364,144.576,1094
Independent,-37.724,144.763,1102
Independent,-37.902,145.158,22
Independent,-36.328,141.662,647
Independent,-37.888,145.026,311
Independent,-37.684,145.137,106
Independent,-37.88,145.215,2370
Independent,-37.858,145.01,592
Independent,-37.851,144.725,2121
Independent,-37.695,145.055,643
Independent,-37.746,145.0,345
Independent,-37.783,145.268,658
Independent,-37.763,145.304,838
Independent,-38.098,144.318,735
Independent,-38.49,145.266,916
Independent,-38.357,141.59,112
Independent,-38.185,144.313,1908
Independent,-37.788,145.339,889
Independent,-37.789,144.98,98
Independent,-36.765,144.271,457
Independent,-37.771,142.041,193
Independent,-37.613,145.139,911
Independent,-37.764,145.294,68
Independent,-38.179,145.163,573
Independent,-34.202,142.129,505
Independent,-36.327,145.416,694
Independent,-37.865,145.219,764
Independent,-37.881,144.681,2367
Independent,-38.085,145.364,2231
Independent,-37.768,144.836,94
Independent,-37.867,145.109,36
Independent,-36.554,145.997,465
Independent,-38.062,145.467,2965
Independent,-37.829,145.319,94
Independent,-37.919,145.346,776
Independent,-37.896,145.083,724
Independent,-37.685,145.509,46
Independent,-35.73,143.913,121
Independent,-37.874,145.244,719
Independent,-38.143,145.877,1691
Independent,-37.736,144.966,2215
Independent,-38.263,145.171,1698
Independent,-36.157,146.887,149
Independent,-37.701,144.56,1268
Independent,-37.061,146.086,219
Independent,-37.892,145.019,28
Independent,-38.362,142.506,276
Independent,-37.802,145.003,139
Independent,-37.853,144.722,2617
Independent,-37.707,144.823,2146
Independent,-37.794,145.631,278
Independent,-37.69,144.432,3826
Independent,-38.001,145.143,827
Independent,-37.78,145.036,679
Independent,-37.765,145.325,39
Independent,-37.082,144.157,135
Independent,-37.656,144.931,1078
Independent,-37.939,145.149,2929
Independent,-36.117,146.846,906
Independent,-35.378,143.546,29
Independent,-36.763,144.273,1195
Independent,-38.11,145.293,1127
Independent,-36.783,144.313,900
Independent,-37.669,144.93,2868
Independent,-37.827,145.031,92
Independent,-38.113,144.329,1925
Independent,-37.855,144.666,1872
Independent,-37.684,144.935,3284
Independent,-37.519,144.706,195
Independent,-37.704,145.019,53
Independent,-36.354,145.416,326
Independent,-37.706,144.971,1766
Independent,-38.083,145.623,204
Independent,-37.841,147.578,82
Independent,-37.734,145.034,733
Independent,-37.958,145.111,864
Independent,-37.96,145.388,151
Independent,-37.627,144.888,1453
Independent,-37.843,145.045,96
Independent,-37.641,143.862,64
Independent,-35.924,145.66,387
Independent,-38.263,144.28,144
Independent,-37.453,144.6,197
Independent,-38.014,145.175,863
Independent,-37.686,144.542,556
Independent,-38.068,144.328,255
Independent,-34.247,142.145,113
Independent,-36.356,146.322,1075
Independent,-38.031,145.306,219
Independent,-37.873,144.983,149
Independent,-38.065,145.456,647
Independent,-36.367,146.693,87
Independent,-38.274,145.033,954
Independent,-37.593,143.843,406
Independent,-37.568,144.931,2948
Independent,-38.14,145.307,1034
Independent,-38.231,144.339,1317
Independent,-37.344,144.166,21
Independent,-37.624,145.038,1554
Independent,-38.193,145.174,897
Independent,-37.887,145.287,183
Government,-28.037,151.986,211
Government,-27.32,153.007,624
Government,-27.718,153.2,433
Government,-27.519,153.02,741
Government,-20.01,148.244,508
Government,-27.431,153.03,717
Government,-27.482,152.989,463
Government,-27.495,152.914,453
Government,-27.453,153.065,612
Government,-24.87,152.348,82
Government,-27.611,152.804,374
Government,-24.005,151.203,477
Government,-22.837,147.632,163
Government,-27.528,153.27,516
Government,-27.517,153.258,570
Government,-26.925,150.135,35
Government,-27.58,153.016,312
Government,-26.488,147.971,118
Government,-27.185,151.262,505
Government,-27.722,151.963,45
Government,-27.603,151.912,165
Government,-23.303,150.731,7
Government,-27.421,153.074,30
Government,-27.593,153.109,324
Government,-27.417,152.994,390
Government,-27.527,152.966,477
Government,-25.547,152.704,126
Government,-27.745,153.319,237
Government,-28.136,152.138,24
Government,-27.56,152.278,399
Government,-25.624,151.606,97
Government,-27.403,153.058,640
Government,-23.842,151.258,356
Government,-27.607,152.894,650
Government,-28.543,150.306,424
Government,-23.436,150.454,295
Government,-26.188,152.665,138
Government,-28.04,153.311,484
Government,-26.2,152.675,316
Government,-27.555,152.126,103
Government,-27.463,151.956,653
Government,-27.406,151.996,163
Government,-28.416,151.077,128
Government,-23.564,150.472,82
Government,-25.992,152.56,41
Government,-27.622,152.768,529
Government,-27.384,153.017,599
Government,-27.602,152.763,206
Government,-27.575,153.052,317
Government,-24.26,144.44,14
Government,-27.373,151.586,41
Government,-27.928,153.397,713
Government,-23.376,150.56,126
Government,-28.013,151.578,23
Government,-27.714,153.114,660
Government,-27.686,153.181,507
Government,-21.145,149.182,216
Government,-25.536,152.7,157
Government,-27.569,152.878,698
Government,-19.7,147.347,9
Government,-25.182,151.643,52
Government,-27.459,152.051,17
Government,-26.672,152.006,334
Government,-27.532,152.983,630
Government,-27.564,152.981,383
Government,-27.46,153.01,257
Government,-27.817,153.279,792
Government,-27.596,151.969,356
Government,-27.78,152.731,174
Government,-27.648,152.852,727
Government,-24.463,148.624,45
Government,-27.376,152.881,587
Government,-22.588,148.348,254
Government,-27.643,153.153,241
Government,-24.116,148.088,168
Government,-25.639,149.801,153
Government,-27.592,152.236,75
Government,-25.728,152.581,45
Government,-27.501,152.996,895
Government,-27.557,151.949,237
Government,-27.302,151.853,80
Government,-19.251,146.812,144
Government,-27.572,152.63,85
Government,-27.658,152.75,636
Government,-28.217,152.03,155
Government,-25.159,152.212,90
Government,-23.617,150.154,17
Government,-27.893,152.974,166
Government,-27.765,153.106,562
Government,-27.869,153.315,368
Government,-27.107,152.947,455
Government,-27.562,151.903,658
Government,-27.474,153.126,452
Government,-27.556,153.08,498
Government,-23.485,150.322,35
Government,-27.696,153.145,532
Government,-27.644,152.593,316
Government,-28.65,151.934,275
Government,-28.038,148.581,149
Government,-23.254,150.676,135
Government,-18.269,146.031,76
Government,-27.534,152.895,389
Government,-20.096,146.887,7
Government,-27.154,149.067,85
Government,-27.542,153.105,1212
Government,-27.666,152.465,40
Government,-27.515,152.632,92
Government,-24.884,146.254,54
Government,-28.198,152.216,40
Government,-27.771,152.651,17
Government,-27.321,153.066,387
Government,-27.783,151.945,42
Government,-23.392,150.503,296
Government,-20.089,146.275,132
Government,-27.989,153.002,533
Government,-28.087,153.347,613
Government,-27.828,153.179,250
Government,-24.852,152.34,249
Government,-27.253,153.081,425
Government,-28.341,152.298,131
Government,-27.247,153.109,565
Government,-18.204,142.249,29
Government,-27.439,151.72,249
Government,-16.462,145.374,321
Government,-26.088,152.241,112
Government,-27.447,152.644,447
Government,-19.784,147.227,15
Government,-23.88,151.223,703
Government,-23.607,148.546,8
Government,-26.409,153.029,418
Government,-27.878,151.266,239
Government,-15.482,145.251,376
Government,-18.295,143.547,47
Government,-27.43,151.905,260
Government,-27.181,152.95,611
Government,-26.39,153.033,560
Government,-26.584,149.186,111
Government,-27.268,152.972,492
Government,-21.69,148.69,93
Government,-26.405,146.242,126
Government,-27.448,152.976,626
Government,-27.336,148.397,9
Government,-27.346,152.971,667
Government,-27.194,152.82,322
Government,-27.572,153.067,1212
Government,-25.539,152.715,212
Government,-28.074,153.377,1530
Government,-27.709,151.867,159
Government,-27.533,153.074,259
Government,-27.248,152.426,140
Government,-28.14,153.43,751
Government,-15.857,144.857,12
Government,-23.604,146.13,21
Government,-27.459,153.027,508
Government,-23.413,150.514,74
Government,-19.248,146.674,920
Government,-27.48,153.008,1461
Government,-18.583,146.285,6
Government,-20.08,146.263,113
Government,-25.559,152.668,452
Government,-25.604,152.591,55
Government,-27.989,153.338,244
Government,-27.494,153.061,809
Government,-28.158,145.05,3
Government,-26.685,153.054,1183
Government,-27.584,152.778,201
Government,-28.215,152.039,237
Government,-27.503,153.116,873
Government,-27.403,152.929,668
Government,-27.432,153.004,448
Government,-27.619,153.293,820
Government,-23.96,151.364,816
Government,-20.742,139.5,217
Government,-27.596,153.288,1111
Government,-16.905,145.742,864
Government,-25.503,152.711,305
Government,-27.191,153.029,292
Government,-27.534,152.523,60
Government,-28.11,153.463,894
Government,-20.361,145.657,4
Government,-27.466,152.582,197
Government,-26.741,150.626,453
Government,-27.798,152.372,17
Government,-27.619,152.785,675
Government,-27.402,152.943,440
Government,-17.373,145.379,154
Government,-27.469,153.174,232
Government,-27.111,152.924,668
Government,-23.646,149.33,45
Government,-27.551,152.807,559
Government,-27.487,152.546,93
Government,-27.491,153.24,411
Government,-13.354,141.729,227
Government,-27.365,153.037,105
Government,-27.555,152.929,893
Government,-24.846,152.397,322
Government,-27.678,153.235,333
Government,-24.934,152.176,55
Government,-27.398,153.071,326
Government,-27.622,153.236,605
Government,-27.606,152.663,274
Government,-27.449,152.951,299
Government,-19.305,146.722,876
Government,-28.071,145.679,129
Government,-16.666,139.183,181
Government,-26.053,151.829,21
Government,-27.265,152.052,181
Government,-27.555,152.544,135
Government,-27.433,153.056,631
Government,-27.491,151.892,210
Government,-24.992,151.955,254
Government,-24.426,145.47,90
Government,-23.807,150.975,83
Government,-27.705,153.17,776
Government,-19.263,146.827,95
Government,-22.595,144.544,17
Government,-19.294,146.749,423
Government,-26.769,152.958,230
Government,-21.265,148.976,36
Government,-27.758,151.451,17
Government,-22.975,145.243,45
Government,-21.122,149.149,234
Government,-27.65,152.332,62
Government,-27.893,151.784,28
Government,-28.49,151.973,17
Government,-24.771,152.415,96
Government,-27.562,152.594,39
Government,-18.577,146.252,10
Government,-27.282,152.975,643
Government,-17.942,138.828,353
Government,-27.436,152.986,496
Government,-27.998,152.681,104
Government,-18.999,144.981,12
Government,-27.8,153.277,897
Government,-26.766,153.014,251
Government,-27.293,152.975,480
Government,-26.657,150.186,200
Government,-23.716,149.668,45
Government,-27.942,152.624,274
Government,-23.582,149.069,23
Government,-25.322,152.558,163
Government,-26.804,152.965,316
Government,-24.879,152.406,346
Government,-27.622,152.915,679
Government,-21.159,149.065,306
Government,-23.524,148.161,295
Government,-19.28,146.774,430
Government,-27.643,153.126,718
Government,-25.797,146.583,36
Government,-27.608,153.129,435
Government,-27.63,153.116,506
Government,-17.672,141.079,149
Government,-26.17,152.643,92
Government,-27.621,152.751,210
Government,-27.971,153.401,538
Government,-27.083,152.949,254
Government,-26.961,152.781,493
Government,-27.406,153.035,487
Government,-26.614,149.382,30
Government,-27.718,151.634,303
Government,-27.294,152.851,260
Government,-27.388,152.99,988
Government,-18.736,146.578,315
Government,-28.068,152.595,37
Government,-27.629,152.19,26
Government,-26.93,150.918,13
Government,-24.567,149.296,33
Government,-20.846,144.196,115
Government,-27.543,152.471,551
Government,-23.532,148.151,364
Government,-24.004,151.324,52
Government,-27.543,151.922,438
Government,-19.315,146.734,747
Government,-23.584,148.878,127
Government,-26.498,151.822,42
Government,-24.872,152.263,21
Government,-27.53,152.935,522
Government,-22.06,148.58,14
Government,-27.518,153.221,172
Government,-24.823,152.306,144
Government,-27.996,143.827,20
Government,-23.083,148.025,179
Government,-20.704,140.506,289
Government,-27.601,151.957,735
Government,-27.464,153.159,588
Government,-26.214,152.686,128
Government,-25.28,152.833,367
Government,-27.868,152.05,32
Government,-28.032,147.476,14
Government,-24.952,152.378,63
Government,-19.294,146.79,506
Government,-28.851,151.174,141
Government,-21.092,149.069,71
Government,-19.315,146.778,722
Government,-23.125,150.738,301
Government,-27.943,153.403,670
Government,-27.174,152.942,1821
Government,-24.887,152.336,518
Government,-17.483,140.84,15
Government,-18.652,146.162,334
Government,-19.579,147.401,60
Government,-17.009,145.74,1771
Government,-27.547,153.012,69
Government,-27.451,152.992,604
Government,-27.657,152.918,1709
Government,-14.899,141.621,68
Government,-28.918,151.931,23
Government,-15.472,141.745,163
Government,-25.42,142.654,7
Government,-26.772,153.118,974
Government,-27.723,152.224,23
Government,-26.462,152.679,172
Government,-19.554,147.349,18
Government,-20.523,145.398,19
Government,-27.538,151.924,904
Government,-26.524,152.966,356
Government,-21.276,149.05,37
Government,-27.807,152.957,906
Government,-27.604,153.07,553
Government,-23.259,150.821,499
Government,-23.554,147.746,56
Government,-20.575,147.82,47
Government,-26.668,152.974,423
Government,-22.385,143.039,70
Government,-27.307,153.05,331
Government,-28.008,153.391,894
Government,-26.18,152.733,174
Government,-21.375,144.279,10
Government,-25.524,152.695,269
Government,-27.411,153.018,246
Government,-20.871,144.605,13
Government,-27.615,152.115,37
Government,-26.552,152.958,365
Government,-27.534,149.394,5
Government,-27.665,152.16,9
Government,-24.862,152.373,295
Government,-19.267,146.804,111
Government,-27.56,151.966,867
Government,-21.153,149.161,770
Government,-12.785,143.344,141
Government,-27.494,153.028,325
Government,-26.445,147.545,7
Government,-19.251,146.793,595
Government,-27.714,150.373,22
Government,-27.629,152.557,65
Government,-27.51,153.035,470
Government,-27.702,153.039,584
Government,-23.651,146.642,54
Government,-21.146,148.959,449
Government,-17.427,145.204,10
Government,-28.206,153.04,22
Government,-24.47,150.13,32
Government,-25.348,152.6,106
Government,-18.59,143.602,4
Government,-27.659,151.855,162
Government,-26.416,147.11,20
Government,-23.646,150.388,123
Government,-17.518,146.028,117
Government,-21.06,148.931,84
Government,-17.739,139.548,29
Government,-23.559,145.294,216
Government,-24.885,152.36,350
Government,-26.78,151.113,114
Government,-17.021,145.736,378
Government,-27.083,153.162,427
Government,-28.212,153.005,8
Government,-28.739,151.873,31
Government,-21.059,149.162,607
Government,-21.422,149.218,359
Government,-19.325,146.812,212
Government,-27.467,152.999,607
Government,-23.665,150.044,0
Government,-19.304,146.812,525
Government,-26.174,152.662,384
Government,-28.017,153.162,384
Government,-25.231,152.28,234
Government,-26.856,152.94,220
Government,-27.589,152.748,584
Government,-24.736,152.161,9
Government,-23.337,150.515,351
Government,-27.607,152.778,287
Government,-20.735,143.143,111
Government,-25.925,152.995,294
Government,-25.952,152.541,9
Government,-25.372,151.121,104
Government,-27.921,152.705,38
Government,-15.558,144.447,19
Government,-27.593,153.018,124
Government,-27.5,152.966,1326
Government,-20.275,148.7,758
Government,-27.606,152.977,454
Government,-25.136,151.127,27
Government,-26.693,152.947,485
Government,-27.336,152.956,977
Government,-22.908,139.911,47
Government,-19.655,147.348,17
Government,-27.158,152.959,947
Government,-26.341,152.824,139
Government,-27.83,153.028,727
Government,-27.249,152.993,982
Government,-22.636,149.253,20
Government,-27.545,153.123,183
Government,-27.37,153.015,690
Government,-19.175,146.556,362
Government,-27.506,153.05,310
Government,-19.596,146.834,32
Government,-27.23,153.087,274
Government,-24.136,149.456,184
Government,-24.844,152.301,200
Government,-27.813,152.667,41
Government,-25.525,152.678,210
Government,-18.647,146.201,25
Government,-17.223,145.478,269
Government,-27.55,153.095,1100
Government,-24.871,152.361,168
Government,-26.59,151.903,121
Government,-16.925,145.763,482
Government,-28.172,152.714,11
Government,-27.626,153.106,496
Government,-26.229,152.668,482
Government,-16.992,145.425,695
Government,-21.161,148.862,280
Government,-27.534,153.094,251
Government,-28.166,153.382,60
Government,-28.074,153.353,584
Government,-25.511,152.047,116
Government,-26.204,152.443,36
Government,-23.328,150.786,8
Government,-27.195,151.27,487
Government,-26.843,152.882,104
Government,-24.946,150.075,150
Government,-21.26,149.145,102
Government,-26.946,152.562,282
Government,-28.124,153.186,120
Government,-26.727,152.958,110
Government,-26.999,152.796,288
Government,-27.932,151.904,86
Government,-27.08,152.771,53
Government,-27.398,153.019,103
Government,-27.71,152.978,859
Government,-27.591,152.354,128
Government,-26.473,152.952,578
Government,-26.306,152.012,72
Government,-24.822,152.439,385
Government,-27.642,153.105,733
Government,-27.526,153.059,499
Government,-23.724,148.141,29
Government,-27.479,152.427,24
Government,-23.441,144.245,126
Government,-23.489,144.505,9
Government,-19.919,138.12,32
Government,-27.603,152.865,136
Government,-26.368,152.861,272
Government,-27.597,152.967,508
Government,-17.567,146.011,30
Government,-27.418,153.051,931
Government,-21.23,148.956,29
Government,-20.062,146.265,191
Government,-27.532,151.193,39
Government,-27.396,152.784,36
Government,-26.89,152.104,99
Government,-23.86,151.253,642
Government,-21.122,149.184,401
Government,-28.08,150.739,6
Government,-16.815,145.723,321
Government,-16.853,145.745,135
Government,-24.624,151.915,254
Government,-17.128,145.427,45
Government,-23.382,150.488,362
Government,-28.201,152.029,139
Government,-17.513,145.61,35
Government,-27.325,153.042,304
Government,-21.329,149.212,287
Government,-28.206,153.394,136
Government,-26.689,152.893,91
Government,-20.708,139.489,266
Government,-20.409,148.582,577
Government,-26.94,151.453,73
Government,-27.496,153.404,145
Government,-28.149,153.227,9
Government,-22.408,147.547,32
Government,-17.261,145.481,331
Government,-17.09,145.785,403
Government,-24.33,151.562,123
Government,-19.601,147.461,39
Government,-19.296,146.763,366
Government,-27.245,145.978,4
Government,-28.537,151.936,21
Government,-20.021,148.164,41
Government,-17.523,146.01,330
Government,-17.881,145.965,60
Government,-25.255,148.821,9
Government,-27.304,151.494,20
Government,-25.842,152.546,11
Government,-23.861,151.27,458
Government,-27.63,152.994,1337
Government,-23.396,150.518,48
Government,-20.745,139.491,387
Government,-27.66,151.897,74
Government,-17.499,146.075,45
Government,-27.606,151.833,273
Government,-27.554,151.851,47
Government,-26.797,153.135,481
Government,-26.363,151.82,21
Government,-17.156,144.521,10
Government,-20.058,147.281,6
Government,-18.209,145.942,24
Government,-27.922,153.018,72
Government,-17.11,145.832,72
Government,-26.24,151.943,108
Government,-19.28,146.796,630
Government,-27.486,153.04,231
Government,-26.626,152.866,177
Government,-26.149,152.818,19
Government,-27.469,153.186,244
Government,-26.644,149.982,37
Government,-26.322,152.677,50
Government,-27.497,153.043,226
Government,-21.998,148.048,531
Government,-24.244,151.492,30
Government,-26.974,152.357,20
Government,-23.652,150.647,15
Government,-19.564,147.416,500
Government,-24.831,143.062,9
Government,-27.93,153.2,564
Government,-26.142,152.615,221
Government,-27.248,149.676,6
Government,-23.91,150.194,38
Government,-23.295,150.514,428
Government,-27.508,152.939,520
Government,-28.661,151.828,66
Government,-27.474,153.062,364
Government,-16.853,145.695,540
Government,-24.572,149.979,258
Government,-24.35,143.287,13
Government,-26.958,148.06,7
Government,-25.146,152.385,44
Government,-23.342,150.544,825
Government,-27.461,153.045,539
Government,-17.681,145.121,61
Government,-25.288,152.865,183
Government,-26.409,151.812,25
Government,-19.287,146.764,132
Government,-25.384,152.046,12
Government,-26.614,153.032,615
Government,-27.013,152.942,538
Government,-28.971,147.791,14
Government,-17.586,146.044,165
Government,-27.107,151.622,94
Government,-27.597,152.982,642
Government,-24.95,152.061,28
Government,-20.709,139.51,257
Government,-25.812,152.623,40
Government,-26.842,151.977,160
Government,-27.588,153.062,448
Government,-27.641,152.782,679
Government,-27.79,151.907,23
Government,-27.54,151.954,177
Government,-26.847,152.278,15
Government,-20.703,148.596,44
Government,-23.36,150.507,163
Government,-26.293,151.955,174
Government,-17.14,145.212,3
Government,-26.541,151.833,325
Government,-16.916,145.419,72
Government,-28.577,148.23,72
Government,-17.273,145.586,217
Government,-27.362,153.024,849
Government,-27.938,152.982,222
Government,-28.702,151.909,29
Government,-17.939,145.922,268
Government,-27.522,152.358,153
Government,-17.996,146.001,32
Government,-27.402,153.004,303
Government,-23.176,150.459,60
Government,-24.36,139.471,4
Government,-16.249,145.32,13
Government,-27.549,152.982,620
Government,-27.479,153.075,487
Government,-23.078,150.738,361
Government,-18.09,145.851,30
Government,-25.599,152.261,17
Government,-27.575,151.569,26
Government,-27.46,152.972,254
Government,-27.608,152.934,167
Government,-26.064,148.603,9
Government,-27.574,152.202,73
Government,-20.059,148.882,3
Government,-27.493,152.46,57
Government,-26.321,151.882,141
Government,-24.893,152.294,453
Government,-20.723,139.492,211
Government,-27.092,152.379,221
Government,-28.656,151.879,21
Government,-27.038,150.758,35
Government,-26.985,151.833,26
Government,-27.53,152.408,245
Government,-27.484,153.092,393
Government,-26.556,151.838,394
Government,-23.847,151.126,63
Government,-16.674,145.335,37
Government,-27.455,152.49,60
Government,-27.348,153.04,446
Government,-27.587,152.977,416
Government,-18.631,146.075,16
Government,-23.944,147.524,16
Government,-23.106,150.409,6
Government,-23.68,150.708,10
Government,-24.529,151.386,10
Government,-26.509,151.024,0
Government,-27.433,153.074,248
Government,-27.526,153.073,111
Government,-26.836,150.779,24
Government,-27.402,152.961,303
Government,-24.524,151.745,13
Government,-21.15,148.713,11
Government,-27.519,152.944,684
Government,-28.204,151.565,12
Government,-28.166,151.88,37
Government,-27.625,152.737,304
Government,-27.39,153.038,398
Government,-28.221,152.015,530
Government,-26.168,151.6,116
Government,-24.503,151.93,25
Government,-28.799,151.842,60
Government,-26.414,152.912,336
Government,-26.874,152.587,128
Government,-28.138,153.478,1144
Government,-26.642,149.757,31
Government,-21.106,149.102,32
Government,-15.935,145.341,67
Government,-27.583,151.978,723
Government,-21.14,148.639,32
Government,-28.293,152.118,12
Government,-26.669,143.269,8
Government,-27.398,152.986,558
Government,-27.058,151.432,8
Government,-27.603,152.621,58
Government,-23.95,151.356,390
Government,-25.073,151.997,47
Government,-19.976,148.227,302
Government,-23.373,150.497,309
Government,-27.206,152.961,641
Government,-20.734,139.507,209
Government,-26.393,152.794,55
Government,-19.603,147.36,11
Government,-19.157,146.852,123
Government,-26.2,152.645,518
Government,-27.458,153.181,691
Government,-25.612,151.89,28
Government,-17.149,145.113,121
Government,-27.559,151.935,337
Government,-27.823,152.616,24
Government,-21.311,149.005,8
Government,-27.549,153.264,800
Government,-27.678,151.704,36
Government,-26.905,152.95,376
Government,-10.895,142.386,563
Government,-27.92,149.72,16
Government,-27.294,152.99,372
Government,-27.567,153.039,211
Government,-24.968,152.014,41
Government,-28.107,152.916,130
Government,-26.108,151.846,9
Government,-27.375,153.047,391
Government,-19.513,147.11,60
Government,-27.981,152.544,51
Government,-24.231,148.411,0
Government,-27.472,151.814,205
Government,-18.475,145.884,9
Government,-28.634,148.868,16
Government,-17.215,145.546,99
Government,-20.657,141.746,38
Government,-16.388,145.376,176
Government,-27.575,151.934,446
Government,-28.613,151.955,79
Government,-28.012,153.421,598
Government,-26.119,149.962,124
Government,-19.249,146.686,474
Government,-27.443,152.945,565
Government,-16.906,145.865,405
Government,-26.599,152.726,44
Government,-26.179,152.065,155
Government,-17.61,145.489,351
Government,-18.955,146.287,6
Government,-22.841,150.646,32
Government,-17.904,146.093,296
Government,-19.044,146.392,68
Government,-27.224,151.889,12
Government,-28.216,152.86,58
Government,-16.909,145.696,1834
Government,-28.574,150.754,19
Government,-24.907,152.476,121
Government,-27.66,153.112,512
Government,-26.73,152.719,47
Government,-21.134,148.491,19
Government,-27.28,150.459,353
Government,-27.392,152.5,44
Government,-27.341,150.199,36
Government,-26.048,152.396,14
Government,-19.653,147.417,128
Government,-28.036,153.435,1204
Government,-17.402,145.91,16
Government,-28.068,152.242,6
Government,-26.761,152.855,409
Government,-19.88,147.685,4
Government,-25.009,151.999,20
Government,-17.349,145.595,410
Government,-25.516,151.457,4
Government,-17.197,145.897,10
Government,-26.224,151.846,77
Government,-20.87,148.732,25
Government,-23.787,150.922,76
Government,-24.963,151.134,20
Government,-25.585,151.294,193
Government,-26.693,151.652,57
Government,-27.97,153.198,117
Government,-17.361,145.692,30
Government,-19.262,146.776,78
Government,-26.892,151.795,10
Government,-21.155,148.741,36
Government,-27.607,153.096,359
Government,-27.417,153.037,345
Government,-25.655,151.255,33
Government,-17.346,145.913,280
Government,-25.588,152.669,56
Government,-27.462,153.101,60
Government,-27.187,151.7,35
Government,-27.324,149.882,26
Government,-27.468,153.084,319
Government,-26.388,152.68,32
Government,-20.921,148.963,80
Government,-24.352,151.3,7
Government,-27.429,153.015,840
Government,-27.411,152.568,27
Government,-27.652,153.381,179
Government,-23.25,150.28,52
Government,-27.467,152.985,590
Government,-19.519,147.418,15
Government,-27.478,152.869,56
Government,-24.334,150.538,17
Government,-27.584,153.296,389
Government,-26.055,151.008,0
Government,-27.518,152.979,676
Government,-17.593,146.0,20
Government,-27.57,152.953,221
Government,-16.924,145.742,481
Government,-17.737,146.001,53
Government,-19.275,146.816,179
Government,-18.146,144.32,15
Government,-26.263,152.872,51
Government,-25.291,152.902,272
Government,-27.413,152.97,537
Government,-25.21,152.033,8
Government,-27.491,153.216,462
Government,-23.366,150.53,308
Government,-26.257,150.044,6
Government,-20.899,148.77,179
Government,-27.494,153.102,267
Government,-26.963,151.216,9
Government,-27.215,153.11,776
Government,-27.612,152.748,320
Government,-28.087,153.449,458
Government,-26.535,153.078,1004
Government,-21.086,149.188,270
Government,-24.898,152.364,95
Government,-22.812,149.895,17
Government,-28.041,153.377,600
Government,-27.586,152.98,1133
Government,-27.514,153.063,778
Government,-26.615,144.272,50
Government,-21.473,149.144,114
Government,-26.957,152.957,101
Government,-27.348,153.059,621
Government,-24.181,149.81,111
Government,-27.492,153.152,1152
Government,-16.342,145.413,79
Government,-28.487,149.47,19
Government,-25.95,152.603,85
Government,-27.324,153.081,344
Government,-28.595,151.813,20
Government,-28.172,153.529,285
Government,-26.884,152.142,47
Government,-24.725,152.112,17
Government,-27.536,153.024,558
Government,-27.58,153.125,989
Government,-24.421,150.429,20
Government,-24.174,150.375,32
Government,-17.535,146.033,148
Government,-27.554,151.697,35
Government,-26.351,151.25,16
Government,-27.538,152.94,1719
Government,-27.294,153.051,438
Government,-21.694,139.512,16
Government,-21.093,149.171,481
Government,-17.654,145.956,19
Government,-27.626,152.958,917
Government,-27.384,153.062,469
Government,-27.624,152.395,375
Government,-27.959,153.394,636
Government,-25.898,139.353,4
Government,-16.937,145.745,381
Government,-27.554,153.032,307
Government,-20.548,147.846,84
Government,-27.626,153.043,2461
Government,-28.525,151.885,22
Government,-26.028,152.777,43
Government,-26.653,153.085,222
Government,-26.5,153.07,1028
Government,-28.579,151.955,15
Government,-26.346,152.673,55
Government,-17.015,145.723,496
Government,-26.698,152.999,456
Government,-25.847,148.565,61
Government,-27.041,152.862,323
Government,-27.174,152.933,1067
Government,-27.624,152.972,1673
Government,-17.445,145.885,4
Government,-27.44,152.542,64
Government,-26.774,153.103,1795
Government,-27.852,151.906,51
Government,-24.709,152.255,126
Government,-27.773,153.245,625
Government,-27.94,153.32,759
Government,-27.943,153.321,2193
Government,-25.289,152.805,732
Government,-27.535,151.912,342
Government,-27.92,153.305,463
Government,-27.2,153.017,586
Government,-25.3,152.875,706
Government,-17.808,146.003,32
Government,-28.088,153.41,3304
Government,-27.455,153.154,340
Government,-17.267,145.925,6
Government,-18.712,146.148,18
Government,-21.202,149.149,117
Government,-21.607,149.243,100
Government,-27.531,151.936,189
Government,-27.643,152.751,285
Government,-27.564,153.262,809
Government,-27.464,153.067,475
Government,-21.914,149.404,27
Government,-16.608,145.343,59
Government,-16.88,145.714,594
Government,-26.678,153.114,807
Government,-24.398,150.516,289
Government,-24.868,151.118,111
Government,-24.876,152.334,267
Government,-24.143,150.286,7
Government,-24.491,150.572,156
Government,-27.525,153.046,762
Government,-27.34,150.061,16
Government,-21.074,149.215,204
Government,-27.493,153.079,767
Government,-21.148,149.194,602
Government,-27.69,153.132,755
Government,-27.221,153.079,636
Government,-19.299,146.733,698
Government,-27.317,153.025,588
Government,-27.393,152.935,771
Government,-27.604,152.847,258
Government,-27.616,153.032,917
Government,-27.652,153.098,398
Government,-26.777,153.136,619
Government,-27.618,153.131,252
Government,-19.364,146.729,336
Government,-27.989,153.381,745
Government,-27.5,152.945,772
Government,-26.63,152.948,368
Government,-27.685,153.104,1411
Government,-27.704,153.213,471
Government,-27.263,153.008,919
Government,-27.629,152.875,673
Government,-21.115,149.168,632
Government,-27.181,153.017,362
Government,-27.587,153.085,1159
Government,-27.591,153.13,478
Government,-27.437,152.937,434
Government,-26.702,153.133,742
Government,-27.595,153.056,1686
Government,-28.06,153.426,835
Government,-23.566,148.886,446
Government,-27.36,152.973,829
Government,-16.795,145.69,899
Government,-18.712,146.294,20
Government,-21.907,148.363,19
Government,-27.565,153.056,732
Government,-27.597,151.932,607
Government,-24.884,152.314,310
Government,-16.96,145.741,530
Government,-27.078,152.961,539
Government,-23.513,148.164,314
Government,-22.811,148.701,252
Government,-27.726,153.205,477
Government,-19.309,146.754,592
Government,-22.005,148.063,610
Government,-27.894,153.388,730
Government,-27.306,152.97,419
Government,-23.878,151.254,783
Government,-23.358,150.546,531
Government,-27.506,153.213,407
Government,-27.66,153.187,447
Government,-26.403,153.102,706
Government,-21.354,148.116,39
Government,-22.989,147.083,6
Government,-26.814,153.117,548
Government,-23.951,151.365,616
Government,-27.668,153.055,597
Government,-28.131,153.467,924
Government,-27.628,153.138,607
Government,-27.995,153.396,729
Government,-23.031,148.344,99
Government,-27.546,153.204,328
Government,-27.689,153.09,1279
Government,-27.916,153.328,871
Government,-27.559,152.024,245
Government,-28.19,153.265,29
Government,-27.528,153.23,300
Government,-27.647,153.177,667
Government,-27.563,152.825,552
Government,-21.031,149.158,476
Government,-27.676,153.049,959
Government,-25.907,153.079,47
Government,-27.615,152.863,497
Government,-21.11,149.151,331
Government,-27.256,152.969,620
Government,-27.619,153.359,156
Government,-19.388,146.726,303
Government,-27.132,153.048,334
Government,-20.345,148.953,19
Government,-16.214,145.422,8
Government,-27.676,153.09,890
Government,-28.085,153.43,1068
Government,-26.66,153.058,612
Government,-27.56,152.917,578
Government,-27.9,153.304,520
Government,-23.448,150.452,358
Government,-28.013,153.334,580
Government,-27.692,153.214,527
Government,-18.819,145.795,6
Government,-15.763,145.268,25
Government,-16.987,145.743,439
Government,-16.525,145.461,230
Government,-16.912,145.729,774
Government,-27.685,153.018,565
Government,-28.071,153.399,698
Government,-24.214,151.911,210
Government,-27.116,152.967,982
Government,-27.542,153.23,560
Government,-25.297,152.85,877
Government,-27.238,152.987,529
Government,-27.046,153.148,818
Government,-27.732,153.196,851
Government,-26.614,153.079,467
Government,-23.155,150.754,604
Government,-28.022,153.342,508
Government,-27.07,152.933,474
Government,-27.682,153.035,600
Government,-27.945,153.366,925
Government,-27.613,152.959,738
Government,-26.691,153.103,778
Government,-16.464,145.374,553
Government,-27.479,153.019,3594
Government,-24.877,152.35,1593
Government,-16.916,145.768,1636
Government,-20.08,146.259,303
Government,-26.189,152.679,1012
Government,-19.577,147.41,497
Government,-21.153,149.177,1254
Government,-23.644,150.387,230
Government,-23.369,150.499,1256
Government,-27.545,151.965,775
Government,-28.21,152.034,702
Government,-25.517,152.688,581
Government,-24.85,152.34,676
Government,-25.534,152.698,1214
Government,-27.455,153.177,1109
Government,-27.383,153.015,1236
Government,-27.514,152.978,333
Government,-27.517,153.073,2037
Government,-18.654,146.169,422
Government,-23.336,150.517,646
Government,-23.852,151.251,1239
Government,-26.623,152.962,1469
Government,-27.176,151.262,1090
Government,-27.501,152.984,2924
Government,-27.963,153.402,2231
Government,-27.575,151.932,1641
Government,-27.415,153.04,1700
Government,-27.41,152.966,712
Government,-23.352,150.532,968
Government,-27.456,153.073,929
Government,-26.543,151.832,946
Government,-27.224,153.111,1444
Government,-27.985,153.399,1001
Government,-27.329,153.057,993
Government,-27.398,153.038,1522
Government,-19.289,146.783,1465
Government,-27.633,152.755,2020
Government,-17.26,145.486,781
Government,-26.236,151.945,318
Government,-27.445,152.95,1702
Government,-27.517,153.023,1020
Government,-27.544,152.986,2125
Government,-27.535,153.074,1217
Government,-16.923,145.752,1784
Government,-16.996,145.416,721
Government,-27.545,153.106,3807
Government,-27.408,152.998,482
Government,-27.567,152.277,950
Government,-25.233,152.274,392
Government,-28.646,151.932,523
Government,-19.999,148.236,679
Government,-27.084,152.961,1373
Government,-17.359,145.593,538
Government,-26.397,146.257,216
Government,-27.591,152.746,1776
Government,-27.53,153.26,2302
Government,-27.357,153.024,1144
Government,-27.486,153.054,407
Government,-27.414,153.063,610
Government,-27.576,153.06,641
Government,-27.971,152.997,1257
Government,-27.715,153.204,2358
Government,-24.399,150.518,529
Government,-28.063,153.438,1542
Government,-26.749,150.62,572
Government,-26.425,152.91,882
Government,-25.632,151.606,158
Government,-20.406,148.582,1116
Government,-27.248,153.089,877
Government,-28.538,150.298,453
Government,-25.282,152.832,1280
Government,-19.667,147.423,165
Government,-24.876,152.377,1074
Government,-21.116,149.174,1253
Government,-26.655,153.076,1205
Government,-24.87,151.119,149
Government,-27.445,151.719,455
Government,-19.272,146.81,841
Government,-21.42,149.214,775
Government,-27.296,152.989,902
Government,-17.94,145.931,721
Government,-27.462,153.15,910
Government,-27.995,152.689,599
Government,-17.089,145.778,623
Government,-27.2,153.03,1374
Government,-26.41,153.101,1405
Government,-26.863,152.954,855
Government,-25.297,152.876,1342
Government,-27.934,151.917,310
Government,-23.438,144.262,205
Government,-26.794,153.126,1316
Government,-21.158,148.862,786
Government,-27.307,153.044,626
Government,-27.71,151.646,506
Government,-19.287,146.755,715
Government,-27.58,151.964,1738
Government,-23.514,148.158,847
Government,-23.135,150.736,1062
Government,-27.566,153.077,1297
Government,-27.531,153.059,529
Government,-27.643,153.099,1088
Government,-28.132,153.474,2819
Government,-27.615,152.814,794
Government,-24.991,151.969,404
Government,-27.508,152.93,1973
Government,-26.94,152.567,432
Government,-23.572,148.883,307
Government,-22.0,148.059,756
Government,-24.575,149.982,157
Government,-26.176,152.656,1027
Government,-27.664,153.112,866
Government,-27.613,153.136,577
Government,-27.23,152.981,980
Government,-28.031,148.593,189
Government,-26.653,150.185,164
Government,-26.63,152.947,809
Government,-19.309,146.734,1922
Government,-28.04,153.416,930
Government,-27.406,152.934,1881
Government,-27.662,153.187,958
Government,-28.005,153.388,2129
Government,-27.636,152.586,485
Government,-23.873,151.27,1165
Government,-27.674,153.142,928
Government,-27.109,152.953,1654
Government,-27.357,152.969,1550
Government,-22.584,148.355,197
Government,-26.667,151.993,488
Government,-27.586,153.112,1547
Government,-16.812,145.696,1135
Government,-27.467,152.582,643
Government,-27.639,153.129,1814
Government,-16.961,145.742,750
Government,-27.636,152.405,672
Government,-27.67,153.054,1185
Government,-26.502,153.086,1551
Government,-27.924,153.378,1113
Government,-27.593,153.078,838
Government,-21.096,149.181,536
Government,-28.001,153.328,998
Government,-20.548,147.835,145
Government,-19.336,146.719,659
Government,-27.3,152.962,1830
Government,-27.653,152.869,1539
Government,-27.524,153.215,1460
Government,-27.685,153.111,3857
Government,-26.766,152.857,647
Government,-27.491,153.229,767
Government,-27.103,152.388,303
Government,-27.083,153.166,1020
Government,-23.088,148.03,149
Government,-28.129,153.45,949
Government,-27.898,153.327,1875
Government,-22.828,147.639,171
Government,-19.315,146.801,862
Government,-27.701,153.034,1696
Government,-27.07,152.929,897
Government,-27.74,153.19,1202
Government,-26.689,153.104,2091
Government,-27.933,153.19,943
Government,-26.714,153.068,2609
Government,-27.592,152.915,195
Government,-27.807,152.956,861
Government,-27.238,153.025,2407
Government,-27.87,153.296,1682
Government,-28.092,153.376,888
Government,-19.304,146.777,198
Government,-27.45,153.012,3617
Government,-27.501,153.082,832
Government,-27.642,153.102,381
Government,-23.852,151.247,87
Government,-19.579,147.408,19
Government,-20.724,139.513,35
Government,-27.413,152.976,78
Government,-26.188,152.681,88
Government,-27.223,153.113,89
Government,-23.383,150.512,103
Government,-27.283,152.984,348
Government,-27.545,153.123,118
Government,-27.587,152.978,220
Government,-27.62,152.752,135
Government,-25.518,152.696,75
Government,-27.614,152.767,108
Government,-27.448,153.187,182
Government,-27.961,153.395,212
Government,-24.887,152.339,106
Government,-27.356,153.021,142
Government,-27.548,151.941,140
Government,-27.55,153.261,236
Government,-27.616,152.894,359
Government,-27.494,153.062,384
Government,-23.349,150.537,90
Government,-26.633,152.946,132
Government,-27.606,153.091,88
Government,-27.256,153.1,129
Government,-28.152,153.472,95
Government,-27.097,152.944,197
Government,-28.078,153.364,167
Government,-27.724,153.201,381
Government,-26.778,153.136,177
Government,-27.63,153.045,252
Government,-25.296,152.852,105
Government,-27.629,152.788,199
Government,-27.379,153.051,150
Government,-27.572,153.048,112
Government,-21.095,149.171,82
Government,-27.534,153.064,158
Government,-27.451,153.001,83
Government,-27.563,151.925,183
Government,-27.542,152.942,156
Government,-27.496,153.045,53
Government,-16.924,145.751,3692
Government,-26.395,146.259,172
Government,-20.721,139.509,175
Government,-27.486,153.054,3100
Government,-20.089,146.268,2395
Government,-23.441,144.283,198
Government,-23.533,148.152,5463
Government,-27.379,153.082,803
Government,-27.536,153.19,1022
Government,-27.16,152.938,702
Government,-27.638,153.058,3578
Government,-27.671,152.922,1124
Government,-26.741,153.126,2495
Government,-16.804,145.618,285
Government,-27.937,153.303,901
Government,-27.846,153.301,654
Government,-27.216,153.008,1134
Government,-27.893,153.283,899
Government,-27.771,153.264,1404
Catholic,-27.204,153.11,1653
Catholic,-21.082,149.185,149
Catholic,-23.545,148.159,697
Catholic,-19.364,146.724,276
Catholic,-21.11,149.157,597
Catholic,-21.111,149.157,1139
Catholic,-26.717,153.058,889
Catholic,-27.497,153.229,557
Catholic,-19.315,146.802,1479
Catholic,-20.061,146.273,425
Catholic,-27.668,153.11,122
Catholic,-27.928,153.316,720
Catholic,-16.905,145.699,1373
Catholic,-27.834,153.038,1501
Catholic,-26.717,153.058,616
Catholic,-27.533,151.955,79
Catholic,-28.221,152.031,321
Catholic,-25.286,152.805,1322
Catholic,-27.451,151.943,1047
Catholic,-26.406,153.032,801
Catholic,-27.618,153.029,516
Catholic,-27.658,152.889,1555
Catholic,-27.47,153.085,615
Catholic,-27.265,152.978,403
Catholic,-27.52,152.978,225
Catholic,-27.635,153.147,542
Catholic,-27.446,153.176,447
Catholic,-27.424,153.04,93
Catholic,-27.5,152.98,118
Catholic,-27.432,153.032,56
Catholic,-27.465,153.046,265
Catholic,-27.294,152.971,484
Catholic,-27.629,152.739,248
Catholic,-27.516,153.031,67
Catholic,-27.449,152.974,118
Catholic,-27.421,153.067,179
Catholic,-27.414,152.975,159
Catholic,-27.579,153.024,174
Catholic,-27.581,153.062,560
Catholic,-27.503,153.063,605
Catholic,-27.394,153.04,606
Catholic,-27.417,152.991,303
Catholic,-27.511,152.937,221
Catholic,-27.568,152.952,508
Catholic,-27.266,152.979,246
Catholic,-27.404,153.008,296
Catholic,-27.616,152.793,548
Catholic,-27.317,153.067,187
Catholic,-27.426,153.055,359
Catholic,-27.532,153.072,455
Catholic,-27.44,153.006,152
Catholic,-27.407,153.026,694
Catholic,-27.554,153.079,181
Catholic,-27.538,153.019,76
Catholic,-27.551,153.091,520
Catholic,-27.429,153.018,495
Catholic,-27.67,153.034,712
Catholic,-27.366,153.033,647
Catholic,-27.521,153.044,363
Catholic,-27.446,152.994,187
Catholic,-27.35,153.037,419
Catholic,-27.611,152.899,470
Catholic,-16.968,145.741,399
Catholic,-27.486,152.987,272
Catholic,-27.494,153.023,356
Catholic,-27.499,153.052,132
Catholic,-27.52,153.059,333
Catholic,-27.458,153.185,452
Catholic,-27.459,152.98,368
Catholic,-27.538,152.984,488
Catholic,-27.483,153.033,302
Catholic,-27.591,152.757,390
Catholic,-27.508,152.966,1273
Catholic,-27.404,153.057,167
Catholic,-27.712,153.2,518
Catholic,-27.325,153.034,707
Catholic,-27.374,153.047,356
Catholic,-27.294,153.055,343
Catholic,-27.594,152.969,448
Catholic,-27.492,153.09,627
Catholic,-27.612,152.757,556
Catholic,-27.636,153.111,346
Catholic,-27.439,152.946,129
Catholic,-27.081,152.952,646
Catholic,-27.459,153.064,548
Catholic,-27.593,153.122,508
Catholic,-27.371,153.08,504
Catholic,-27.558,153.037,166
Catholic,-27.514,153.011,117
Catholic,-27.487,153.072,325
Catholic,-27.667,153.189,561
Catholic,-27.408,152.962,520
Catholic,-27.18,153.021,361
Catholic,-27.521,153.217,508
Catholic,-27.409,152.926,539
Catholic,-28.0,152.686,137
Catholic,-27.973,153.384,815
Catholic,-28.101,153.428,1020
Catholic,-27.558,152.272,246
Catholic,-28.15,153.459,482
Catholic,-27.641,152.595,214
Catholic,-27.909,153.402,665
Catholic,-25.236,152.281,149
Catholic,-25.624,151.606,71
Catholic,-26.239,151.946,105
Catholic,-26.638,152.945,927
Catholic,-27.991,152.992,414
Catholic,-27.635,152.391,260
Catholic,-25.534,152.703,359
Catholic,-26.193,152.665,346
Catholic,-26.672,151.996,73
Catholic,-25.307,152.874,388
Catholic,-28.035,153.403,794
Catholic,-28.005,153.391,427
Catholic,-26.797,153.143,321
Catholic,-26.654,153.072,737
Catholic,-19.277,146.782,374
Catholic,-17.019,145.42,652
Catholic,-27.551,151.946,148
Catholic,-27.559,151.973,433
Catholic,-27.557,151.933,454
Catholic,-28.073,145.683,75
Catholic,-27.539,151.931,246
Catholic,-27.573,151.936,234
Catholic,-27.692,153.083,843
Catholic,-26.617,144.27,31
Catholic,-27.928,151.905,43
Catholic,-26.743,150.627,288
Catholic,-27.873,151.272,82
Catholic,-27.275,150.46,52
Catholic,-28.414,151.081,37
Catholic,-28.545,150.306,385
Catholic,-27.441,151.719,193
Catholic,-26.404,146.243,157
Catholic,-28.035,151.977,84
Catholic,-28.035,148.586,149
Catholic,-26.485,147.974,29
Catholic,-27.571,151.953,486
Catholic,-27.719,151.637,195
Catholic,-27.58,151.962,319
Catholic,-27.171,151.268,681
Catholic,-24.117,148.093,23
Catholic,-23.159,150.764,552
Catholic,-23.848,151.259,339
Catholic,-21.425,149.215,162
Catholic,-23.341,150.528,619
Catholic,-21.15,149.16,569
Catholic,-21.162,149.067,349
Catholic,-23.875,151.218,649
Catholic,-23.556,145.287,16
Catholic,-24.397,150.515,166
Catholic,-24.42,145.46,53
Catholic,-24.868,152.35,167
Catholic,-22.822,147.639,165
Catholic,-21.123,149.187,349
Catholic,-23.358,150.51,341
Catholic,-23.373,150.494,366
Catholic,-24.893,152.37,490
Catholic,-23.365,150.528,349
Catholic,-21.154,149.184,384
Catholic,-23.523,148.163,482
Catholic,-24.877,152.34,510
Catholic,-23.399,150.501,357
Catholic,-24.867,151.121,36
Catholic,-20.715,139.507,140
Catholic,-19.302,146.755,686
Catholic,-18.654,146.159,327
Catholic,-20.411,148.592,725
Catholic,-19.659,147.416,118
Catholic,-20.846,144.202,32
Catholic,-19.57,147.401,222
Catholic,-20.554,147.845,72
Catholic,-20.701,140.506,188
Catholic,-19.294,146.792,356
Catholic,-20.745,139.491,313
Catholic,-19.253,146.818,355
Catholic,-20.012,148.242,146
Catholic,-22.385,143.04,47
Catholic,-18.582,146.288,21
Catholic,-18.737,146.577,127
Catholic,-17.521,146.029,340
Catholic,-16.9,145.756,354
Catholic,-16.943,145.737,506
Catholic,-10.583,142.216,131
Catholic,-17.147,145.112,50
Catholic,-16.462,145.369,109
Catholic,-17.937,145.921,170
Catholic,-16.924,145.741,382
Catholic,-17.737,146.005,48
Catholic,-17.265,145.478,287
Catholic,-16.927,145.767,348
Catholic,-17.095,145.787,279
Catholic,-17.343,145.923,27
Catholic,-17.599,145.996,107
Catholic,-17.611,145.488,85
Catholic,-17.006,145.731,541
Catholic,-16.994,145.426,431
Catholic,-27.438,153.147,1802
Catholic,-27.407,153.025,1547
Catholic,-27.079,152.963,1171
Catholic,-27.462,153.03,980
Catholic,-27.457,153.025,1896
Catholic,-27.487,153.025,2033
Catholic,-27.44,152.978,1827
Catholic,-27.323,153.083,1410
Catholic,-27.496,153.052,1561
Catholic,-27.858,153.302,1516
Catholic,-27.975,153.384,805
Catholic,-27.572,151.971,913
Catholic,-26.572,148.78,826
Catholic,-27.56,151.943,930
Catholic,-18.644,146.155,313
Catholic,-19.316,146.718,2019
Catholic,-16.926,145.768,777
Catholic,-27.501,152.981,980
Catholic,-27.314,153.044,714
Catholic,-27.404,153.059,618
Catholic,-27.51,153.064,989
Catholic,-27.47,153.059,1225
Catholic,-27.406,153.027,970
Catholic,-27.445,152.988,849
Catholic,-27.516,153.032,343
Catholic,-27.491,153.091,805
Catholic,-27.47,152.974,815
Catholic,-27.61,152.754,1171
Catholic,-27.359,153.062,1730
Catholic,-27.71,153.199,954
Catholic,-27.61,152.755,730
Catholic,-27.461,153.033,1707
Catholic,-27.599,152.838,1103
Catholic,-27.425,153.056,1225
Catholic,-27.574,153.049,1161
Catholic,-27.553,153.076,1215
Catholic,-28.045,153.365,820
Catholic,-27.667,153.205,932
Catholic,-28.101,153.43,1262
Catholic,-26.63,152.96,341
Catholic,-25.543,152.697,313
Catholic,-26.535,151.842,288
Catholic,-26.192,152.667,514
Catholic,-28.225,152.028,444
Catholic,-27.535,151.958,1187
Catholic,-28.652,151.938,492
Catholic,-23.945,151.36,218
Catholic,-27.572,151.954,295
Catholic,-27.556,151.941,401
Catholic,-24.896,152.34,1558
Catholic,-23.35,150.523,1320
Catholic,-23.867,151.242,854
Catholic,-23.439,144.251,117
Catholic,-23.115,150.728,1034
Catholic,-23.13,150.744,606
Catholic,-20.722,139.495,434
Catholic,-19.565,147.414,293
Catholic,-19.299,146.758,959
Catholic,-26.405,153.102,578
Catholic,-19.277,146.799,707
Catholic,-27.15,152.969,1494
Catholic,-19.252,146.817,663
Catholic,-18.479,145.905,78
Catholic,-23.449,150.464,331
Catholic,-23.386,150.505,1357
Catholic,-17.521,146.028,414
Catholic,-17.378,145.384,145
Catholic,-16.971,145.742,949
Catholic,-16.918,145.773,697
Catholic,-26.801,153.09,1450
Catholic,-28.001,153.318,338
Catholic,-27.592,153.294,388
Catholic,-27.565,153.267,1220
Catholic,-27.35,152.971,616
Catholic,-27.549,153.197,359
Catholic,-27.191,153.03,122
Catholic,-26.405,153.099,102
Catholic,-19.269,146.803,204
Catholic,-27.233,153.032,762
Catholic,-27.529,153.279,166
Catholic,-23.095,150.74,370
Catholic,-16.811,145.695,572
Catholic,-20.712,139.511,53
Independent,-23.338,150.537,593
Independent,-25.318,152.854,1010
Independent,-27.928,153.176,546
Independent,-27.618,153.093,1712
Independent,-26.734,152.843,77
Independent,-27.87,153.307,1315
Independent,-26.453,153.032,324
Independent,-24.867,152.408,845
Independent,-20.289,148.675,421
Independent,-27.858,153.305,1595
Independent,-27.57,153.233,1481
Independent,-26.686,153.005,1472
Independent,-23.936,151.22,125
Independent,-28.003,153.291,765
Independent,-27.562,151.9,127
Independent,-27.058,152.953,2110
Independent,-27.056,152.938,218
Independent,-27.798,153.263,116
Independent,-27.661,153.11,1678
Independent,-27.545,153.098,587
Independent,-27.568,152.417,848
Independent,-27.578,153.055,121
Independent,-27.681,153.235,745
Independent,-26.862,152.952,1180
Independent,-23.553,148.171,107
Independent,-27.715,153.037,970
Independent,-26.757,153.107,1204
Independent,-27.257,153.015,567
Independent,-26.479,153.069,347
Independent,-25.314,152.797,142
Independent,-27.793,153.267,1222
Independent,-16.811,145.587,157
Independent,-27.486,153.142,285
Independent,-27.98,153.363,1322
Independent,-27.472,153.174,568
Independent,-26.495,153.077,1459
Independent,-19.252,146.806,1288
Independent,-27.344,152.965,214
Independent,-26.825,153.103,228
Independent,-26.428,152.904,478
Independent,-25.299,152.813,754
Independent,-27.597,152.988,1573
Independent,-27.234,153.023,1169
Independent,-26.535,153.047,491
Independent,-27.417,152.989,895
Independent,-27.559,151.977,682
Independent,-27.709,153.149,1502
Independent,-27.482,153.051,1901
Independent,-16.979,145.745,1204
Independent,-27.539,152.979,1075
Independent,-27.316,153.004,1283
Independent,-27.431,153.05,1436
Independent,-20.063,146.277,431
Independent,-28.061,153.361,1828
Independent,-27.983,153.414,1621
Independent,-19.296,146.779,1205
Independent,-26.699,153.059,1426
Independent,-27.59,152.705,1495
Independent,-27.969,153.409,1258
Independent,-24.854,152.388,1090
Independent,-27.621,152.972,1329
Independent,-27.563,151.936,700
Independent,-27.487,152.988,1393
Independent,-27.42,153.052,604
Independent,-28.091,152.843,475
Independent,-27.484,153.025,1377
Independent,-27.555,151.977,849
Independent,-27.221,152.985,952
Independent,-28.102,153.401,237
Independent,-27.596,152.746,108
Independent,-27.569,151.905,362
Independent,-24.853,152.332,61
Independent,-17.076,145.792,63
Independent,-19.306,146.767,61
Independent,-21.101,149.165,281
Independent,-27.694,153.158,353
Independent,-27.506,152.983,2330
Independent,-27.573,151.93,664
Independent,-26.671,153.081,1239
Independent,-26.618,152.901,108
Independent,-28.204,152.044,122
Independent,-27.524,152.919,60
Independent,-23.389,150.496,405
Independent,-27.46,153.017,1996
Independent,-27.459,153.02,1558
Independent,-27.614,152.771,1047
Independent,-27.613,152.752,1336
Independent,-27.563,151.969,1145
Independent,-23.383,150.495,1472
Independent,-26.409,153.05,1121
Independent,-24.13,149.458,57
Independent,-27.584,151.982,53
Independent,-26.671,153.007,276
Independent,-27.616,153.142,952
Independent,-19.32,146.713,237
Independent,-27.471,153.152,1236
Independent,-28.211,152.045,470
Independent,-28.106,153.398,2055
Independent,-19.313,146.779,687
Independent,-27.068,153.02,368
Independent,-23.871,151.257,607
Independent,-27.394,152.991,1245
Independent,-25.298,152.816,631
Independent,-27.611,152.887,1293
Independent,-27.489,151.947,810
Independent,-28.097,153.396,5166
Independent,-27.172,151.278,419
Independent,-26.8,153.118,438
Independent,-27.556,153.145,28
Independent,-27.581,153.026,260
Independent,-27.634,153.148,2235
Independent,-27.212,153.061,1867
Independent,-27.288,152.953,1618
Independent,-27.754,153.2,982
Independent,-23.373,150.516,274
Independent,-25.518,152.665,1329
Independent,-27.689,152.908,784
Independent,-27.254,153.09,479
Independent,-27.638,152.776,356
Independent,-27.557,152.275,329
Independent,-27.585,153.293,1102
Independent,-24.402,150.52,317
Independent,-24.869,152.362,333
Independent,-27.391,152.977,653
Independent,-27.555,152.928,366
Independent,-27.072,152.933,339
Independent,-26.538,151.856,692
Independent,-28.122,153.433,1377
Independent,-16.88,145.691,544
Independent,-27.218,153.056,1567
Independent,-27.584,153.124,1111
Independent,-27.531,152.963,189
Independent,-26.738,150.641,462
Independent,-27.388,152.963,103
Independent,-27.515,153.248,1524
Independent,-27.461,153.086,1355
Independent,-27.817,153.018,768
Independent,-20.07,146.257,379
Independent,-27.492,153.232,1443
Independent,-28.091,153.375,1612
Independent,-28.017,153.37,1686
Independent,-27.392,152.859,500
Independent,-27.928,153.36,1652
Independent,-26.199,152.641,537
Independent,-27.527,152.964,223
Independent,-27.6,151.951,670
Independent,-26.665,152.977,1136
Independent,-26.163,152.663,851
Independent,-27.535,153.113,1805
Independent,-19.573,147.417,380
Independent,-17.274,145.479,850
Independent,-27.558,153.039,1118
Independent,-19.27,146.738,1128
Independent,-26.644,152.96,1309
Independent,-16.893,145.709,562
Independent,-21.115,149.182,879
Independent,-21.1,149.174,1151
Independent,-17.08,145.776,259
Independent,-17.671,141.08,111
Independent,-23.329,150.516,1040
Independent,-27.179,152.987,1733
Government,-35.02,117.892,830
Government,-32.029,115.834,1962
Government,-32.162,116.016,762
Government,-31.876,115.813,1088
Government,-31.956,115.936,1004
Government,-33.961,116.141,152
Government,-33.327,115.633,1033
Government,-33.657,115.326,594
Government,-24.867,113.678,447
Government,-31.917,115.789,2221
Government,-33.363,116.157,537
Government,-31.875,116.22,789
Government,-33.86,121.871,761
Government,-31.89,115.99,751
Government,-31.89,115.926,1092
Government,-33.084,115.907,271
Government,-32.049,115.758,1768
Government,-31.905,115.9,1122
Government,-31.978,116.059,1156
Government,-33.683,117.568,355
Government,-31.985,115.893,1215
Government,-32.238,115.815,1251
Government,-34.234,116.134,573
Government,-33.96,115.074,1196
Government,-32.047,115.805,1398
Government,-31.878,115.854,575
Government,-31.922,115.871,2041
Government,-32.937,117.19,564
Government,-33.36,115.634,485
Government,-31.648,116.668,669
Government,-31.945,115.837,1472
Government,-32.633,115.872,685
Government,-32.045,115.87,2824
Government,-32.003,115.87,838
Government,-31.852,115.845,596
Government,-31.875,115.884,1013
Government,-30.641,116.014,196
Government,-20.4,118.597,1138
Government,-32.285,115.737,1035
Government,-32.065,115.96,1125
Government,-20.746,116.825,1253
Government,-31.852,115.777,2545
Government,-32.12,116.01,1335
Government,-32.101,116.928,185
Government,-32.802,116.467,290
Government,-33.836,116.391,197
Government,-32.372,117.009,120
Government,-17.955,122.231,825
Government,-31.873,118.144,100
Government,-31.662,116.034,927
Government,-29.687,115.892,58
Government,-32.327,117.877,125
Government,-31.655,117.245,144
Government,-30.271,116.662,221
Government,-34.958,117.365,422
Government,-17.309,123.635,606
Government,-33.575,115.821,468
Government,-31.192,117.033,132
Government,-21.933,114.124,536
Government,-33.938,118.008,145
Government,-33.943,118.918,114
Government,-31.632,117.718,110
Government,-33.84,117.157,224
Government,-32.669,118.153,115
Government,-33.104,118.46,127
Government,-26.593,118.492,104
Government,-29.211,116.006,209
Government,-30.916,118.209,105
Government,-28.537,115.512,83
Government,-33.99,115.765,60
Government,-32.063,118.392,157
Government,-32.192,121.775,91
Government,-28.352,114.645,138
Government,-34.633,116.119,43
Government,-34.448,116.046,132
Government,-32.007,117.399,133
Government,-33.582,120.052,103
Government,-31.231,119.327,54
Government,-22.687,117.794,311
Government,-31.548,116.473,275
Government,-33.312,117.343,217
Government,-32.845,115.93,298
Government,-30.891,116.721,208
Government,-31.175,117.386,46
Government,-15.488,128.121,112
Government,-31.894,116.76,373
Government,-31.837,115.842,458
Government,-31.206,121.619,292
Government,-31.876,115.935,620
Government,-32.041,115.917,1264
Government,-23.362,119.734,357
Government,-31.976,116.01,1144
Government,-31.888,116.043,706
Government,-32.085,115.982,1209
Government,-31.827,115.791,944
Government,-15.768,128.738,1010
Government,-31.757,115.814,1367
Government,-32.06,115.879,2767
Government,-32.048,116.008,311
Government,-32.304,115.741,1148
Government,-31.822,115.766,1851
Government,-29.25,114.929,342
Government,-32.142,115.99,767
Government,-32.013,116.052,976
Government,-31.837,115.815,811
Government,-31.343,115.912,372
Government,-34.991,117.862,881
Government,-31.76,115.738,1353
Government,-31.936,115.842,336
Government,-28.06,117.846,114
Government,-32.074,115.856,1164
Government,-31.791,115.801,1251
Government,-18.225,127.669,306
Government,-33.277,115.728,1079
Government,-32.547,115.75,886
Government,-18.171,125.57,269
Government,-32.109,115.846,566
Government,-28.885,121.332,100
Government,-10.435,105.669,273
Government,-31.77,115.763,959
Government,-30.307,115.04,364
Government,-12.188,96.829,110
Government,-31.844,115.892,929
Government,-32.344,115.758,815
Government,-31.677,115.725,325
Government,-33.318,115.722,449
Government,-32.555,115.693,1394
Government,-31.958,115.804,2757
Government,-32.014,115.936,819
Government,-31.718,115.734,1027
Government,-27.713,114.164,208
Government,-32.083,115.922,1384
Government,-32.416,115.765,1879
Government,-31.786,115.966,1442
Government,-33.678,115.246,1168
Government,-31.811,115.841,1854
Government,-33.405,115.625,576
Government,-32.145,115.863,831
Government,-30.768,121.48,854
Government,-34.613,117.663,632
Government,-28.795,114.633,847
Government,-33.359,115.634,418
Government,-35.018,117.891,396
Government,-33.336,116.099,89
Government,-28.764,114.623,363
Government,-33.351,116.15,331
Government,-32.072,115.772,321
Government,-32.011,115.839,571
Government,-32.027,115.834,448
Government,-32.148,116.026,440
Government,-31.915,115.941,165
Government,-32.026,115.802,440
Government,-34.318,115.158,110
Government,-31.646,116.662,117
Government,-32.124,118.021,5
Government,-30.403,115.551,32
Government,-31.748,116.462,125
Government,-31.881,115.828,292
Government,-32.308,115.818,612
Government,-31.861,115.845,213
Government,-33.787,115.982,57
Government,-31.908,115.954,380
Government,-31.921,115.911,460
Government,-28.787,114.605,154
Government,-30.451,117.868,20
Government,-31.95,115.947,243
Government,-31.944,115.922,73
Government,-30.808,117.857,28
Government,-32.011,115.912,336
Government,-32.033,115.787,562
Government,-31.381,116.097,185
Government,-28.042,114.675,10
Government,-28.74,114.623,218
Government,-31.274,116.51,23
Government,-32.035,115.826,435
Government,-34.073,118.263,24
Government,-30.78,121.488,263
Government,-33.486,115.73,123
Government,-34.394,119.376,36
Government,-32.041,115.848,331
Government,-33.955,116.14,228
Government,-33.845,117.635,34
Government,-33.252,115.834,56
Government,-33.333,115.638,423
Government,-33.335,115.652,278
Government,-33.34,115.643,393
Government,-33.308,115.815,70
Government,-33.639,115.377,180
Government,-33.655,115.315,347
Government,-32.22,116.012,426
Government,-30.77,117.137,16
Government,-31.088,116.453,24
Government,-32.245,115.809,413
Government,-32.024,115.957,391
Government,-33.557,115.566,320
Government,-33.349,115.651,282
Government,-31.974,115.922,315
Government,-33.832,121.909,488
Government,-31.858,115.983,404
Government,-28.5,114.791,7
Government,-18.988,125.511,10
Government,-31.857,116.268,132
Government,-18.878,125.923,64
Government,-31.927,115.795,481
Government,-31.936,115.765,163
Government,-31.986,115.782,398
Government,-31.991,115.873,298
Government,-31.997,115.861,460
Government,-33.755,122.527,53
Government,-32.126,115.772,605
Government,-32.129,115.797,417
Government,-31.914,115.859,401
Government,-30.95,121.166,47
Government,-29.88,116.024,40
Government,-32.002,115.761,351
Government,-31.989,115.765,348
Government,-33.851,115.107,400
Government,-34.293,117.552,51
Government,-27.422,117.897,23
Government,-31.996,115.798,330
Government,-20.665,116.707,193
Government,-32.51,115.977,172
Government,-30.673,115.702,46
Government,-33.401,115.761,221
Government,-31.92,116.079,375
Government,-31.894,115.865,363
Government,-31.883,115.866,448
Government,-31.898,115.778,476
Government,-33.601,115.101,751
Government,-32.715,116.064,47
Government,-33.322,115.702,407
Government,-31.893,115.946,414
Government,-31.902,115.909,199
Government,-29.82,115.268,30
Government,-33.863,121.89,453
Government,-33.349,116.168,172
Government,-31.959,115.937,346
Government,-31.89,115.887,303
Government,-31.937,115.791,571
Government,-31.991,116.009,186
Government,-34.362,117.077,56
Government,-32.048,115.76,409
Government,-32.034,115.757,157
Government,-25.053,115.208,6
Government,-31.924,115.763,348
Government,-28.779,114.607,397
Government,-31.915,116.1,235
Government,-18.292,125.584,82
Government,-32.077,116.004,434
Government,-31.969,115.783,325
Government,-33.851,116.06,35
Government,-31.898,116.048,380
Government,-31.902,115.968,315
Government,-31.86,115.761,417
Government,-32.077,115.79,257
Government,-31.887,115.917,394
Government,-33.078,115.894,258
Government,-31.924,116.049,334
Government,-31.829,116.02,190
Government,-31.941,115.867,943
Government,-31.94,116.003,387
Government,-31.91,115.903,496
Government,-32.068,115.784,386
Government,-31.97,115.807,358
Government,-32.449,118.86,61
Government,-31.917,115.886,630
Government,-31.892,115.79,368
Government,-32.139,115.847,539
Government,-32.338,116.062,68
Government,-33.707,120.473,5
Government,-23.36,120.783,86
Government,-31.948,115.809,421
Government,-31.971,116.052,368
Government,-30.363,117.115,24
Government,-30.745,121.47,496
Government,-30.747,121.485,158
Government,-30.738,121.46,481
Government,-30.762,121.477,350
Government,-14.294,126.643,114
Government,-34.218,115.096,55
Government,-31.87,115.776,561
Government,-33.692,117.559,234
Government,-32.119,116.021,367
Government,-34.483,117.618,67
Government,-31.981,115.883,447
Government,-31.976,115.944,219
Government,-33.706,115.892,28
Government,-32.494,118.264,32
Government,-32.007,115.873,138
Government,-30.827,117.483,27
Government,-33.186,118.086,32
Government,-31.919,115.851,364
Government,-18.686,121.783,201
Government,-31.871,115.798,552
Government,-33.09,119.675,37
Government,-31.012,115.33,132
Government,-31.97,115.909,673
Government,-28.628,122.404,100
Government,-31.939,115.833,551
Government,-32.004,116.046,304
Government,-32.054,115.987,239
Government,-31.949,116.023,442
Government,-32.529,115.725,285
Government,-34.234,116.136,229
Government,-32.015,115.865,436
Government,-21.17,119.748,23
Government,-33.954,115.075,568
Government,-31.844,115.758,375
Government,-31.628,117.011,22
Government,-32.236,115.805,153
Government,-32.04,115.806,670
Government,-29.69,121.034,13
Government,-31.893,115.996,388
Government,-31.888,116.019,355
Government,-30.493,116.362,25
Government,-31.997,115.902,544
Government,-29.194,115.441,83
Government,-31.88,115.854,410
Government,-30.633,116.004,124
Government,-31.314,119.126,25
Government,-31.892,115.895,228
Government,-32.011,115.763,403
Government,-31.918,115.835,936
Government,-31.876,116.219,136
Government,-31.926,115.876,543
Government,-35.002,117.855,599
Government,-34.839,118.173,19
Government,-28.796,122.186,10
Government,-32.03,115.845,564
Government,-31.895,116.172,336
Government,-32.291,115.985,250
Government,-33.704,120.858,11
Government,-32.934,117.172,266
Government,-32.936,117.188,85
Government,-31.984,115.813,473
Government,-33.094,119.022,45
Government,-31.884,115.841,390
Government,-31.652,116.676,325
Government,-31.666,116.665,130
Government,-21.887,120.107,35
Government,-31.188,118.101,2
Government,-33.544,118.153,33
Government,-33.963,118.487,27
Government,-21.638,115.111,166
Government,-32.036,116.011,158
Government,-31.9,115.825,262
Government,-32.046,115.785,536
Government,-31.883,116.133,288
Government,-29.444,116.286,27
Government,-31.93,115.856,470
Government,-31.981,115.86,395
Government,-32.035,116.131,29
Government,-33.34,115.689,153
Government,-33.533,118.511,19
Government,-32.629,115.866,609
Government,-20.304,118.634,478
Government,-31.999,115.944,336
Government,-28.78,114.629,261
Government,-31.935,115.946,301
Government,-32.036,115.77,461
Government,-32.034,115.9,650
Government,-32.282,115.723,406
Government,-20.767,117.143,141
Government,-31.961,115.816,470
Government,-32.04,115.866,407
Government,-32.299,115.714,592
Government,-32.983,121.646,17
Government,-31.902,116.203,150
Government,-31.897,115.767,278
Government,-31.885,115.781,344
Government,-31.883,115.767,486
Government,-32.366,115.981,229
Government,-25.922,113.532,85
Government,-32.059,115.753,201
Government,-32.101,115.787,114
Government,-35.005,117.901,303
Government,-34.58,118.159,12
Government,-31.951,115.823,706
Government,-31.973,115.77,465
Government,-31.867,116.037,340
Government,-31.787,116.024,398
Government,-31.886,116.049,289
Government,-34.041,117.643,35
Government,-31.64,117.486,16
Government,-32.053,115.965,470
Government,-29.535,115.761,55
Government,-31.959,115.92,333
Government,-31.114,117.79,14
Government,-31.901,115.84,648
Government,-33.679,115.249,744
Government,-31.971,115.892,510
Government,-31.979,115.908,429
Government,-28.94,114.799,65
Government,-34.978,116.729,47
Government,-31.924,115.821,335
Government,-32.678,116.673,26
Government,-31.751,115.801,414
Government,-31.997,115.983,870
Government,-34.496,118.604,28
Government,-31.911,115.771,382
Government,-31.935,115.81,756
Government,-31.87,115.838,372
Government,-32.059,115.765,246
Government,-32.786,117.497,66
Government,-32.017,115.912,291
Government,-33.366,116.14,79
Government,-26.599,120.227,93
Government,-33.562,117.435,6
Government,-31.91,115.79,359
Government,-31.804,116.312,33
Government,-28.339,116.68,22
Government,-32.962,115.903,48
Government,-32.593,117.621,10
Government,-30.927,116.393,14
Government,-31.901,115.859,313
Government,-28.327,115.001,11
Government,-31.852,115.834,276
Government,-31.204,121.665,119
Government,-23.354,119.732,265
Government,-32.135,116.016,254
Government,-31.869,115.821,193
Government,-32.291,115.739,233
Government,-31.898,115.937,364
Government,-32.235,115.815,301
Government,-26.13,113.416,21
Government,-32.152,116.001,302
Government,-31.854,115.845,266
Government,-32.051,115.845,371
Government,-32.074,115.98,366
Government,-31.878,115.878,207
Government,-31.831,115.761,442
Government,-32.051,115.952,398
Government,-31.999,116.07,344
Government,-31.891,115.91,158
Government,-32.05,115.882,626
Government,-35.002,117.873,437
Government,-33.441,121.73,43
Government,-32.11,116.006,305
Government,-31.877,115.891,322
Government,-31.849,115.808,317
Government,-20.73,116.861,268
Government,-31.883,115.952,282
Government,-34.246,116.151,253
Government,-32.235,115.837,300
Government,-29.948,114.979,25
Government,-32.008,115.953,602
Government,-23.198,117.673,185
Government,-20.679,117.143,355
Government,-32.605,115.893,123
Government,-22.695,117.792,272
Government,-32.109,116.022,454
Government,-31.956,116.056,429
Government,-33.858,121.873,193
Government,-20.402,118.602,265
Government,-32.089,115.997,233
Government,-21.637,116.324,169
Government,-31.793,115.751,232
Government,-30.5,115.066,55
Government,-31.805,115.761,160
Government,-32.335,115.755,233
Government,-31.813,115.753,522
Government,-31.841,115.787,553
Government,-32.139,116.0,830
Government,-32.091,115.784,83
Government,-32.055,116.004,396
Government,-33.469,121.073,24
Government,-32.283,115.763,256
Government,-32.061,115.861,405
Government,-31.832,115.771,459
Government,-31.757,115.817,346
Government,-31.838,115.862,279
Government,-32.031,115.886,439
Government,-20.405,118.613,592
Government,-32.042,115.916,619
Government,-16.445,123.06,114
Government,-32.037,115.939,323
Government,-32.541,115.735,402
Government,-32.093,115.779,344
Government,-32.066,115.958,421
Government,-32.06,115.882,554
Government,-31.844,115.868,82
Government,-23.363,119.733,426
Government,-21.284,118.402,26
Government,-32.062,115.823,433
Government,-32.077,115.972,439
Government,-31.873,115.809,495
Government,-31.825,115.79,382
Government,-33.37,115.627,178
Government,-31.985,116.004,279
Government,-27.916,120.696,61
Government,-31.851,115.773,578
Government,-32.298,115.755,312
Government,-34.979,117.929,325
Government,-28.801,114.629,390
Government,-31.798,115.761,268
Government,-20.738,116.832,234
Government,-22.682,117.782,275
Government,-32.153,115.949,264
Government,-31.778,115.749,236
Government,-32.162,116.0,94
Government,-32.041,115.928,607
Government,-32.059,115.869,646
Government,-31.991,116.044,298
Government,-32.119,115.999,335
Government,-32.047,115.996,332
Government,-28.719,114.638,395
Government,-31.873,115.951,362
Government,-31.848,115.818,248
Government,-33.279,115.727,182
Government,-31.827,115.782,396
Government,-31.761,115.76,191
Government,-32.032,115.98,385
Government,-31.877,115.908,352
Government,-31.842,115.775,436
Government,-31.673,115.703,358
Government,-33.679,117.561,126
Government,-31.815,115.801,249
Government,-32.112,115.789,299
Government,-20.409,118.608,444
Government,-31.979,116.0,494
Government,-31.829,115.882,310
Government,-32.543,115.704,422
Government,-20.742,116.818,301
Government,-31.764,115.781,414
Government,-31.839,115.797,228
Government,-32.076,115.863,367
Government,-32.515,115.741,250
Government,-32.12,115.819,322
Government,-31.804,115.788,379
Government,-32.052,115.898,947
Government,-16.543,128.36,11
Government,-18.04,124.148,117
Government,-32.109,115.783,95
Government,-31.774,115.758,303
Government,-32.087,115.985,434
Government,-31.766,115.769,322
Government,-31.807,115.802,190
Government,-32.073,115.803,342
Government,-32.105,115.835,280
Government,-32.304,115.761,385
Government,-32.071,115.855,433
Government,-31.776,115.737,294
Government,-31.761,115.752,267
Government,-32.094,115.84,378
Government,-31.829,115.827,188
Government,-32.077,115.949,627
Government,-31.794,115.794,369
Government,-20.742,116.801,683
Government,-16.306,128.247,8
Government,-33.309,115.711,149
Government,-31.829,115.87,339
Government,-31.855,115.863,176
Government,-31.766,115.739,192
Government,-31.869,115.936,273
Government,-31.947,116.007,386
Government,-31.812,115.764,373
Government,-32.072,115.875,286
Government,-31.835,115.892,674
Government,-31.814,115.791,278
Government,-17.958,122.216,299
Government,-32.592,115.644,554
Government,-31.784,115.789,394
Government,-32.534,115.75,427
Government,-32.055,115.834,603
Government,-33.023,116.882,136
Government,-31.762,116.383,63
Government,-17.96,122.238,335
Government,-31.305,116.83,47
Government,-16.718,125.931,36
Government,-24.65,116.933,55
Government,-31.752,115.75,384
Government,-31.858,115.873,176
Government,-32.317,115.751,451
Government,-31.749,115.735,516
Government,-31.87,115.927,429
Government,-18.159,125.761,29
Government,-32.26,115.804,366
Government,-31.794,116.196,187
Government,-30.725,121.452,343
Government,-33.266,115.726,650
Government,-32.143,115.984,648
Government,-32.212,116.005,545
Government,-31.677,115.718,270
Government,-31.723,115.761,381
Government,-32.342,115.765,377
Government,-31.849,115.912,355
Government,-32.076,115.912,419
Government,-32.44,115.758,629
Government,-32.531,115.768,449
Government,-32.55,115.696,386
Government,-31.668,115.713,362
Government,-31.718,115.736,700
Government,-32.358,115.756,362
Government,-30.776,121.466,761
Government,-31.793,115.975,404
Government,-32.37,115.751,387
Government,-31.687,115.709,735
Government,-31.828,115.844,405
Government,-32.133,115.822,515
Government,-31.733,115.748,758
Government,-35.066,117.867,238
Government,-33.348,115.682,98
Government,-32.404,115.759,644
Government,-31.702,115.808,378
Government,-32.094,115.911,646
Government,-32.136,115.868,505
Government,-31.804,115.863,744
Government,-34.963,117.353,427
Government,-33.315,115.727,511
Government,-32.624,115.63,624
Government,-31.658,115.696,385
Government,-17.94,122.232,339
Government,-33.313,117.739,58
Government,-31.878,116.026,121
Government,-33.667,115.329,413
Government,-32.088,115.931,530
Government,-32.358,115.767,450
Government,-32.319,115.763,291
Government,-31.712,115.785,556
Government,-31.646,115.703,530
Government,-27.124,116.391,11
Government,-32.148,115.863,501
Government,-31.808,115.844,682
Government,-25.617,118.558,9
Government,-18.585,124.755,6
Government,-32.082,115.943,330
Government,-32.082,115.809,153
Government,-31.77,115.962,544
Government,-31.906,116.04,124
Government,-32.051,115.804,333
Government,-31.932,115.904,740
Government,-32.344,115.801,661
Government,-31.489,115.591,456
Government,-33.945,120.13,90
Government,-32.247,115.844,705
Government,-32.075,115.934,997
Government,-31.645,115.712,244
Government,-31.716,115.792,497
Government,-32.533,117.079,97
Government,-32.411,115.771,638
Government,-31.771,115.975,555
Government,-31.769,115.817,527
Government,-32.564,115.678,629
Government,-32.102,115.947,692
Government,-31.806,115.828,475
Government,-31.685,115.728,454
Government,-32.139,115.855,582
Government,-29.341,127.097,19
Government,-31.841,115.852,299
Government,-31.791,115.759,365
Government,-31.829,115.808,336
Government,-31.839,115.837,212
Government,-24.883,113.661,42
Government,-30.783,121.487,68
Government,-17.309,123.634,62
Government,-28.744,114.619,61
Government,-20.31,118.592,28
Government,-33.354,115.631,46
Government,-28.78,114.609,70
Government,-31.856,115.846,157
Government,-31.986,115.885,82
Government,-34.234,116.136,27
Government,-31.993,115.906,94
Government,-32.011,115.763,23
Government,-31.915,115.919,242
Government,-32.061,115.882,75
Government,-31.838,115.861,64
Government,-32.037,115.967,101
Government,-32.303,115.744,114
Government,-20.409,118.608,42
Government,-32.051,115.804,227
Government,-31.646,116.661,40
Government,-31.87,115.838,97
Government,-32.084,115.809,58
Government,-31.95,115.948,221
Government,-32.162,116.016,93
Government,-31.971,116.052,69
Government,-32.054,115.987,74
Government,-31.841,115.852,70
Government,-31.774,115.758,75
Government,-31.804,115.788,72
Government,-32.282,115.723,67
Government,-32.074,115.98,67
Government,-31.959,115.936,99
Government,-31.98,115.908,56
Government,-31.878,115.854,116
Government,-31.918,115.835,28
Government,-33.341,115.643,79
Government,-32.162,116.0,525
Government,-30.768,121.48,47
Government,-32.26,115.804,73
Government,-32.5,115.758,89
Government,-32.014,115.936,127
Government,-31.723,115.761,132
Government,-35.005,117.901,60
Government,-33.36,115.634,80
Government,-32.074,115.856,146
Government,-32.342,115.765,92
Government,-32.076,115.913,50
Government,-31.85,115.91,97
Government,-31.77,115.763,111
Government,-31.668,115.713,106
Government,-32.531,115.768,82
Government,-30.778,121.466,52
Government,-32.344,115.758,94
Government,-33.859,121.871,14
Government,-32.285,115.737,76
Government,-31.978,116.059,45
Government,-34.991,117.863,60
Government,-32.37,115.751,92
Government,-32.555,115.693,68
Government,-32.358,115.767,265
Government,-31.958,115.804,36
Government,-33.666,115.328,62
Government,-32.034,115.9,44
Government,-31.823,115.767,114
Government,-31.806,115.762,144
Catholic,-35.0,117.904,675
Catholic,-32.018,115.839,336
Catholic,-32.16,115.992,410
Independent,-32.022,115.803,1334
Catholic,-31.879,115.828,200
Catholic,-31.87,115.849,176
Catholic,-31.906,115.95,208
Catholic,-31.923,115.911,414
Catholic,-32.072,115.773,304
Catholic,-16.981,122.666,58
Catholic,-32.006,115.912,192
Catholic,-28.744,114.622,563
Catholic,-30.782,121.478,193
Catholic,-33.838,116.386,52
Catholic,-33.958,116.141,148
Catholic,-33.255,115.838,85
Catholic,-33.344,115.662,954
Catholic,-33.374,115.634,418
Catholic,-24.886,113.658,321
Catholic,-31.917,115.765,188
Catholic,-31.977,115.789,176
Catholic,-32.014,115.897,135
Catholic,-33.348,116.158,178
Catholic,-32.017,115.864,172
Catholic,-33.398,115.755,195
Catholic,-17.305,123.634,92
Catholic,-31.897,115.873,371
Catholic,-33.575,115.819,113
Catholic,-31.909,115.787,392
Catholic,-32.052,115.753,954
Catholic,-32.052,115.75,112
Catholic,-28.778,114.61,1209
Catholic,-31.301,116.828,42
Catholic,-31.961,116.048,196
Catholic,-32.082,115.987,388
Catholic,-33.083,115.892,164
Catholic,-31.938,115.867,180
Catholic,-32.073,115.789,190
Catholic,-31.912,115.885,626
Catholic,-31.911,115.899,1738
Catholic,-31.894,115.791,138
Catholic,-31.91,115.844,200
Catholic,-30.744,121.472,382
Catholic,-31.881,115.778,152
Catholic,-33.689,117.549,116
Catholic,-33.827,117.161,64
Catholic,-15.772,128.739,115
Catholic,-31.971,115.908,35
Catholic,-31.927,115.843,739
Independent,-32.007,116.039,862
Independent,-31.997,116.052,812
Catholic,-16.515,122.894,38
Catholic,-34.242,116.142,338
Catholic,-32.024,115.865,1332
Catholic,-31.827,115.747,1508
Catholic,-32.253,115.826,406
Catholic,-31.494,118.276,118
Catholic,-31.876,116.014,402
Catholic,-31.897,116.043,390
Catholic,-30.64,116.002,142
Catholic,-31.893,115.889,420
Catholic,-32.009,115.768,1265
Catholic,-31.925,115.864,186
Catholic,-28.539,115.517,35
Catholic,-31.907,116.166,164
Catholic,-32.936,117.175,159
Catholic,-31.888,115.849,192
Catholic,-31.658,116.679,721
Catholic,-28.35,114.629,56
Catholic,-31.864,115.759,587
Catholic,-32.039,115.787,156
Catholic,-34.446,116.035,39
Independent,-31.955,115.866,910
Catholic,-31.96,115.883,1347
Catholic,-31.979,115.855,381
Catholic,-32.63,115.874,190
Catholic,-20.309,118.603,157
Catholic,-32.006,115.938,432
Catholic,-32.004,115.939,910
Catholic,-31.939,115.944,367
Catholic,-32.03,115.894,208
Catholic,-31.96,115.906,181
Catholic,-31.894,115.766,164
Catholic,-31.23,119.324,30
Catholic,-32.122,115.783,468
Catholic,-32.068,115.956,387
Catholic,-31.903,115.831,427
Independent,-31.902,115.832,1032
Catholic,-31.749,115.805,378
Catholic,-32.845,115.923,164
Catholic,-15.486,128.124,35
Catholic,-28.784,114.628,180
Catholic,-31.856,115.848,233
Catholic,-31.848,115.857,1574
Catholic,-31.879,116.004,1346
Catholic,-32.285,115.733,638
Catholic,-17.961,122.222,741
Catholic,-31.834,115.793,394
Catholic,-32.028,115.801,513
Catholic,-31.837,115.839,334
Catholic,-31.928,115.839,179
Catholic,-32.125,116.026,180
Catholic,-31.962,115.785,1492
Catholic,-20.733,116.85,339
Catholic,-31.785,115.758,637
Catholic,-28.778,114.614,394
Independent,-31.924,115.786,1824
Catholic,-32.044,115.935,189
Catholic,-20.1,127.594,22
Catholic,-19.555,127.665,29
Catholic,-17.03,128.212,37
Catholic,-32.044,115.893,380
Catholic,-32.51,115.747,327
Catholic,-32.057,115.842,1789
Catholic,-31.887,115.943,431
Catholic,-20.141,127.986,63
Catholic,-32.07,116.015,1018
Catholic,-30.755,121.469,699
Catholic,-31.816,115.767,427
Catholic,-31.754,115.739,1086
Catholic,-33.283,115.722,422
Catholic,-18.795,128.615,27
Catholic,-20.75,116.817,594
Catholic,-18.21,127.67,33
Catholic,-31.753,115.737,587
Catholic,-32.28,115.753,1270
Catholic,-31.802,115.805,454
Catholic,-32.125,115.827,609
Catholic,-31.845,115.899,393
Catholic,-32.073,115.794,1091
Catholic,-31.973,115.899,1442
Catholic,-31.934,115.996,211
Catholic,-32.548,115.739,1604
Catholic,-31.764,115.777,1047
Catholic,-33.953,115.068,173
Catholic,-33.875,121.888,99
Catholic,-33.342,115.645,215
Catholic,-32.36,115.756,408
Catholic,-33.663,115.33,1552
Catholic,-31.731,115.739,319
Catholic,-33.599,115.09,331
Catholic,-31.687,115.722,327
Catholic,-31.654,115.707,665
Catholic,-31.791,115.976,420
Catholic,-32.128,115.841,1215
Catholic,-32.081,115.933,394
Catholic,-31.653,115.712,411
Catholic,-32.626,115.631,416
Independent,-35.004,117.872,169
Independent,-32.007,116.091,141
Independent,-32.017,116.095,200
Independent,-31.987,115.778,1697
Independent,-31.984,115.777,1035
Independent,-31.895,115.981,1225
Independent,-32.005,115.768,1075
Independent,-31.931,115.875,889
Independent,-31.994,115.768,963
Independent,-31.997,115.871,1033
Independent,-31.98,115.865,1312
Independent,-31.876,115.767,1483
Independent,-31.98,115.775,1552
Independent,-31.812,115.808,166
Independent,-31.912,115.781,1623
Independent,-31.924,115.824,265
Independent,-32.055,115.744,80
Independent,-31.92,116.074,153
Independent,-33.405,115.639,663
Independent,-31.9,115.863,390
Independent,-31.968,115.792,50
Independent,-20.648,119.59,53
Independent,-31.967,115.792,160
Independent,-31.971,115.889,113
Independent,-32.032,115.978,1009
Independent,-31.981,116.019,432
Independent,-18.498,124.828,68
Independent,-31.936,115.765,39
Independent,-33.864,121.877,41
Independent,-32.018,115.752,152
Independent,-35.08,117.621,72
Independent,-32.051,115.866,1374
Independent,-32.181,116.052,453
Independent,-32.15,116.024,169
Independent,-32.083,115.774,62
Independent,-30.952,121.161,91
Independent,-35.005,117.881,318
Independent,-31.846,115.848,711
Independent,-34.068,115.106,156
Independent,-31.971,115.89,340
Independent,-28.753,114.645,475
Independent,-18.716,126.755,51
Independent,-32.174,116.005,201
Independent,-32.118,115.989,183
Independent,-31.858,116.014,1689
Independent,-32.16,115.999,657
Independent,-31.82,115.78,2137
Independent,-32.002,116.069,150
Independent,-31.812,115.838,1379
Independent,-32.099,115.937,1041
Independent,-22.044,123.119,60
Independent,-31.966,115.898,92
Independent,-32.092,115.818,561
Independent,-32.277,115.736,272
Independent,-32.315,115.757,1355
Independent,-31.799,115.741,1856
Independent,-33.671,115.324,380
Independent,-32.054,115.961,733
Independent,-32.253,115.841,923
Independent,-35.005,117.861,112
Independent,-31.907,116.092,740
Independent,-31.805,115.867,228
Independent,-30.829,121.329,59
Independent,-31.857,115.933,305
Independent,-32.084,115.775,466
Independent,-31.899,116.181,809
Independent,-32.104,116.007,1206
Independent,-32.149,116.007,366
Independent,-22.818,122.597,12
Independent,-31.737,115.761,1282
Independent,-33.338,115.68,609
Independent,-31.917,115.817,123
Independent,-32.51,115.753,1682
Independent,-31.871,115.875,796
Independent,-31.858,115.855,1702
Independent,-18.67,125.297,18
Independent,-17.276,128.05,35
Independent,-32.083,115.779,156
Independent,-33.959,115.067,141
Independent,-34.942,117.358,157
Independent,-31.903,115.874,868
Independent,-33.673,115.031,116
Independent,-32.011,115.911,198
Independent,-32.306,115.798,137
Independent,-24.876,113.658,71
Independent,-28.764,114.62,693
Independent,-31.677,115.71,1101
Independent,-32.34,115.802,865
Independent,-31.884,115.84,172
Independent,-32.343,115.754,834
Independent,-32.529,115.764,714
Independent,-32.111,115.934,1484
Independent,-18.826,124.941,17
Independent,-31.787,115.96,677
Independent,-31.677,115.708,1441
Independent,-33.662,115.382,1215
Independent,-34.947,117.97,611
Independent,-32.225,116.006,208
Independent,-31.903,115.952,53
Independent,-33.293,115.828,408
Independent,-34.995,117.922,987
Independent,-30.776,121.464,239
Independent,-31.954,115.857,596
Independent,-31.981,115.932,1947
Independent,-18.012,124.011,22
Independent,-32.131,116.01,78
Independent,-33.544,115.565,65
Independent,-33.486,115.741,72
Independent,-32.477,115.761,1383
Independent,-32.044,115.937,1145
Independent,-31.794,115.985,1272
Independent,-32.27,115.991,1022
Independent,-32.256,115.815,1275
Independent,-31.897,115.778,396
Independent,-31.982,116.019,123
Independent,-32.036,115.92,608
Independent,-28.684,114.628,111
Independent,-33.871,121.886,308
Independent,-32.085,115.838,192
Independent,-31.923,115.824,189
Independent,-31.872,116.137,172
Government,-35.034,138.627,483
Government,-34.934,138.56,341
Government,-34.993,138.713,221
Government,-33.353,138.214,106
Government,-34.696,137.714,25
Government,-35.117,139.271,20
Government,-34.934,138.604,275
Government,-35.098,138.791,149
Government,-35.021,138.595,229
Government,-34.979,138.578,512
Government,-33.644,134.892,61
Government,-34.922,138.632,361
Government,-34.911,138.549,187
Government,-34.922,138.823,39
Government,-36.709,140.957,26
Government,-34.458,138.811,241
Government,-34.598,138.741,168
Government,-34.624,138.72,263
Government,-33.266,138.351,79
Government,-37.84,140.864,71
Government,-34.957,138.637,363
Government,-34.271,140.525,41
Government,-34.951,138.589,408
Government,-35.498,138.78,281
Government,-34.46,138.922,93
Government,-34.825,138.881,87
Government,-35.027,138.811,166
Government,-34.355,138.685,33
Government,-34.932,138.629,525
Government,-35.087,138.584,325
Government,-31.89,138.428,45
Government,-35.03,138.727,102
Government,-34.93,138.499,354
Government,-34.905,138.598,296
Government,-35.266,139.437,83
Government,-37.565,140.696,22
Government,-35.148,138.659,30
Government,-34.338,138.918,274
Government,-34.863,138.513,262
Government,-34.782,138.85,62
Government,-34.554,139.134,14
Government,-34.891,138.553,450
Government,-34.223,140.347,17
Government,-35.02,138.749,253
Government,-37.902,140.561,19
Government,-33.581,138.335,20
Government,-33.175,138.005,17
Government,-34.824,138.494,418
Government,-33.187,138.304,62
Government,-34.84,138.495,232
Government,-35.269,138.462,377
Government,-34.469,139.025,38
Government,-35.049,138.868,336
Government,-34.902,138.872,148
Government,-33.567,135.755,43
Government,-34.93,138.535,118
Government,-34.606,138.886,68
Government,-35.171,138.838,79
Government,-34.435,138.511,116
Government,-34.499,139.051,258
Government,-34.006,138.814,29
Government,-29.649,138.061,19
Government,-34.925,138.649,506
Government,-35.206,138.587,207
Government,-35.212,138.531,521
Government,-35.18,138.762,193
Government,-32.824,138.188,14
Government,-34.643,138.647,383
Government,-37.781,140.826,114
Government,-34.973,138.616,629
Government,-34.826,138.692,172
Government,-34.236,140.559,101
Government,-37.864,140.737,117
Government,-34.03,139.67,37
Government,-35.068,138.854,326
Government,-37.541,140.459,37
Government,-35.35,138.62,469
Government,-37.835,140.772,474
Government,-34.774,139.054,58
Government,-36.358,140.693,73
Government,-35.117,139.271,486
Government,-35.041,138.76,33
Government,-35.041,139.358,141
Government,-35.393,138.464,87
Government,-34.883,138.604,548
Government,-35.038,138.904,399
Government,-33.153,138.114,57
Government,-36.951,140.738,313
Government,-35.183,138.501,155
Government,-34.849,138.62,352
Government,-34.928,138.729,57
Government,-34.473,139.001,183
Government,-34.713,138.767,255
Government,-35.131,138.542,233
Government,-27.549,135.446,16
Government,-34.272,138.543,36
Government,-34.854,139.161,28
Government,-34.852,138.782,69
Government,-34.945,138.62,331
Government,-34.857,138.532,262
Government,-31.929,133.005,36
Government,-32.971,138.832,40
Government,-34.991,138.554,189
Government,-34.961,138.557,272
Government,-34.58,135.881,131
Government,-34.834,138.613,182
Government,-32.483,137.754,150
Government,-35.523,138.677,351
Government,-34.724,135.857,332
Government,-35.144,138.473,370
Government,-33.182,138.003,201
Government,-34.187,138.149,33
Government,-34.885,138.59,537
Government,-34.17,139.933,87
Government,-37.551,140.225,39
Government,-34.173,140.741,219
Government,-34.121,140.72,131
Government,-34.166,140.71,124
Government,-35.101,138.538,430
Government,-34.943,138.572,362
Government,-34.156,138.744,81
Government,-37.164,139.762,97
Government,-33.99,139.084,8
Government,-34.534,138.748,180
Government,-34.084,138.785,46
Government,-34.972,138.52,387
Government,-34.767,138.647,360
Government,-34.61,138.83,93
Government,-35.057,138.706,60
Government,-34.896,138.52,149
Government,-33.19,138.02,183
Government,-33.496,138.611,19
Government,-34.707,139.089,13
Government,-34.908,137.795,18
Government,-35.002,138.735,516
Government,-34.867,138.699,368
Government,-37.797,140.77,101
Government,-34.572,139.603,86
Government,-35.259,139.457,125
Government,-34.026,138.684,44
Government,-34.526,138.959,423
Government,-34.27,138.773,10
Government,-34.823,138.727,117
Government,-35.883,140.06,101
Government,-34.411,139.126,22
Government,-34.593,138.517,247
Government,-34.181,136.047,33
Government,-34.954,138.609,470
Government,-35.019,138.683,97
Government,-34.959,138.744,182
Government,-35.541,138.625,454
Government,-34.665,138.556,487
Government,-34.181,139.981,189
Government,-34.895,138.613,548
Government,-33.933,137.624,65
Government,-33.966,137.699,92
Government,-34.991,137.399,38
Government,-34.471,138.68,33
Government,-33.961,138.645,29
Government,-34.902,138.555,392
Government,-34.908,138.641,695
Government,-34.969,138.592,480
Government,-34.664,138.685,178
Government,-34.151,138.416,236
Government,-33.036,137.584,318
Government,-33.033,137.569,206
Government,-34.669,138.89,184
Government,-32.651,138.101,51
Government,-34.952,138.88,317
Government,-34.881,138.533,204
Government,-37.879,140.832,117
Government,-34.252,140.478,132
Government,-30.45,137.167,16
Government,-34.938,138.767,6
Government,-37.475,140.01,49
Government,-35.005,138.626,490
Government,-35.258,138.903,1332
Government,-34.28,140.594,250
Government,-34.8,138.688,365
Government,-35.078,138.595,241
Government,-34.785,138.616,575
Government,-34.822,138.959,194
Government,-34.961,138.573,410
Government,-33.03,137.549,63
Government,-34.55,135.479,74
Government,-35.027,138.606,363
Government,-34.351,139.611,11
Government,-34.799,138.651,670
Government,-33.844,138.491,48
Government,-37.542,140.818,18
Government,-36.593,140.497,27
Government,-34.848,138.71,499
Government,-33.567,138.76,21
Government,-37.593,140.343,203
Government,-33.015,137.517,79
Government,-34.792,138.656,239
Government,-35.005,138.762,197
Government,-35.016,138.526,726
Government,-35.128,138.533,915
Government,-35.076,138.511,1243
Government,-35.187,138.482,829
Government,-34.894,138.581,175
Government,-34.948,138.646,981
Government,-34.784,138.662,188
Government,-35.527,138.194,29
Government,-34.978,138.557,235
Government,-34.865,138.603,188
Government,-34.753,138.635,343
Government,-34.866,138.639,395
Government,-35.027,138.547,184
Government,-35.003,138.526,515
Government,-34.878,138.511,270
Government,-33.029,137.55,261
Government,-34.413,140.624,56
Government,-32.506,137.78,86
Government,-33.203,138.008,300
Government,-34.731,138.662,144
Government,-34.871,138.626,243
Government,-34.936,138.662,686
Government,-33.865,138.004,34
Government,-35.115,139.039,71
Government,-34.878,138.555,251
Government,-33.841,138.618,250
Government,-35.102,138.634,86
Government,-34.242,140.406,107
Government,-34.987,138.595,688
Government,-37.801,140.729,76
Government,-35.476,139.709,107
Government,-34.424,137.916,137
Government,-36.315,140.766,311
Government,-32.138,133.671,448
Government,-33.683,136.918,169
Government,-33.136,136.419,187
Government,-36.836,139.858,330
Government,-32.729,138.612,144
Government,-33.604,137.933,152
Government,-33.784,138.222,35
Government,-34.376,136.099,237
Government,-35.269,138.553,346
Government,-32.798,134.201,276
Government,-31.197,136.826,10
Government,-34.653,139.281,27
Government,-30.593,138.401,42
Government,-36.964,140.371,197
Government,-35.683,139.342,153
Government,-38.003,140.71,134
Government,-33.688,138.404,5
Government,-33.7,136.497,324
Government,-34.263,135.722,382
Government,-34.183,139.091,223
Government,-35.092,139.894,145
Government,-36.1,140.351,295
Government,-35.65,137.633,710
Government,-35.331,140.523,196
Government,-34.451,140.567,276
Government,-34.368,137.673,132
Government,-34.989,138.837,337
Government,-37.379,140.833,133
Government,-35.256,140.908,63
Government,-33.045,135.463,188
Government,-35.453,138.333,389
Government,-35.015,137.615,220
Government,-34.926,138.587,1821
Government,-34.15,138.415,425
Government,-34.822,138.959,555
Government,-32.878,138.35,168
Government,-33.822,138.597,428
Government,-34.619,138.736,1247
Government,-33.274,138.352,183
Government,-33.205,138.61,251
Government,-33.963,137.708,1184
Government,-34.333,138.91,594
Government,-37.591,140.359,349
Government,-34.766,137.594,268
Government,-35.075,138.857,1061
Government,-37.826,140.766,778
Government,-35.135,139.285,1228
Government,-36.949,140.727,457
Government,-34.918,138.672,1667
Government,-34.47,139.003,1133
Government,-32.979,138.836,53
Government,-32.494,137.769,662
Government,-34.724,135.854,767
Government,-33.183,138.01,691
Government,-32.349,138.037,117
Government,-34.172,140.741,414
Government,-34.156,138.75,184
Government,-34.97,138.62,1547
Government,-34.967,138.625,1102
Government,-35.556,138.611,633
Government,-34.185,139.973,301
Government,-34.873,138.541,1170
Government,-35.004,138.52,1737
Government,-34.898,138.527,467
Government,-34.923,138.501,1381
Government,-34.846,138.485,456
Government,-34.929,138.645,1759
Government,-34.998,138.561,609
Government,-34.703,138.674,514
Government,-34.873,138.544,63
Government,-35.508,139.132,15
Government,-34.892,138.635,4028
Government,-34.756,138.641,1058
Government,-35.03,138.547,1377
Government,-36.315,140.766,307
Government,-34.444,140.585,559
Government,-34.732,138.671,249
Government,-34.877,138.638,184
Government,-34.732,135.868,195
Government,-34.97,138.61,754
Government,-35.027,138.606,1211
Government,-34.861,138.657,493
Government,-34.964,138.548,825
Government,-34.806,138.498,629
Government,-35.263,138.555,693
Government,-34.724,138.666,1322
Government,-34.921,138.538,422
Government,-35.037,138.524,356
Government,-29.012,134.752,175
Government,-35.138,138.479,194
Government,-34.893,138.684,694
Government,-34.834,138.652,268
Government,-35.021,138.713,970
Government,-34.949,138.635,2340
Government,-37.847,140.796,978
Government,-37.374,140.844,113
Government,-34.998,138.565,222
Government,-35.004,138.537,286
Government,-34.912,138.503,148
Government,-34.812,138.653,269
Government,-36.973,140.747,265
Government,-33.019,137.545,170
Government,-34.886,138.506,917
Government,-34.725,138.677,200
Government,-34.699,138.695,420
Government,-34.713,138.685,312
Government,-34.746,138.669,441
Government,-35.132,139.282,238
Government,-34.994,138.604,243
Government,-37.817,140.776,190
Government,-37.338,140.244,106
Government,-34.278,140.611,66
Government,-34.837,138.697,926
Government,-34.919,138.544,629
Government,-34.885,138.626,393
Government,-33.017,137.532,63
Government,-37.608,140.363,64
Government,-34.89,138.666,350
Government,-35.021,138.636,290
Government,-34.871,138.685,141
Government,-34.993,138.59,249
Government,-34.691,138.701,1245
Government,-33.201,137.99,119
Government,-32.49,137.772,99
Government,-34.861,138.673,326
Government,-34.776,138.65,191
Government,-35.041,138.536,324
Government,-34.809,138.614,716
Government,-32.496,137.785,190
Government,-35.004,138.556,149
Government,-34.849,138.662,181
Government,-34.912,138.524,485
Government,-34.873,138.673,49
Government,-31.48,131.844,50
Government,-26.152,131.138,106
Government,-31.903,133.426,27
Government,-34.938,138.509,297
Government,-34.598,138.761,374
Government,-29.403,130.739,18
Government,-34.776,138.667,1008
Government,-35.137,138.498,789
Government,-34.992,138.555,20
Government,-34.809,138.726,240
Government,-34.875,138.673,1188
Government,-26.284,132.135,148
Government,-34.706,138.685,131
Government,-34.882,138.654,548
Government,-35.104,138.524,150
Government,-34.801,138.653,287
Government,-34.84,138.697,179
Government,-34.83,138.663,206
Government,-34.818,138.71,222
Government,-35.069,138.518,325
Government,-35.083,138.504,77
Government,-35.079,138.534,631
Government,-35.113,138.53,254
Government,-35.125,138.48,84
Government,-35.14,138.533,217
Government,-35.153,138.518,80
Government,-35.15,138.496,124
Government,-35.192,138.475,369
Government,-34.815,138.701,368
Government,-34.831,138.718,251
Government,-35.125,138.502,71
Government,-34.753,138.621,1373
Government,-34.8,138.713,148
Government,-34.798,138.732,260
Government,-34.814,138.726,1055
Government,-32.376,134.331,61
Government,-32.761,134.974,83
Government,-33.039,137.533,140
Government,-34.818,138.666,194
Government,-34.791,138.619,259
Government,-35.029,138.589,177
Government,-34.786,138.619,1277
Government,-34.76,138.669,220
Government,-35.128,138.519,358
Government,-34.884,138.694,266
Government,-34.742,135.848,49
Government,-34.828,138.643,454
Government,-35.081,138.554,360
Government,-34.92,138.505,395
Government,-34.913,139.303,398
Government,-26.966,133.311,97
Government,-34.759,138.679,338
Government,-34.819,138.645,180
Government,-34.834,138.657,596
Government,-35.122,138.531,153
Government,-34.771,138.623,271
Government,-26.765,132.028,62
Government,-34.792,138.669,384
Government,-34.855,138.491,421
Government,-35.176,138.472,295
Government,-37.67,140.594,48
Government,-35.056,138.615,426
Government,-34.863,138.482,554
Government,-34.919,138.557,380
Government,-34.912,138.568,100
Government,-34.992,138.555,34
Government,-34.79,138.498,249
Government,-35.14,139.282,83
Government,-32.473,137.754,141
Government,-32.473,137.752,40
Government,-34.84,138.697,166
Government,-34.801,138.494,79
Government,-34.962,138.548,103
Government,-34.895,138.58,145
Government,-34.766,138.614,241
Government,-34.811,138.683,1811
Government,-33.677,138.938,194
Government,-34.71,138.706,225
Government,-32.514,137.838,317
Government,-34.67,138.701,305
Government,-34.071,137.591,253
Government,-26.163,129.172,59
Government,-27.006,132.709,75
Government,-35.071,138.533,290
Government,-35.08,138.86,399
Government,-34.834,138.705,462
Government,-37.825,140.768,62
Government,-37.812,140.76,189
Government,-35.068,138.594,151
Government,-35.073,138.595,906
Government,-34.886,138.566,487
Government,-26.327,132.446,14
Government,-35.105,138.556,454
Government,-34.773,138.608,671
Government,-34.726,138.665,162
Government,-34.742,135.846,20
Government,-30.56,136.897,491
Government,-34.793,138.697,1486
Government,-34.741,138.598,422
Government,-34.8,138.677,330
Government,-34.786,138.709,495
Government,-34.757,138.596,597
Government,-34.688,138.7,542
Government,-35.199,138.488,369
Government,-34.77,138.721,558
Government,-26.159,130.184,9
Government,-34.576,138.75,400
Government,-34.688,138.713,398
Government,-34.934,138.59,162
Government,-34.665,138.684,1685
Catholic,-34.689,138.712,483
Catholic,-34.802,138.7,561
Catholic,-35.145,138.498,2247
Catholic,-34.795,138.697,941
Catholic,-34.672,138.666,1519
Catholic,-33.024,137.552,881
Catholic,-30.558,136.9,201
Catholic,-34.895,138.595,786
Catholic,-34.929,138.609,990
Catholic,-34.981,138.515,405
Catholic,-34.838,138.484,230
Catholic,-34.857,138.671,768
Catholic,-34.927,138.642,717
Catholic,-37.828,140.755,1552
Catholic,-34.976,138.629,1111
Catholic,-34.856,138.522,1204
Catholic,-34.873,138.604,478
Catholic,-34.901,138.685,985
Catholic,-34.929,138.603,1091
Catholic,-34.909,138.586,658
Catholic,-34.876,138.698,1421
Catholic,-34.254,140.459,67
Catholic,-34.904,138.563,223
Catholic,-34.727,135.856,829
Catholic,-34.167,140.75,260
Catholic,-34.923,138.643,291
Catholic,-33.206,138.005,945
Catholic,-34.967,138.587,1165
Catholic,-34.928,138.589,659
Catholic,-34.847,138.655,1191
Catholic,-34.915,138.494,558
Catholic,-34.915,138.504,2193
Catholic,-34.816,138.726,306
Catholic,-34.782,138.61,539
Catholic,-34.779,138.631,1132
Catholic,-35.069,138.593,159
Catholic,-35.074,138.527,530
Catholic,-34.576,138.734,2532
Catholic,-34.881,138.521,278
Catholic,-34.284,140.598,97
Catholic,-34.898,138.582,153
Catholic,-34.929,138.55,252
Catholic,-34.882,138.675,246
Catholic,-35.129,138.478,334
Catholic,-33.836,138.61,314
Catholic,-34.851,138.604,306
Catholic,-34.99,138.593,172
Catholic,-34.883,138.562,324
Catholic,-34.97,138.572,116
Catholic,-34.937,138.634,51
Catholic,-34.734,138.666,185
Catholic,-34.715,138.681,267
Catholic,-33.266,138.352,53
Catholic,-34.907,138.538,70
Catholic,-34.984,138.533,225
Catholic,-34.954,138.592,297
Catholic,-34.867,138.629,691
Catholic,-34.89,138.659,859
Catholic,-33.207,138.611,73
Catholic,-34.862,138.587,165
Catholic,-34.971,138.614,256
Catholic,-34.926,138.526,457
Catholic,-34.455,140.575,42
Catholic,-34.854,138.552,180
Catholic,-37.6,140.36,166
Catholic,-35.067,138.867,1047
Catholic,-35.119,139.267,428
Catholic,-34.924,138.641,192
Catholic,-34.846,138.538,154
Catholic,-34.945,138.623,96
Catholic,-34.902,138.64,494
Catholic,-37.381,140.84,57
Catholic,-32.976,138.842,62
Catholic,-34.967,138.551,361
Catholic,-34.885,138.59,484
Catholic,-34.939,138.561,262
Catholic,-35.003,138.576,205
Catholic,-34.763,138.65,664
Catholic,-35.026,138.546,429
Catholic,-35.004,138.71,185
Catholic,-34.805,138.5,320
Catholic,-34.913,138.666,208
Catholic,-34.887,138.616,192
Catholic,-35.009,138.538,179
Catholic,-34.868,138.643,552
Catholic,-34.879,138.547,603
Catholic,-35.02,137.6,79
Catholic,-32.484,137.749,541
Catholic,-35.116,138.525,277
Catholic,-35.104,138.558,373
Catholic,-35.186,138.48,536
Catholic,-34.769,138.72,292
Independent,-34.892,138.597,206
Independent,-34.852,138.641,437
Independent,-32.135,133.677,134
Independent,-35.136,138.511,191
Independent,-35.011,138.787,640
Independent,-34.923,138.579,1151
Independent,-34.96,138.618,1312
Independent,-35.255,138.898,317
Independent,-35.114,138.544,1534
Independent,-35.125,138.479,230
Independent,-33.042,137.538,257
Independent,-35.06,138.855,754
Independent,-34.972,138.535,575
Independent,-34.971,138.536,1184
Independent,-35.106,138.538,151
Independent,-34.87,138.668,175
Independent,-34.855,138.635,884
Independent,-35.033,138.61,88
Independent,-34.95,138.609,39
Independent,-34.942,138.598,292
Independent,-36.964,140.753,109
Independent,-34.956,138.646,715
Independent,-34.923,138.618,1127
Independent,-34.935,138.603,839
Independent,-34.917,138.618,1585
Independent,-34.93,138.67,873
Independent,-34.983,138.615,1213
Independent,-34.958,138.608,400
Independent,-35.002,138.553,1401
Independent,-34.898,138.609,856
Independent,-35.27,138.544,390
Independent,-34.635,138.732,957
Independent,-34.689,138.702,635
Independent,-33.957,137.712,302
Independent,-34.639,138.647,970
Independent,-35.128,139.256,263
Independent,-34.52,138.984,816
Independent,-34.801,138.688,205
Independent,-34.596,138.752,353
Independent,-35.074,138.589,98
Independent,-34.923,138.57,350
Independent,-34.634,138.735,914
Independent,-37.821,140.798,810
Independent,-35.083,138.877,321
Independent,-34.921,138.65,1672
Independent,-34.851,138.496,626
Independent,-35.105,138.544,707
Independent,-35.147,139.291,761
Independent,-34.186,139.989,76
Independent,-34.971,138.559,1084
Independent,-34.843,138.701,565
Independent,-35.112,138.537,503
Independent,-34.829,138.667,440
Independent,-35.073,138.861,351
Independent,-34.799,138.677,1280
Independent,-34.708,138.706,921
Independent,-34.762,138.606,531
Independent,-34.742,135.861,466
Independent,-35.068,138.595,161
Independent,-34.774,138.67,1498
Independent,-34.795,138.693,1146
Independent,-34.264,140.54,141
Independent,-34.152,138.414,515
Independent,-35.075,138.59,65
Independent,-35.223,138.521,1103
Independent,-34.813,138.622,738
Independent,-34.998,138.632,1009
Independent,-34.892,138.614,376
Independent,-34.983,138.518,509
Independent,-35.529,138.638,748
Independent,-33.208,137.989,203
Independent,-34.509,139.047,96
Independent,-34.174,139.089,46
Independent,-35.028,138.812,192
Independent,-34.465,138.985,384
Independent,-34.904,138.876,78
Independent,-34.446,140.575,238
Independent,-34.62,138.893,148
Independent,-34.371,137.68,480
Independent,-34.834,138.664,462
Independent,-34.862,138.599,260
Independent,-35.014,138.56,72
Independent,-35.555,138.599,668
Government,-35.165,149.128,1638
Government,-35.256,149.08,517
Government,-35.247,149.039,636
Government,-35.251,149.074,898
Government,-35.199,149.036,308
Government,-35.207,149.076,281
Government,-35.226,149.052,397
Government,-35.192,149.043,462
Government,-35.214,149.094,268
Government,-35.181,149.1,1261
Government,-35.198,149.152,1365
Government,-35.25,149.035,331
Government,-35.132,150.706,60
Government,-35.225,149.101,571
Government,-35.225,149.114,400
Government,-35.239,149.074,781
Government,-35.22,149.034,298
Government,-35.213,149.012,590
Government,-35.25,149.059,291
Government,-35.235,149.102,483
Government,-35.214,149.049,953
Government,-35.213,149.067,394
Government,-35.209,149.056,461
Government,-35.169,149.112,620
Government,-35.198,149.12,640
Government,-35.252,149.047,404
Government,-35.225,149.029,88
Government,-35.228,149.02,742
Government,-35.274,149.14,351
Government,-35.324,149.095,881
Government,-35.278,149.147,420
Government,-35.29,149.156,267
Government,-35.332,149.08,408
Government,-35.248,149.154,899
Government,-35.379,149.107,252
Government,-35.315,149.126,479
Government,-35.345,149.103,676
Government,-35.332,149.093,457
Government,-35.252,149.131,1034
Government,-35.251,149.125,498
Government,-35.239,149.155,675
Government,-35.359,149.098,542
Government,-35.363,149.089,776
Government,-35.255,149.146,527
Government,-35.34,149.133,720
Government,-35.314,149.134,1586
Government,-35.37,149.091,394
Government,-35.265,149.126,318
Government,-35.307,149.103,313
Government,-35.265,149.112,108
Government,-35.337,149.094,73
Government,-35.327,149.092,93
Government,-35.355,149.06,469
Government,-35.432,149.083,341
Government,-35.441,149.118,371
Government,-35.438,149.109,201
Government,-35.357,149.043,502
Government,-35.465,149.098,431
Government,-35.334,149.034,374
Government,-35.404,149.118,229
Government,-35.42,149.136,113
Government,-35.456,149.087,407
Government,-35.414,149.111,228
Government,-35.414,149.068,620
Government,-35.46,149.095,524
Government,-35.415,149.089,414
Government,-35.429,149.114,142
Government,-35.355,149.054,846
Government,-35.378,149.064,286
Government,-35.448,149.124,206
Government,-35.393,149.096,340
Government,-35.397,149.086,538
Catholic,-35.165,149.125,762
Catholic,-35.41,149.117,641
Catholic,-35.18,149.102,733
Catholic,-35.328,149.082,387
Catholic,-35.425,149.093,2088
Catholic,-35.267,149.137,992
Catholic,-35.245,149.156,369
Catholic,-35.367,149.084,210
Catholic,-35.394,149.08,421
Catholic,-35.339,149.129,261
Catholic,-35.335,149.148,165
Catholic,-35.459,149.096,483
Catholic,-35.324,149.148,887
Catholic,-35.441,149.12,516
Catholic,-35.224,149.041,1323
Catholic,-35.226,149.042,368
Catholic,-35.352,149.055,159
Catholic,-35.26,149.126,334
Catholic,-35.334,149.05,425
Catholic,-35.241,149.042,332
Catholic,-35.224,149.11,171
Catholic,-35.213,149.061,412
Catholic,-35.205,149.03,374
Catholic,-35.287,149.155,179
Catholic,-35.381,149.053,325
Catholic,-35.255,149.076,195
Catholic,-35.339,149.093,299
Independent,-35.25,149.163,167
Independent,-35.249,149.128,929
Independent,-35.189,149.124,1755
Independent,-35.356,149.098,228
Independent,-35.317,149.115,1203
Independent,-35.33,149.128,2116
Independent,-35.332,149.051,96
Independent,-35.44,149.09,320
Independent,-35.253,149.143,590
Independent,-35.33,149.059,455
Independent,-35.327,149.06,413
Independent,-35.245,149.087,2091
Independent,-35.386,149.031,120
Independent,-35.408,149.086,1073
Government,-12.366,130.883,605
Government,-14.463,132.283,468
Government,-12.187,136.783,279
Government,-12.379,130.852,409
Government,-12.388,130.899,328
Government,-12.58,131.101,1049
Government,-19.644,134.197,142
Government,-23.678,133.866,77
Government,-14.45,132.269,137
Government,-12.38,130.878,259
Government,-12.392,130.894,388
Government,-12.494,130.994,616
Government,-12.541,131.053,283
Government,-12.716,130.987,213
Government,-23.708,133.86,381
Government,-23.677,133.868,218
Government,-14.466,132.296,295
Government,-14.451,132.27,114
Government,-12.486,130.975,409
Government,-12.476,130.974,474
Government,-23.708,133.869,230
Government,-12.522,131.103,312
Government,-12.49,130.98,283
Government,-12.496,131.045,277
Government,-12.576,131.103,362
Government,-12.387,130.874,235
Government,-12.398,130.914,173
Government,-14.48,132.255,180
Government,-23.697,133.833,285
Government,-12.458,130.83,480
Government,-12.375,130.9,538
Government,-12.425,130.856,132
Government,-14.467,132.283,189
Government,-12.393,130.903,148
Government,-12.403,130.919,189
Government,-12.391,130.859,171
Government,-12.388,130.881,167
Government,-12.506,130.971,211
Government,-12.37,130.878,409
Government,-12.182,136.784,349
Government,-12.381,130.85,478
Government,-12.43,130.844,405
Government,-23.694,133.892,413
Government,-23.701,133.898,118
Government,-12.441,130.845,492
Government,-19.65,134.189,309
Government,-12.38,130.885,213
Government,-12.371,130.887,327
Government,-12.506,130.982,327
Government,-12.383,130.895,144
Government,-13.85,136.42,203
Government,-13.046,131.033,105
Government,-12.676,132.835,149
Government,-21.004,134.406,79
Government,-13.983,136.459,63
Government,-16.058,136.306,169
Government,-12.506,135.808,205
Government,-12.321,133.057,231
Government,-17.446,130.832,164
Government,-18.335,130.634,164
Government,-12.05,134.223,584
Government,-12.102,134.92,236
Government,-14.728,134.733,207
Government,-14.278,135.741,113
Government,-12.326,134.926,263
Government,-12.029,135.568,458
Government,-12.252,136.895,132
Government,-22.256,131.797,157
Government,-12.368,130.884,195
Government,-12.38,130.875,170
Government,-12.253,136.888,120
Government,-23.701,133.898,96
Government,-13.237,131.109,50
Government,-22.802,134.455,33
Government,-20.988,137.848,57
Government,-23.768,133.939,18
Government,-21.654,135.225,92
Government,-24.074,132.27,29
Government,-14.525,132.866,81
Government,-12.539,130.701,21
Government,-22.779,136.167,7
Government,-15.935,129.712,17
Government,-13.665,134.33,52
Government,-20.645,135.585,49
Government,-13.832,131.188,5
Government,-12.751,130.378,42
Government,-17.555,133.54,70
Government,-20.463,135.25,29
Government,-25.582,134.578,39
Government,-23.448,131.88,15
Government,-22.984,134.933,56
Government,-14.954,133.301,57
Government,-22.533,132.757,46
Government,-11.149,132.578,33
Government,-14.922,133.065,23
Government,-23.29,132.357,14
Government,-12.576,131.315,18
Government,-11.419,130.671,44
Government,-13.782,136.196,17
Government,-15.221,134.083,134
Government,-22.257,132.208,73
Government,-21.048,134.677,24
Government,-25.348,131.064,43
Government,-21.516,133.995,13
Government,-17.373,133.41,8
Government,-14.353,129.882,99
Government,-23.943,132.776,155
Government,-22.65,130.553,31
Government,-23.203,131.91,71
Government,-14.15,130.077,62
Government,-16.814,131.22,21
Government,-13.822,131.836,29
Government,-11.404,130.417,32
Government,-16.76,136.981,55
Government,-21.74,133.732,12
Government,-22.128,133.42,54
Government,-15.648,130.465,38
Government,-13.733,131.042,5
Government,-24.672,134.073,37
Government,-13.86,136.812,49
Government,-14.71,134.564,26
Government,-24.123,133.085,7
Government,-23.277,129.388,48
Government,-11.647,133.389,79
Government,-23.266,131.274,40
Government,-21.245,132.616,59
Government,-18.948,135.194,3
Government,-13.711,130.681,37
Government,-14.561,133.118,138
Government,-16.447,130.882,73
Government,-25.235,130.984,50
Government,-14.267,132.829,20
Government,-16.428,129.618,22
Government,-13.2,136.226,22
Government,-12.438,130.836,663
Government,-23.709,133.866,338
Catholic,-24.129,134.375,111
Catholic,-11.759,130.638,167
Catholic,-14.24,129.52,467
Catholic,-13.752,130.688,78
Catholic,-11.757,130.639,92
Independent,-12.381,130.856,782
Independent,-12.442,130.922,970
Independent,-12.541,131.055,245
Independent,-23.698,133.832,131
Independent,-12.41,130.918,289
Independent,-12.491,130.964,365
Independent,-23.69,133.883,502
Independent,-23.762,133.869,190
Independent,-23.744,133.882,162
Independent,-12.189,136.791,138
Independent,-25.229,130.971,64
Independent,-23.698,133.858,186
Independent,-12.414,130.922,118
Independent,-11.76,135.904,53
Independent,-11.767,130.89,77
Government,-32.068,115.76,551
Government,-35.132,138.494,205
Government,-37.767,145.119,544
Government,-37.783,144.846,350
Government,-37.793,145.281,225
Government,-37.688,144.929,263
Government,-37.789,145.316,530
Government,-37.681,144.915,1093
Government,-37.731,144.74,1049
Government,-37.042,143.723,921
Independent,-29.462,153.218,277
Government,-35.049,138.589,432
Government,-37.826,140.793,379
Independent,-33.817,150.981,196
Government,-34.985,138.522,613
Government,-37.845,144.868,516
Government,-37.841,140.794,107
Catholic,-33.932,137.632,139
Catholic,-33.872,151.103,139
Independent,-33.871,151.205,84
Government,-41.038,145.819,370
Independent,-33.678,150.838,2523
Government,-35.393,149.068,578
Catholic,-34.018,150.753,1074
Government,-34.23,150.686,666
Independent,-33.349,151.433,58
Independent,-36.084,146.918,90
Independent,-34.028,150.701,135
Independent,-33.874,151.205,38
Government,-27.656,152.876,1023
Government,-41.168,146.333,672
Government,-41.061,145.882,656
Government,-42.917,147.318,1369
Government,-41.078,145.901,331
Government,-42.799,147.258,452
Government,-42.785,147.239,416
Government,-37.582,144.906,972
Government,-37.844,144.947,1657
Government,-37.587,143.834,1473
Government,-36.11,143.727,184
Government,-38.106,145.305,999
Government,-38.105,145.306,2110
Government,-37.669,144.942,410
Government,-36.711,142.215,499
Government,-37.735,144.754,1156
Government,-38.075,145.254,868
Government,-38.079,144.356,1726
Government,-37.894,144.701,922
Government,-37.865,144.726,594
Government,-37.884,144.677,404
Independent,-37.855,144.66,2017
Government,-32.173,115.864,923
Independent,-31.66,115.711,368
Government,-42.737,147.239,315
Government,-42.749,147.276,123
Government,-42.749,147.264,144
Government,-42.743,147.25,337
Government,-41.428,147.139,95
Government,-36.737,144.269,165
Government,-34.903,138.497,702
Government,-34.905,138.627,495
Government,-34.697,138.664,423
Government,-34.963,138.623,616
Government,-35.144,138.518,110
Government,-34.833,138.677,264
Government,-34.914,138.677,744
Government,-34.853,138.598,383
Government,-34.863,138.551,478
Government,-35.108,138.514,182
Government,-35.091,138.556,1938
Government,-34.74,138.62,426
Government,-34.278,140.611,662
Government,-34.843,138.618,1638
Government,-34.893,138.645,76
Government,-35.186,149.131,1070
Government,-12.511,130.994,349
Government,-14.17,130.325,21
Government,-31.724,115.792,722
Government,-27.69,152.91,1998
Government,-27.697,152.907,1005
Government,-27.63,152.853,828
Government,-27.441,153.161,627
Government,-27.846,153.328,819
Government,-32.343,115.817,805
Independent,-27.664,152.909,224
Catholic,-19.259,146.704,714
Independent,-34.43,150.888,44
Independent,-33.851,151.031,822
Independent,-33.875,151.206,0
Catholic,-33.804,150.983,389
Catholic,-34.017,150.751,831
Independent,-27.799,153.285,794
Catholic,-27.782,153.273,213
Independent,-37.714,144.74,904
Catholic,-37.848,144.699,441
Independent,-32.273,115.754,252
Government,-41.433,147.161,422
Government,-37.756,145.04,73
Independent,-38.067,144.399,1422
Government,-34.875,138.597,373
Independent,-42.876,147.32,33
Catholic,-32.658,151.346,375
Independent,-33.697,150.956,823
Independent,-35.013,138.749,133
Government,-33.698,150.912,120
Catholic,-34.398,150.89,335
Government,-32.103,116.086,640
Government,-33.4,115.623,448
Government,-31.759,115.98,713
Government,-32.5,115.758,420
Government,-31.489,118.282,542
Government,-32.136,115.909,1070
Government,-31.79,115.992,621
Government,-32.517,115.755,799
Catholic,-37.804,144.955,1524
Catholic,-38.174,144.387,196
Government,-37.705,144.925,263
Government,-37.989,145.243,892
Government,-37.833,144.679,895
Government,-38.304,144.324,879
Government,-22.452,134.211,17
Catholic,-23.704,133.874,82
Catholic,-12.498,131.009,795
Catholic,-26.187,152.679,103
Catholic,-27.615,152.767,111
Government,-27.259,153.008,1682
Government,-15.295,145.108,146
Government,-27.243,153.034,1561
Government,-26.709,153.112,733
Independent,-34.002,150.743,1191
Independent,-15.482,145.255,166
Independent,-27.622,153.034,456
Independent,-33.741,151.291,1002
Independent,-33.989,150.892,61
Independent,-38.548,145.944,64
Independent,-37.697,144.928,632
Independent,-31.545,116.069,358
Independent,-37.904,145.035,189
Independent,-33.75,150.836,387
Independent,-38.049,145.15,664
Government,-37.851,144.778,290
Government,-21.067,149.162,1012
Government,-27.834,153.32,1222
Government,-32.334,115.828,1370
Government,-20.754,116.799,830
Government,-33.392,115.634,459
Government,-31.78,115.815,624
Government,-32.215,115.978,817
Government,-41.164,146.55,279
Catholic,-32.173,115.848,408
Catholic,-27.448,153.127,81
Independent,-32.164,115.92,760
Government,-35.162,149.14,606
Government,-35.197,149.145,477
Independent,-33.425,151.343,280
Independent,-17.738,125.368,41
Independent,-32.075,115.83,1244
Independent,-34.472,150.419,131
Independent,-37.821,147.608,43
Independent,-33.429,151.298,990
Government,-41.189,146.459,176
Government,-37.908,144.741,3335
Government,-37.837,144.681,2010
Government,-36.553,145.964,700
Independent,-33.888,150.944,109
Independent,-33.877,150.826,382
Government,-37.779,144.943,0
Government,-37.688,144.914,228
Independent,-34.446,150.831,45
Catholic,-27.598,152.966,94
Catholic,-27.697,152.91,527
Catholic,-27.244,153.027,981
Catholic,-37.626,145.013,595
Catholic,-35.178,149.101,880
Independent,-34.022,150.858,793
Independent,-28.202,152.033,183
Independent,-33.893,151.203,25
Independent,-33.876,151.006,1353
Catholic,-32.363,115.797,1526
Independent,-33.926,151.081,399
Government,-31.652,115.709,1039
Government,-32.223,116.003,1419
Government,-28.817,114.636,449
Government,-32.166,115.844,858
Government,-33.282,115.735,553
Government,-31.633,115.696,453
Government,-31.542,115.633,604
Government,-32.478,115.761,646
Government,-37.682,144.914,361
Government,-38.069,145.41,355
Government,-37.598,145.123,2141
Government,-37.84,145.045,849
Catholic,-28.393,153.562,373
Catholic,-33.187,151.574,651
Catholic,-31.77,115.818,218
Catholic,-37.909,144.765,318
Catholic,-38.116,145.317,711
Independent,-34.383,150.895,71
Catholic,-32.755,151.634,614
Independent,-32.038,115.968,70
Catholic,-37.597,145.115,454
Catholic,-37.833,144.666,384
Catholic,-37.844,144.728,442
Catholic,-38.063,145.433,584
Catholic,-36.732,144.222,1203
Catholic,-21.052,149.159,439
Catholic,-32.139,115.934,1243
Independent,-17.54,146.035,137
Government,-33.997,150.735,1407
Government,-33.899,150.995,102
Government,-33.875,151.079,424
Catholic,-23.56,148.169,323
Government,-41.388,147.13,336
Independent,-33.425,151.292,70
Independent,-34.681,138.706,712
Government,-41.127,146.069,676
Independent,-27.086,152.954,225
Independent,-33.697,150.963,733
Government,-33.832,151.203,905
Government,-33.79,151.161,0
Catholic,-33.86,151.088,427
Government,-33.848,151.083,340
Independent,-33.696,151.039,49
Independent,-33.887,151.173,85
Independent,-33.936,151.139,196
Government,-31.569,152.828,395
Independent,-28.198,153.521,85
Independent,-35.156,149.119,407
Independent,-35.422,149.234,455
Independent,-33.761,150.776,80
Catholic,-33.698,150.819,940
Catholic,-33.699,150.819,827
Government,-33.704,150.9,2030
Government,-33.703,150.896,2321
Independent,-33.437,149.564,155
Government,-37.896,144.611,1081
Government,-37.856,144.774,117
Government,-37.839,144.719,1933
Government,-37.666,144.542,724
Government,-35.894,141.997,109
Independent,-37.757,145.344,524
Government,-38.07,145.411,998
Independent,-27.543,153.066,58
Government,-27.833,153.322,747
Government,-27.447,151.951,795
Government,-27.171,152.977,1121
Independent,-27.193,153.027,125
Independent,-24.22,151.893,345
Catholic,-23.401,150.501,86
Catholic,-17.038,145.74,1119
Catholic,-12.63,141.881,161
Catholic,-15.483,145.251,122
Independent,-34.783,138.609,351
Government,-31.696,115.798,1411
Independent,-31.618,115.687,1137
Catholic,-32.046,115.985,39
Catholic,-32.223,115.996,867
Government,-32.354,115.814,736
Government,-32.423,115.762,511
Government,-17.926,122.23,396
Independent,-27.174,152.919,958
Independent,-33.909,150.811,1573
Independent,-27.071,152.941,132
Independent,-31.691,115.72,367
Independent,-27.283,152.986,132
Catholic,-33.893,151.149,74
Government,-33.827,151.211,720
Independent,-32.905,151.725,52
Government,-34.07,150.715,866
Government,-35.321,149.041,511
Independent,-33.691,150.847,733
Government,-37.781,144.935,0
Government,-37.8,144.986,0
Government,-37.738,145.021,0
Government,-37.757,145.059,0
Government,-37.934,145.036,0
Government,-37.576,143.866,0
Government,-36.804,147.226,0
Government,-37.295,145.822,0
Government,-37.023,147.246,0
Government,-38.388,145.147,0
Independent,-27.527,153.283,196
Government,-27.674,152.75,710
Government,-27.257,153.024,1159
Government,-27.094,152.916,695
Independent,-23.252,150.494,269
Independent,-19.281,146.766,442
Independent,-34.925,138.603,205
Independent,-34.873,138.963,57
Independent,-32.501,137.783,168
Government,-31.807,115.761,39
Government,-31.553,115.644,854
Government,-31.627,115.703,682
Government,-31.624,115.698,600
Government,-31.817,115.873,608
Government,-31.745,116.009,813
Government,-31.767,115.988,1582
Government,-32.125,115.937,1028
Government,-32.129,115.934,2303
Government,-32.228,115.982,781
Independent,-31.984,115.863,13
Government,-32.067,115.768,1312
Government,-32.17,115.85,1069
Government,-32.197,115.887,678
Government,-32.265,115.846,942
Government,-32.301,115.812,628
Government,-32.336,115.83,566
Government,-32.362,115.817,982
Government,-32.468,115.762,1145
Government,-33.965,115.084,425
Catholic,-42.805,147.245,172
Independent,-37.967,145.149,70
Independent,-37.821,144.997,42
Independent,-38.508,145.202,45
Independent,-37.863,144.905,131
Independent,-33.227,151.282,43
Independent,-33.752,151.024,16
Independent,-33.88,151.199,204
Catholic,-33.962,150.854,1559
Independent,-41.463,147.202,93
Independent,-33.805,151.132,8
Government,-34.589,142.782,257
Independent,-38.383,144.885,58
Independent,-37.707,144.565,1149
Independent,-37.447,144.532,399
Independent,-37.975,145.318,321
Independent,-37.802,145.032,49
Independent,-32.603,115.946,167
Catholic,-37.424,145.0,698
Catholic,-37.584,144.9,660
Independent,-31.602,115.694,776
Catholic,-33.846,151.108,357
Catholic,-33.93,150.81,1539
Catholic,-19.29,146.696,613
Catholic,-38.302,144.332,333
Catholic,-37.546,143.78,336
Independent,-34.951,138.575,75
Independent,-35.052,138.553,734
Government,-33.796,150.678,129
Independent,-33.379,151.457,66
Independent,-33.213,151.504,24
Independent,-31.431,152.889,113
Independent,-30.298,153.115,83
Independent,-29.462,153.218,51
Catholic,-32.754,151.634,910
Government,-12.514,130.981,118
Catholic,-27.991,153.009,363
Catholic,-27.805,153.109,529
Independent,-28.548,150.315,91
Independent,-26.403,153.1,58
Independent,-27.456,153.032,69
Independent,-27.527,153.215,90
Independent,-27.778,153.014,4
Catholic,-27.959,153.393,90
Government,-27.641,152.888,1795
Government,-27.058,152.956,938
Government,-27.66,152.844,1007
Government,-16.962,145.74,130
Independent,-34.989,138.544,93
Independent,-34.71,138.673,670
Government,-38.231,146.407,419
Government,-38.115,145.242,1092
Government,-38.108,145.32,1139
Government,-38.084,145.454,981
Government,-38.082,145.327,1449
Government,-37.901,144.727,1224
Government,-37.62,145.002,885
Government,-37.614,145.096,369
Government,-37.604,145.088,1746
Government,-37.571,144.91,1136
Independent,-37.805,144.955,121
Independent,-38.148,145.119,129
Independent,-37.699,145.009,75
Independent,-31.477,115.621,291
Independent,-32.592,115.805,726
Government,-31.628,115.696,1219
Government,-38.539,143.974,167
Government,-38.457,144.11,73
Independent,-28.069,153.379,715
Independent,-26.718,152.818,69
Catholic,-27.831,153.335,1299
Catholic,-26.603,153.022,1246
Government,-12.396,130.904,123
Catholic,-12.51,131.006,379
Independent,-34.318,148.302,100
Independent,-37.861,144.992,169
Independent,-37.808,144.968,701
Independent,-37.834,145.061,721
Independent,-34.892,138.564,589
Government,-34.917,138.607,1258
Government,-38.073,145.426,570
Government,-31.779,115.991,770
Government,-32.139,115.912,1024
Government,-32.484,115.755,973
Government,-32.101,115.957,530
Government,-31.551,115.637,409
Government,-36.138,144.724,179
Government,-38.304,144.341,678
Government,-37.829,144.954,502
Government,-38.231,144.364,905
Government,-38.124,144.334,150
Government,-37.616,145.005,1330
Government,-37.982,145.034,893
Government,-37.715,144.727,1677
Government,-37.836,144.666,1640
Independent,-28.014,153.371,102
Independent,-34.923,138.595,129
Government,-12.495,130.972,1267
Government,-26.81,153.083,930
Government,-19.229,146.696,672
Government,-27.839,153.338,886
Government,-27.804,153.115,857
Independent,-32.252,148.613,158
Independent,-33.947,151.252,15
Independent,-31.437,152.904,69
Independent,-34.3,146.033,147
Independent,-31.473,152.873,171
Independent,-34.044,150.849,225
Independent,-34.285,146.032,38
Catholic,-38.463,145.251,110
Catholic,-38.047,144.17,392
Catholic,-33.624,150.908,999
Catholic,-32.919,151.734,47
Government,-31.945,115.832,1972
Government,-31.868,115.969,679
Government,-32.231,115.991,340
Government,-32.325,115.834,603
Government,-31.694,115.808,750
Independent,-33.324,115.635,170
Independent,-27.117,153.036,157
Independent,-17.928,146.088,20
Independent,-24.195,151.898,69
Government,-28.851,153.586,79
Government,-33.823,151.08,672
Government,-35.354,149.222,84
Government,-38.082,147.071,101
Independent,-34.859,150.598,48
Independent,-36.223,149.132,97
Independent,-28.329,153.397,67
Independent,-31.887,116.001,101
Independent,-42.834,147.28,270
Government,-35.152,149.114,626
Independent,-27.356,153.032,81
Catholic,-27.649,152.844,450
Government,-37.745,144.752,442
Government,-38.064,145.511,420
Government,-37.841,144.962,402
Government,-37.602,144.907,892
Government,-37.614,145.127,497
Government,-37.852,144.991,564
Government,-37.741,145.006,1275
Government,-37.912,144.769,2199
Government,-37.843,144.735,1698
Government,-37.559,143.894,602
Government,-37.818,145.003,476
Government,-33.79,151.161,803
Government,-34.043,150.732,118
Government,-33.726,150.954,1104
Catholic,-35.012,138.519,451
Government,-27.688,152.891,939
Independent,-33.773,151.082,20
Government,-33.692,150.955,1068
Government,-33.81,151.002,663
Government,-32.25,148.583,50
Government,-30.519,151.653,1029
Independent,-33.854,151.037,362
Catholic,-33.624,150.908,884
Independent,-37.923,145.518,78
Catholic,-36.438,145.401,499
Independent,-19.33,146.757,58
Independent,-27.46,153.022,17
Catholic,-27.555,152.424,450
Independent,-27.679,153.242,40
Independent,-12.765,133.845,7
Independent,-33.4,115.627,792
Catholic,-27.81,153.117,396
Government,-32.359,115.807,321
Government,-31.822,115.972,978
Government,-31.539,115.648,459
Government,-32.116,115.938,805
Government,-32.101,115.969,253
Government,-38.151,145.288,445
Government,-37.922,144.64,917
Government,-38.083,145.373,695
Government,-37.548,143.78,527
Government,-37.856,144.66,930
Government,-38.12,145.299,1043
Government,-38.225,144.329,638
Government,-38.01,145.161,477
Government,-37.598,144.889,1177
Government,-37.915,144.768,531
Catholic,-37.616,145.032,559
Catholic,-37.585,144.705,431
Independent,-27.559,151.956,92
Independent,-41.177,146.359,312
Catholic,-33.269,115.748,968
Government,-23.998,151.216,437
Government,-27.452,153.036,822
Government,-27.243,153.043,1005
Government,-27.854,153.331,1123
Government,-27.809,153.122,1090
Government,-27.698,152.811,874
Government,-27.085,152.964,131
Government,-27.694,152.811,1268
Government,-37.791,144.894,1326
Independent,-36.935,149.89,52
Independent,-27.608,152.761,208
Independent,-28.813,153.278,313
Independent,-26.251,151.891,34
Government,-33.889,151.206,1161
Government,-33.999,150.736,1579
Government,-34.011,150.777,976
Government,-33.8,151.109,494
Government,-33.725,150.729,1119
Government,-12.511,131.006,537
Independent,-26.127,118.679,41
Independent,-21.146,149.186,75
Catholic,-16.818,145.692,625
Catholic,-21.162,149.159,606
Catholic,-27.348,153.033,455
Government,-33.677,150.876,82
Government,-27.496,153.027,1236
Catholic,-17.957,122.219,13
Independent,-32.349,115.985,59
Catholic,-38.24,144.368,504
Catholic,-38.22,144.355,1332
Independent,-37.945,145.139,68
Independent,-38.106,145.379,312
Independent,-38.529,145.559,71
Independent,-27.966,153.415,238
Independent,-27.658,153.121,346
Independent,-27.238,153.016,259
Independent,-27.604,152.81,173
Independent,-27.585,153.025,180
Independent,-32.767,151.608,61
Government,-31.603,115.675,778
Government,-31.726,115.73,425
Government,-32.139,115.927,854
Government,-32.118,115.882,559
Government,-32.27,115.821,588
Government,-26.805,153.077,677
Government,-26.742,153.071,596
Government,-27.824,153.307,849
Government,-26.742,153.071,102
Independent,-16.921,145.757,1780
Independent,-26.26,152.709,44
Independent,-27.253,152.981,109
Independent,-12.687,141.889,42
Independent,-34.723,138.668,322
Government,-35.306,149.027,717
Government,-32.125,115.909,558
Government,-37.609,145.004,812
Government,-37.791,144.548,458
Government,-38.055,145.395,359
Government,-37.812,144.942,616
Government,-37.828,144.725,559
Government,-37.529,144.909,1014
Government,-37.877,144.628,731
Government,-38.116,145.338,1385
Government,-38.107,145.248,1624
Government,-38.08,145.444,614
Government,-33.701,150.881,882
Government,-34.013,150.752,1182
Government,-33.982,150.816,826
Government,-33.689,150.819,1711
Government,-35.067,147.353,402
Government,-35.366,149.227,34
Government,-33.615,150.747,11
Government,-37.622,144.879,361
Government,-37.723,144.667,1323
Government,-37.744,144.888,153
Independent,-34.866,138.539,260
Catholic,-28.05,153.368,236
Independent,-23.547,148.189,23
Independent,-33.781,151.055,74
Independent,-33.835,151.01,304
Independent,-32.284,150.903,43
Independent,-33.993,150.809,188
Independent,-33.879,151.199,65
Independent,-33.72,150.615,39
Independent,-31.893,116.003,362
Independent,-19.268,146.736,27
Catholic,-34.713,138.671,163
Catholic,-37.904,144.61,402
Catholic,-38.142,145.962,282
Independent,-37.938,145.023,38
Independent,-37.733,145.382,20
Independent,-37.837,144.967,64
Independent,-37.676,144.924,325
Independent,-38.172,144.286,73
Independent,-33.825,151.19,116
Catholic,-33.699,150.819,40
Catholic,-32.763,151.864,884
Independent,-32.754,151.538,14
Independent,-12.218,136.706,58
Government,-31.817,115.857,264
Government,-32.474,115.753,276
Government,-31.848,115.974,404
Catholic,-37.822,144.998,41
Independent,-37.686,144.578,39
Catholic,-34.176,140.731,228
Independent,-27.168,152.962,55
Independent,-15.796,128.688,26
Independent,-31.87,115.857,103
Government,-33.026,137.533,1004
Government,-34.635,138.663,1393
Government,-35.268,138.47,831
Government,-35.493,138.773,285
Catholic,-34.686,138.673,139
Independent,-33.702,151.091,21
Independent,-28.197,153.521,32
Independent,-34.067,150.818,22
Catholic,-37.732,144.573,473
Independent,-27.616,151.832,19
Independent,-28.169,153.54,88
Government,-27.847,153.343,278
Government,-27.74,152.994,781
Government,-26.823,153.055,665
Government,-35.194,149.165,316
Independent,-12.257,133.524,8
Independent,-12.544,134.113,11
Government,-33.249,151.455,317
Government,-37.722,144.698,590
Government,-37.716,144.59,1350
Government,-37.533,144.958,953
Government,-37.512,144.608,373
Government,-38.122,145.332,761
Government,-37.612,145.028,601
Government,-37.978,145.244,293
Government,-38.128,145.339,1096
Government,-37.832,144.932,416
Government,-37.651,144.891,540
Government,-37.836,144.996,468
Catholic,-19.289,146.7,127
Independent,-33.913,150.82,256
Independent,-33.931,151.226,29
Independent,-33.461,151.363,26
Independent,-30.301,153.124,81
Government,-42.855,147.3,844
Catholic,-37.53,144.906,401
Independent,-37.682,144.605,182
Independent,-37.973,145.316,102
Independent,-37.861,145.281,100
Independent,-37.649,145.082,62
Independent,-37.975,145.318,130
Independent,-27.664,153.152,237
Independent,-27.462,153.024,201
Independent,-27.611,152.859,7
Government,-36.373,145.415,1967
Independent,-12.42,130.918,40
Independent,-12.424,130.838,150
Government,-34.901,138.676,570
Government,-31.812,115.968,336
Government,-32.176,115.831,294
Independent,-27.48,153.201,30
Independent,-32.118,115.839,37
Government,-26.739,153.069,379
Government,-27.667,152.871,157
Government,-27.673,152.782,565
Government,-27.827,153.134,496
Catholic,-26.828,153.063,216
Government,-33.803,150.682,413
Government,-33.966,150.853,897
Government,-35.422,149.239,782
Government,-35.255,149.446,197
Government,-35.382,149.189,333
Independent,-32.902,151.582,35
Independent,-30.381,146.907,30
Independent,-33.852,151.032,140
Independent,-34.927,150.547,28
Independent,-33.972,150.806,485
Independent,-23.94,151.366,97
Government,-33.781,151.069,380
Government,-34.026,150.781,647
Government,-34.966,149.03,171
Government,-37.537,144.998,502
Government,-37.598,144.994,375
Government,-37.867,144.585,779
Government,-37.91,144.613,390
Government,-38.069,145.403,321
Government,-37.714,144.627,768
Government,-37.853,144.646,823
Government,-37.825,144.681,485
Government,-37.94,145.031,111
Government,-38.095,145.249,466
Government,-37.586,144.911,192
Government,-37.612,145.025,389
Government,-37.527,144.902,730
Independent,-34.841,138.622,404
Independent,-34.551,138.747,192
Independent,-33.678,150.873,37
Independent,-27.682,152.906,960
Catholic,-31.847,115.972,207
Independent,-32.17,115.924,599
Independent,-31.805,115.978,565
Catholic,-37.63,144.884,236
Catholic,-33.917,151.207,150
Government,-33.918,150.932,267
Independent,-27.455,153.013,47
Government,-27.637,152.878,361
Government,-27.666,153.304,234
Government,-35.21,149.154,210
Government,-35.149,149.11,83
Government,-31.594,115.662,288
Government,-31.824,115.979,256
Government,-36.431,148.611,283
Government,-36.431,148.611,277
Independent,-27.455,153.031,90
Independent,-28.085,153.39,315
Independent,-26.653,153.089,226
Independent,-34.455,150.828,13
Independent,-27.231,153.11,30
Independent,-31.944,115.807,531
Catholic,-33.742,151.199,70
Independent,-32.739,152.11,30
Government,-37.543,144.894,710
Government,-38.107,145.358,505
Government,-37.885,144.596,393
Government,-37.702,144.546,406
Government,-37.521,144.956,309
Government,-38.06,145.397,107
Government,-37.824,144.669,446
Government,-37.815,144.715,650
Government,-37.71,144.665,111
Government,-37.908,144.604,115
Government,-37.712,144.665,398
Government,-37.907,144.605,437
Government,-37.704,148.466,347
Government,-37.855,144.642,454
Government,-37.829,144.708,886
Independent,-19.321,146.826,26
Government,-33.687,150.898,121
Government,-33.715,150.873,210
Government,-33.7,150.802,704
Independent,-34.895,138.951,49
Catholic,-37.823,144.686,204
Independent,-37.745,144.968,72
Independent,-37.599,145.074,359
Independent,-37.902,144.663,54
Independent,-37.847,144.863,151
Independent,-38.027,145.305,155
Independent,-36.341,145.415,393
Independent,-27.56,153.083,21
Independent,-33.712,151.102,28
Government,-27.624,152.864,256
Government,-27.704,153.084,636
Government,-37.921,145.123,0
Independent,-32.929,151.765,79
Catholic,-35.137,138.49,137
Independent,-33.639,115.102,48
Independent,-32.471,115.756,54
Government,-33.909,151.207,107
Government,-33.7,150.803,776
Government,-33.642,150.892,271
Government,-33.824,151.082,188
Government,-33.923,151.239,1461
Government,-34.023,150.77,87
Independent,-37.648,145.019,65
Government,-41.37,147.052,144
Government,-42.704,147.247,133
Independent,-24.855,152.376,14
Independent,-27.634,153.136,1615
Independent,-28.851,153.458,26
Independent,-27.484,152.992,33
Government,-37.834,144.641,219
Government,-38.187,144.338,95
Government,-38.056,145.448,115
Government,-38.102,145.338,226
Government,-38.082,145.353,203
Government,-37.618,145.037,111
Government,-38.092,145.369,233
Independent,-17.572,125.067,50
Catholic,-37.6,144.991,111
Independent,-38.709,146.196,16
Independent,-37.718,145.06,62
Independent,-37.811,144.865,19
Catholic,-38.111,145.365,121
Independent,-38.101,145.823,1765
Independent,-37.883,145.293,21
Independent,-27.471,153.006,58
Independent,-27.664,153.043,586
Independent,-37.301,144.953,25
Independent,-12.765,133.845,34
